id,product,category,amount,sale_date,quantity,customer_id,store_location
1,Laptop,Electronics,1200.50,2023-01-01,1,101,"New York"
2,Smartphone,Electronics,800.00,2023-01-03,2,102,"Los Angeles"
3,Tablet,Electronics,300.00,2023-01-05,1,103,"New York"
4,Desk,Furniture,150.00,2023-01-02,3,104,Chicago
5,Chair,Furniture,85.00,2023-01-04,4,105,"Los Angeles"
6,Sofa,Furniture,500.00,2023-01-06,1,106,Chicago
7,Monitor,Electronics,200.00,2023-02-01,2,107,"New York"
8,Keyboard,Electronics,50.00,2023-02-03,1,108,"New York"
9,Mouse,Electronics,25.00,2023-02-05,3,109,"Los Angeles"
10,Bookshelf,Furniture,120.00,2023-02-07,2,110,Chicago
11,Bed,Furniture,700.00,2023-02-09,1,111,"New York"
12,"Table Lamp",Furniture,45.00,2023-02-11,4,112,"Los Angeles"
13,Shoes,Clothing,674.88,2023-03-22,3,348,Miami
14,Bed,Furniture,669.23,2023-06-24,9,173,"New York"
15,"Board Game",Toys,361.01,2023-01-23,6,145,Miami
16,Bed,Furniture,894.66,2023-02-10,5,276,Chicago
17,Shoes,Clothing,217.81,2023-03-11,3,90,"New York"
18,"Board Game",Toys,545.73,2023-02-20,8,494,Houston
19,Bookshelf,Furniture,765.48,2023-06-16,4,456,Chicago
20,"Action Figure",Toys,54.60,2023-05-09,4,414,Miami
21,"Coffee Table",Furniture,761.52,2023-04-12,6,474,"New York"
22,"Action Figure",Toys,951.41,2023-03-01,9,10,Houston
23,"Coffee Table",Furniture,799.46,2023-04-29,9,241,Houston
24,Wardrobe,Furniture,651.40,2023-05-05,5,199,Chicago
25,Sofa,Furniture,33.95,2023-04-05,6,499,Chicago
26,Wardrobe,Furniture,472.73,2023-06-04,9,403,"Los Angeles"
27,Jacket,Clothing,506.94,2023-04-21,6,429,Houston
28,"Art Book",Books,103.13,2023-06-02,10,77,Miami
29,Bed,Furniture,393.39,2023-05-03,3,22,Chicago
30,"Art Book",Books,33.05,2023-05-02,3,166,Miami
31,"Table Lamp",Furniture,984.57,2023-03-06,9,47,Miami
32,Shoes,Clothing,490.89,2023-06-26,5,119,Miami
33,"History Book",Books,451.40,2023-02-04,7,251,Houston
34,"Art Book",Books,995.22,2023-03-14,1,494,Miami
35,Laptop,Electronics,364.97,2023-03-12,9,79,"New York"
36,Jacket,Clothing,840.66,2023-02-27,1,192,Houston
37,Wardrobe,Furniture,128.88,2023-01-10,9,86,"Los Angeles"
38,"Fiction Book",Books,576.07,2023-02-24,8,11,Houston
39,"Fiction Book",Books,597.61,2023-04-22,3,318,"Los Angeles"
40,Jacket,Clothing,930.66,2023-04-15,2,410,Houston
41,Bookshelf,Furniture,680.42,2023-03-17,1,31,"New York"
42,"Table Lamp",Furniture,452.57,2023-05-12,3,114,"Los Angeles"
43,"Art Book",Books,448.18,2023-03-13,7,29,"Los Angeles"
44,Dress,Clothing,858.61,2023-06-10,9,350,Miami
45,"Coffee Table",Furniture,124.84,2023-02-12,9,156,"New York"
46,"Science Book",Books,852.81,2023-06-23,3,221,"Los Angeles"
47,"Fiction Book",Books,901.36,2023-06-20,1,162,Chicago
48,Dress,Clothing,464.31,2023-06-23,5,147,"New York"
49,"Remote Control Car",Toys,675.39,2023-05-29,2,31,Miami
50,"History Book",Books,967.77,2023-06-26,10,499,"New York"
51,Smartwatch,Electronics,865.66,2023-03-03,2,244,"New York"
52,Mouse,Electronics,262.75,2023-04-20,3,250,Houston
53,"Remote Control Car",Toys,239.04,2023-05-02,7,157,Chicago
54,Puzzle,Toys,465.03,2023-04-01,2,50,"New York"
55,Bookshelf,Furniture,906.47,2023-03-03,1,488,Miami
56,Dress,Clothing,235.88,2023-05-03,7,203,Miami
57,T-shirt,Clothing,321.31,2023-04-14,10,417,Chicago
58,"Art Book",Books,579.17,2023-02-06,3,412,"Los Angeles"
59,"Fiction Book",Books,574.50,2023-02-25,9,87,Chicago
60,Jeans,Clothing,16.04,2023-01-30,8,183,Chicago
61,Jacket,Clothing,588.79,2023-04-09,10,131,"Los Angeles"
62,Speaker,Electronics,709.31,2023-05-09,5,55,"New York"
63,"Science Book",Books,7.70,2023-02-23,5,220,Houston
64,"Art Book",Books,906.61,2023-04-13,2,473,"Los Angeles"
65,"Action Figure",Toys,209.89,2023-04-25,6,407,Chicago
66,"Non-fiction Book",Books,405.55,2023-01-16,3,394,"Los Angeles"
67,Smartphone,Electronics,520.17,2023-04-09,2,120,Houston
68,"Fiction Book",Books,415.82,2023-06-18,5,157,"Los Angeles"
69,Jacket,Clothing,291.64,2023-01-23,8,198,Houston
70,"Coffee Table",Furniture,789.68,2023-04-15,6,437,Miami
71,"Table Lamp",Furniture,490.25,2023-06-04,9,294,Chicago
72,Dresser,Furniture,259.73,2023-02-11,4,67,Chicago
73,Jacket,Clothing,650.46,2023-03-18,2,287,"Los Angeles"
74,Tablet,Electronics,896.01,2023-06-01,6,58,Miami
75,Shoes,Clothing,964.10,2023-01-01,2,278,Chicago
76,Jeans,Clothing,266.32,2023-02-05,2,199,"Los Angeles"
77,"Science Book",Books,452.57,2023-04-30,10,399,"New York"
78,Keyboard,Electronics,964.14,2023-03-04,9,70,"New York"
79,T-shirt,Clothing,82.90,2023-06-27,7,216,"New York"
80,Chair,Furniture,937.97,2023-02-01,1,410,Miami
81,"Action Figure",Toys,908.99,2023-01-13,7,433,Chicago
82,"Board Game",Toys,509.19,2023-05-23,5,397,Houston
83,Puzzle,Toys,517.57,2023-04-19,5,275,"Los Angeles"
84,"Remote Control Car",Toys,624.22,2023-03-11,1,88,Houston
85,Doll,Toys,487.75,2023-05-29,7,404,"New York"
86,Doll,Toys,961.89,2023-05-25,2,98,Houston
87,Jacket,Clothing,782.60,2023-06-19,4,466,Houston
88,Bookshelf,Furniture,172.16,2023-05-11,2,196,Houston
89,"Board Game",Toys,206.92,2023-02-28,1,41,"Los Angeles"
90,Shoes,Clothing,492.33,2023-06-12,1,248,"Los Angeles"
91,Sofa,Furniture,564.16,2023-01-02,4,348,Chicago
92,Keyboard,Electronics,607.22,2023-05-25,2,248,Miami
93,Laptop,Electronics,319.91,2023-01-10,3,154,Houston
94,Wardrobe,Furniture,278.27,2023-05-17,10,249,Houston
95,"Non-fiction Book",Books,494.12,2023-04-26,8,336,"New York"
96,Doll,Toys,449.22,2023-03-18,8,314,Houston
97,Smartphone,Electronics,194.86,2023-05-03,9,47,Miami
98,"Non-fiction Book",Books,182.24,2023-02-17,8,24,Miami
99,Shoes,Clothing,824.22,2023-03-23,9,327,Miami
100,Nightstand,Furniture,725.52,2023-06-05,2,43,"New York"
101,Doll,Toys,784.95,2023-01-16,1,50,"Los Angeles"
102,Headphones,Electronics,346.28,2023-04-03,6,30,Houston
103,Jeans,Clothing,364.09,2023-04-30,3,79,"New York"
104,Puzzle,Toys,297.57,2023-04-07,8,182,Chicago
105,Speaker,Electronics,818.59,2023-01-18,1,450,"Los Angeles"
106,Camera,Electronics,693.97,2023-06-11,4,135,"New York"
107,Headphones,Electronics,629.59,2023-06-06,5,359,"New York"
108,"Non-fiction Book",Books,364.56,2023-05-25,10,72,Miami
109,Jacket,Clothing,490.38,2023-04-24,7,267,Houston
110,Jeans,Clothing,398.10,2023-06-25,7,250,Chicago
111,"Fiction Book",Books,542.92,2023-03-05,2,329,Miami
112,Nightstand,Furniture,673.97,2023-04-25,2,442,Miami
113,Mouse,Electronics,398.37,2023-03-18,10,182,"New York"
114,Monitor,Electronics,395.04,2023-06-26,8,320,"New York"
115,Bed,Furniture,403.98,2023-04-17,8,7,Houston
116,"Action Figure",Toys,830.72,2023-06-02,8,119,Miami
117,"Board Game",Toys,365.56,2023-01-09,2,251,"New York"
118,Tablet,Electronics,694.19,2023-06-02,2,97,Chicago
119,Smartwatch,Electronics,325.48,2023-04-06,7,405,"New York"
120,"Art Book",Books,147.08,2023-05-18,4,300,Miami
121,Shoes,Clothing,298.44,2023-04-18,1,307,Miami
122,Nightstand,Furniture,103.48,2023-04-05,4,474,Miami
123,Nightstand,Furniture,913.06,2023-05-07,8,381,Chicago
124,Tablet,Electronics,819.13,2023-03-05,3,220,"Los Angeles"
125,Speaker,Electronics,419.42,2023-01-23,4,244,"Los Angeles"
126,Smartwatch,Electronics,833.04,2023-02-15,8,62,"Los Angeles"
127,Monitor,Electronics,776.14,2023-05-12,4,220,"Los Angeles"
128,"Fiction Book",Books,622.27,2023-04-11,10,462,Miami
129,T-shirt,Clothing,671.15,2023-02-07,1,251,Chicago
130,"Art Book",Books,870.55,2023-03-24,7,5,"New York"
131,Laptop,Electronics,611.08,2023-04-23,3,281,Miami
132,Monitor,Electronics,531.71,2023-05-04,9,49,Miami
133,"Science Book",Books,44.71,2023-06-25,8,366,Chicago
134,Tablet,Electronics,824.86,2023-03-14,6,236,Houston
135,Bed,Furniture,100.48,2023-02-13,10,402,"Los Angeles"
136,Mouse,Electronics,561.92,2023-01-19,9,414,Houston
137,"Art Book",Books,446.26,2023-03-05,5,40,"New York"
138,Sofa,Furniture,127.20,2023-01-02,7,126,"Los Angeles"
139,"History Book",Books,361.19,2023-05-06,5,473,Chicago
140,"Art Book",Books,94.87,2023-01-05,9,54,"New York"
141,"Action Figure",Toys,616.12,2023-01-07,4,263,Houston
142,"Non-fiction Book",Books,730.57,2023-04-25,10,4,"New York"
143,Shoes,Clothing,781.65,2023-03-31,2,99,Chicago
144,Dresser,Furniture,253.80,2023-03-21,5,448,"New York"
145,Headphones,Electronics,498.63,2023-03-03,3,21,Chicago
146,"Art Book",Books,24.77,2023-04-26,2,355,"New York"
147,"Fiction Book",Books,957.93,2023-05-16,9,84,"New York"
148,Dress,Clothing,204.71,2023-04-13,3,242,Houston
149,Laptop,Electronics,644.67,2023-05-14,8,329,Miami
150,"Fiction Book",Books,57.96,2023-01-07,1,478,Houston
151,"Remote Control Car",Toys,663.19,2023-06-07,4,127,"New York"
152,Doll,Toys,669.11,2023-03-21,3,369,"New York"
153,Speaker,Electronics,673.65,2023-04-07,7,327,"Los Angeles"
154,"Fiction Book",Books,640.60,2023-06-16,8,394,Houston
155,Jacket,Clothing,233.12,2023-03-05,1,149,"Los Angeles"
156,Dress,Clothing,229.49,2023-04-12,2,2,Chicago
157,"Action Figure",Toys,405.24,2023-05-31,10,164,Houston
158,"Non-fiction Book",Books,318.14,2023-05-14,8,285,Chicago
159,Speaker,Electronics,429.65,2023-02-14,10,11,"Los Angeles"
160,Smartphone,Electronics,893.23,2023-02-12,6,422,Houston
161,Doll,Toys,19.48,2023-01-21,6,91,"Los Angeles"
162,Shoes,Clothing,452.86,2023-03-18,8,301,Houston
163,Shoes,Clothing,611.24,2023-03-22,4,314,Miami
164,Puzzle,Toys,558.47,2023-05-29,5,416,Houston
165,Bed,Furniture,163.99,2023-03-30,10,180,Miami
166,Sofa,Furniture,264.43,2023-03-23,5,5,Houston
167,Mouse,Electronics,541.03,2023-01-05,6,241,Miami
168,"Remote Control Car",Toys,605.80,2023-03-25,5,32,Miami
169,Smartwatch,Electronics,70.50,2023-03-23,1,425,"New York"
170,Smartphone,Electronics,131.33,2023-03-15,7,17,"Los Angeles"
171,"Action Figure",Toys,676.44,2023-01-14,4,236,"Los Angeles"
172,Bookshelf,Furniture,966.31,2023-05-17,9,105,"Los Angeles"
173,Smartwatch,Electronics,726.26,2023-05-15,6,288,"New York"
174,Monitor,Electronics,120.08,2023-04-22,8,385,Houston
175,Monitor,Electronics,375.17,2023-06-16,6,390,"Los Angeles"
176,T-shirt,Clothing,489.58,2023-06-20,3,269,Miami
177,"History Book",Books,445.99,2023-02-05,7,353,Chicago
178,"Non-fiction Book",Books,108.31,2023-03-12,7,492,"New York"
179,Smartwatch,Electronics,912.06,2023-04-10,1,234,"Los Angeles"
180,Puzzle,Toys,919.95,2023-03-18,4,284,Houston
181,"Board Game",Toys,466.38,2023-06-27,6,375,"New York"
182,Sofa,Furniture,511.45,2023-04-29,8,407,Houston
183,T-shirt,Clothing,271.20,2023-06-09,7,209,"Los Angeles"
184,"Action Figure",Toys,487.56,2023-02-09,7,229,Chicago
185,"Non-fiction Book",Books,650.89,2023-01-29,9,382,"Los Angeles"
186,Keyboard,Electronics,209.73,2023-04-22,5,255,"New York"
187,Laptop,Electronics,218.64,2023-05-23,3,62,Houston
188,Nightstand,Furniture,291.17,2023-03-25,5,419,Miami
189,"Fiction Book",Books,176.82,2023-05-03,9,149,Miami
190,Shoes,Clothing,313.73,2023-04-25,3,126,Chicago
191,Mouse,Electronics,761.13,2023-01-10,10,371,Houston
192,Jacket,Clothing,534.40,2023-05-05,9,90,"Los Angeles"
193,Speaker,Electronics,138.57,2023-06-03,9,354,Miami
194,"Art Book",Books,791.51,2023-04-08,4,24,"Los Angeles"
195,Keyboard,Electronics,155.05,2023-03-18,7,32,"Los Angeles"
196,Nightstand,Furniture,472.24,2023-04-20,7,172,Miami
197,Smartwatch,Electronics,329.58,2023-04-20,1,248,"Los Angeles"
198,Puzzle,Toys,453.44,2023-03-12,7,435,Chicago
199,Doll,Toys,434.65,2023-03-10,7,455,Houston
200,"Remote Control Car",Toys,451.80,2023-02-25,2,488,"Los Angeles"
201,"Art Book",Books,871.66,2023-06-02,7,284,Miami
202,Headphones,Electronics,481.99,2023-01-14,10,226,Chicago
203,"Remote Control Car",Toys,399.56,2023-06-29,8,499,Chicago
204,"Remote Control Car",Toys,822.09,2023-03-01,2,485,"Los Angeles"
205,Jeans,Clothing,396.55,2023-06-25,7,259,Chicago
206,Mouse,Electronics,829.68,2023-03-15,6,240,Houston
207,Shoes,Clothing,205.20,2023-02-23,9,219,Chicago
208,"Science Book",Books,481.51,2023-06-19,3,249,Houston
209,Puzzle,Toys,890.11,2023-02-01,3,270,"New York"
210,"Fiction Book",Books,516.55,2023-02-24,10,438,Chicago
211,"Action Figure",Toys,642.33,2023-06-23,10,313,Chicago
212,Headphones,Electronics,32.59,2023-06-29,9,214,Chicago
213,Monitor,Electronics,237.90,2023-01-28,1,412,Miami
214,Bed,Furniture,634.96,2023-05-09,7,108,"New York"
215,"Fiction Book",Books,220.56,2023-01-04,5,57,"Los Angeles"
216,"Action Figure",Toys,708.82,2023-01-26,6,271,Miami
217,Doll,Toys,51.91,2023-04-25,1,98,Miami
218,Doll,Toys,224.86,2023-03-12,3,113,"Los Angeles"
219,"Art Book",Books,195.05,2023-02-26,10,464,Houston
220,"Remote Control Car",Toys,966.53,2023-02-06,2,480,Chicago
221,"Table Lamp",Furniture,613.56,2023-03-16,3,454,Miami
222,Shoes,Clothing,413.78,2023-01-21,4,145,Chicago
223,Shoes,Clothing,541.93,2023-05-10,10,332,Chicago
224,Monitor,Electronics,377.34,2023-05-31,1,398,Houston
225,Jeans,Clothing,157.69,2023-05-10,2,209,Houston
226,T-shirt,Clothing,454.81,2023-05-12,3,97,"New York"
227,Laptop,Electronics,614.75,2023-03-28,6,189,"New York"
228,"Board Game",Toys,87.95,2023-06-15,4,472,Houston
229,"Art Book",Books,134.52,2023-05-05,1,100,Miami
230,Jeans,Clothing,756.31,2023-06-17,4,43,"Los Angeles"
231,Bookshelf,Furniture,861.11,2023-03-05,2,406,Chicago
232,Dresser,Furniture,433.76,2023-02-16,10,109,"New York"
233,"Science Book",Books,588.23,2023-02-08,3,414,"Los Angeles"
234,Doll,Toys,971.44,2023-01-03,2,368,"Los Angeles"
235,Puzzle,Toys,610.94,2023-01-28,10,72,Miami
236,Wardrobe,Furniture,318.10,2023-06-25,10,336,Chicago
237,"Action Figure",Toys,511.14,2023-02-22,10,375,Miami
238,"Fiction Book",Books,36.67,2023-04-27,2,320,Miami
239,Desk,Furniture,475.89,2023-01-19,1,80,Chicago
240,Camera,Electronics,79.49,2023-05-26,8,278,"Los Angeles"
241,Bookshelf,Furniture,745.83,2023-05-13,5,13,Houston
242,"Remote Control Car",Toys,987.39,2023-02-07,1,384,Houston
243,"History Book",Books,486.28,2023-02-18,9,334,Houston
244,Sofa,Furniture,492.35,2023-05-14,3,452,Miami
245,Shoes,Clothing,113.90,2023-05-29,8,233,Miami
246,Desk,Furniture,213.36,2023-05-31,6,123,Chicago
247,Camera,Electronics,716.78,2023-01-31,8,18,"New York"
248,Keyboard,Electronics,957.70,2023-03-13,2,200,Houston
249,"Action Figure",Toys,301.13,2023-03-02,8,430,Miami
250,"Table Lamp",Furniture,826.04,2023-04-02,1,400,Miami
251,"History Book",Books,361.49,2023-06-11,4,144,"Los Angeles"
252,Jeans,Clothing,56.80,2023-04-05,5,356,"New York"
253,"Non-fiction Book",Books,383.01,2023-06-09,3,362,Houston
254,"Science Book",Books,916.65,2023-02-18,6,67,Miami
255,Speaker,Electronics,409.14,2023-01-28,6,110,Chicago
256,"Science Book",Books,927.26,2023-02-18,6,2,"Los Angeles"
257,"Non-fiction Book",Books,90.87,2023-06-03,10,189,Miami
258,Jacket,Clothing,281.41,2023-01-22,8,222,Miami
259,Wardrobe,Furniture,156.26,2023-02-25,1,192,Houston
260,Jeans,Clothing,299.57,2023-03-13,1,102,Houston
261,Chair,Furniture,927.43,2023-01-25,9,34,Houston
262,Monitor,Electronics,440.10,2023-02-12,9,313,Chicago
263,"Fiction Book",Books,689.03,2023-06-07,4,457,Houston
264,Jeans,Clothing,475.20,2023-02-18,10,386,"New York"
265,Wardrobe,Furniture,328.33,2023-02-13,3,188,"Los Angeles"
266,"Action Figure",Toys,793.53,2023-04-13,5,323,Miami
267,Laptop,Electronics,288.51,2023-01-13,5,125,Houston
268,Laptop,Electronics,268.42,2023-01-07,4,409,Miami
269,Laptop,Electronics,358.55,2023-02-10,1,289,Houston
270,"Board Game",Toys,262.48,2023-01-19,8,154,"Los Angeles"
271,"Board Game",Toys,774.89,2023-03-04,5,13,Miami
272,Desk,Furniture,405.35,2023-05-16,6,268,Miami
273,Wardrobe,Furniture,257.71,2023-04-30,6,368,"New York"
274,"Remote Control Car",Toys,186.84,2023-03-21,7,450,Chicago
275,Camera,Electronics,126.40,2023-06-20,4,457,Chicago
276,Puzzle,Toys,598.95,2023-01-25,9,17,Chicago
277,Bed,Furniture,976.08,2023-04-20,2,348,"New York"
278,"Non-fiction Book",Books,834.47,2023-04-07,2,152,Miami
279,Puzzle,Toys,469.89,2023-03-21,8,306,Houston
280,"Non-fiction Book",Books,299.60,2023-05-07,7,8,"New York"
281,"Action Figure",Toys,819.20,2023-05-07,1,93,Houston
282,Headphones,Electronics,954.55,2023-04-29,5,67,Chicago
283,"Art Book",Books,443.25,2023-04-27,10,300,"Los Angeles"
284,Shoes,Clothing,306.55,2023-04-07,8,85,Chicago
285,Sofa,Furniture,2.72,2023-02-23,5,272,"Los Angeles"
286,"Non-fiction Book",Books,839.22,2023-02-02,4,208,Miami
287,"Table Lamp",Furniture,883.97,2023-06-03,7,244,Houston
288,T-shirt,Clothing,568.41,2023-04-30,7,40,Chicago
289,Shoes,Clothing,146.06,2023-06-13,2,406,Houston
290,Nightstand,Furniture,169.22,2023-06-15,1,361,"Los Angeles"
291,Desk,Furniture,69.75,2023-02-04,8,83,Chicago
292,Jeans,Clothing,400.36,2023-01-03,9,157,Miami
293,"Fiction Book",Books,377.83,2023-03-18,10,328,"Los Angeles"
294,"Fiction Book",Books,67.93,2023-05-18,7,413,"Los Angeles"
295,"Fiction Book",Books,532.02,2023-01-23,1,372,Houston
296,Smartphone,Electronics,320.48,2023-03-15,1,102,Houston
297,Mouse,Electronics,192.07,2023-03-06,3,16,Chicago
298,Bookshelf,Furniture,627.85,2023-01-20,7,476,Houston
299,Laptop,Electronics,250.77,2023-06-17,10,374,"New York"
300,"Art Book",Books,292.92,2023-05-01,5,139,"New York"
301,Bookshelf,Furniture,694.17,2023-04-12,8,480,Houston
302,Smartphone,Electronics,617.05,2023-01-02,2,447,Miami
303,"Remote Control Car",Toys,373.40,2023-03-12,9,24,Houston
304,Dresser,Furniture,336.69,2023-04-26,2,26,Houston
305,Desk,Furniture,658.37,2023-01-20,6,229,Houston
306,"History Book",Books,452.97,2023-01-20,2,297,Chicago
307,Sofa,Furniture,417.84,2023-02-22,3,86,"Los Angeles"
308,"Science Book",Books,352.08,2023-03-17,1,3,Miami
309,Nightstand,Furniture,623.65,2023-03-15,2,299,Chicago
310,"Art Book",Books,851.42,2023-02-22,10,335,Houston
311,Keyboard,Electronics,191.55,2023-04-06,1,378,Chicago
312,Jeans,Clothing,319.60,2023-06-21,9,91,Chicago
313,"Remote Control Car",Toys,840.25,2023-04-07,2,99,Chicago
314,"Action Figure",Toys,937.03,2023-02-13,5,161,"Los Angeles"
315,Doll,Toys,859.52,2023-03-13,5,410,Miami
316,Monitor,Electronics,784.92,2023-05-31,9,335,Miami
317,Keyboard,Electronics,462.10,2023-01-19,2,162,"Los Angeles"
318,Bookshelf,Furniture,12.41,2023-01-16,4,328,"New York"
319,"Fiction Book",Books,269.38,2023-01-25,9,499,"Los Angeles"
320,"Science Book",Books,415.16,2023-04-11,6,26,Houston
321,"Remote Control Car",Toys,796.29,2023-02-01,5,437,Miami
322,Monitor,Electronics,785.66,2023-05-24,7,360,Houston
323,Jeans,Clothing,839.64,2023-03-16,6,245,Miami
324,Jeans,Clothing,191.91,2023-06-01,7,320,"Los Angeles"
325,Shoes,Clothing,746.90,2023-01-17,3,416,Chicago
326,Doll,Toys,493.30,2023-05-01,9,153,Miami
327,"Fiction Book",Books,77.31,2023-01-25,5,416,Miami
328,Jeans,Clothing,26.66,2023-01-23,6,149,Miami
329,T-shirt,Clothing,893.35,2023-01-24,10,219,"Los Angeles"
330,Camera,Electronics,731.59,2023-01-31,7,347,Chicago
331,"History Book",Books,417.45,2023-01-07,10,287,"New York"
332,Jacket,Clothing,511.76,2023-04-26,7,205,"New York"
333,Speaker,Electronics,663.47,2023-03-29,5,372,"Los Angeles"
334,"History Book",Books,747.40,2023-06-15,4,18,"New York"
335,"Table Lamp",Furniture,753.90,2023-01-09,10,374,Houston
336,"Non-fiction Book",Books,542.36,2023-04-25,6,422,Chicago
337,Wardrobe,Furniture,416.75,2023-03-25,1,480,Chicago
338,Keyboard,Electronics,235.28,2023-05-16,1,20,"New York"
339,Puzzle,Toys,754.85,2023-04-20,8,11,Miami
340,Doll,Toys,682.50,2023-04-02,6,490,"Los Angeles"
341,Speaker,Electronics,733.99,2023-05-20,7,44,"Los Angeles"
342,"Non-fiction Book",Books,63.59,2023-04-30,2,305,Houston
343,"Fiction Book",Books,167.52,2023-05-31,7,413,"New York"
344,Mouse,Electronics,192.51,2023-02-24,10,395,"New York"
345,Nightstand,Furniture,90.21,2023-04-01,3,373,Miami
346,"Non-fiction Book",Books,252.49,2023-04-14,2,459,"New York"
347,"Table Lamp",Furniture,55.89,2023-04-25,1,96,Miami
348,Puzzle,Toys,979.79,2023-05-12,8,177,Houston
349,Camera,Electronics,832.58,2023-04-14,4,108,Miami
350,Puzzle,Toys,668.97,2023-03-08,9,65,"New York"
351,Monitor,Electronics,293.49,2023-03-24,5,337,"New York"
352,"Art Book",Books,602.57,2023-02-15,5,252,"New York"
353,Desk,Furniture,305.36,2023-03-12,1,3,Miami
354,T-shirt,Clothing,134.39,2023-01-24,3,444,Houston
355,"Non-fiction Book",Books,750.25,2023-05-06,3,14,Chicago
356,Wardrobe,Furniture,694.52,2023-05-22,9,462,"New York"
357,T-shirt,Clothing,187.44,2023-04-22,6,413,Chicago
358,Camera,Electronics,206.08,2023-03-05,2,335,Miami
359,Shoes,Clothing,48.61,2023-03-24,2,199,Chicago
360,Bookshelf,Furniture,730.56,2023-04-05,5,278,Chicago
361,Puzzle,Toys,726.70,2023-05-08,4,343,"Los Angeles"
362,"Fiction Book",Books,676.81,2023-01-11,3,50,Houston
363,Dresser,Furniture,981.38,2023-01-13,4,381,Houston
364,Doll,Toys,418.83,2023-06-12,3,276,"New York"
365,Wardrobe,Furniture,922.82,2023-02-07,3,369,Miami
366,Smartphone,Electronics,731.95,2023-04-18,8,75,"Los Angeles"
367,T-shirt,Clothing,567.97,2023-02-15,6,42,Houston
368,Bookshelf,Furniture,657.58,2023-03-10,10,264,Miami
369,Jeans,Clothing,45.82,2023-02-02,8,138,"New York"
370,"History Book",Books,123.25,2023-02-13,9,252,Miami
371,Wardrobe,Furniture,257.86,2023-05-05,7,182,Houston
372,"Fiction Book",Books,355.67,2023-04-13,8,94,Chicago
373,Jeans,Clothing,546.04,2023-04-23,5,257,"New York"
374,Tablet,Electronics,776.03,2023-02-03,7,254,Houston
375,Puzzle,Toys,356.82,2023-06-06,3,417,"Los Angeles"
376,"Remote Control Car",Toys,859.31,2023-03-21,7,424,"Los Angeles"
377,Keyboard,Electronics,188.40,2023-03-24,8,126,"New York"
378,"Art Book",Books,824.04,2023-02-20,10,417,"Los Angeles"
379,Bed,Furniture,280.88,2023-01-16,6,362,Miami
380,"Action Figure",Toys,140.51,2023-01-27,4,65,Houston
381,Mouse,Electronics,215.09,2023-04-04,10,123,"Los Angeles"
382,Puzzle,Toys,869.71,2023-01-21,10,241,Chicago
383,Smartphone,Electronics,923.13,2023-03-22,5,3,Houston
384,Keyboard,Electronics,117.06,2023-02-06,7,379,Houston
385,Jeans,Clothing,330.50,2023-03-30,5,449,"New York"
386,Jacket,Clothing,193.07,2023-04-15,4,462,Houston
387,"Table Lamp",Furniture,29.32,2023-03-18,1,445,"Los Angeles"
388,Monitor,Electronics,451.70,2023-02-14,9,360,Miami
389,Jeans,Clothing,416.91,2023-01-16,2,331,Houston
390,"History Book",Books,826.00,2023-02-12,7,386,Houston
391,Jeans,Clothing,32.29,2023-02-05,9,437,Houston
392,"Art Book",Books,96.10,2023-05-26,8,157,"Los Angeles"
393,"Science Book",Books,408.36,2023-04-08,5,414,Houston
394,"Action Figure",Toys,216.72,2023-05-01,7,245,"Los Angeles"
395,Sofa,Furniture,408.45,2023-03-03,5,198,Chicago
396,Jacket,Clothing,827.19,2023-02-14,8,491,Houston
397,T-shirt,Clothing,177.88,2023-04-23,6,38,Houston
398,Doll,Toys,888.20,2023-04-24,5,301,Chicago
399,"Fiction Book",Books,147.92,2023-04-13,4,128,"New York"
400,"Non-fiction Book",Books,493.12,2023-03-25,9,409,Chicago
401,Desk,Furniture,195.23,2023-05-31,7,261,Houston
402,Bed,Furniture,186.27,2023-04-13,3,349,Houston
403,Headphones,Electronics,273.87,2023-01-30,10,247,Chicago
404,"Action Figure",Toys,731.66,2023-03-12,8,329,Miami
405,Puzzle,Toys,73.52,2023-01-04,9,166,"New York"
406,Mouse,Electronics,242.95,2023-04-29,6,419,Chicago
407,Doll,Toys,978.65,2023-05-16,9,439,Miami
408,Puzzle,Toys,731.98,2023-04-27,1,121,"New York"
409,"Science Book",Books,368.30,2023-02-13,2,413,Houston
410,Shoes,Clothing,557.06,2023-05-25,4,131,"Los Angeles"
411,"Art Book",Books,988.89,2023-03-12,10,403,"New York"
412,"History Book",Books,418.75,2023-06-03,1,241,"Los Angeles"
413,T-shirt,Clothing,327.36,2023-02-09,2,473,"Los Angeles"
414,Puzzle,Toys,806.20,2023-05-27,7,394,"New York"
415,"Non-fiction Book",Books,390.27,2023-01-25,6,55,"New York"
416,"Action Figure",Toys,168.22,2023-03-15,6,256,Miami
417,Monitor,Electronics,758.83,2023-05-07,3,61,Miami
418,"Action Figure",Toys,859.60,2023-06-08,9,260,"New York"
419,Doll,Toys,875.54,2023-03-12,4,223,"Los Angeles"
420,"Remote Control Car",Toys,683.65,2023-05-12,7,436,Chicago
421,Doll,Toys,317.44,2023-06-07,5,261,"Los Angeles"
422,Smartphone,Electronics,432.37,2023-06-10,2,60,"New York"
423,Wardrobe,Furniture,664.37,2023-05-02,4,434,"Los Angeles"
424,Dress,Clothing,966.40,2023-04-03,7,428,"Los Angeles"
425,Jeans,Clothing,583.92,2023-01-19,8,233,"New York"
426,"Board Game",Toys,330.82,2023-03-13,10,380,Miami
427,Puzzle,Toys,44.09,2023-01-17,4,169,Houston
428,Shoes,Clothing,356.75,2023-02-22,4,15,"New York"
429,Puzzle,Toys,751.07,2023-04-18,8,445,"Los Angeles"
430,Shoes,Clothing,697.74,2023-06-21,7,231,"Los Angeles"
431,Speaker,Electronics,269.85,2023-03-25,6,84,"Los Angeles"
432,"Action Figure",Toys,210.05,2023-06-21,2,395,Chicago
433,Dress,Clothing,242.06,2023-05-02,7,99,"New York"
434,"Non-fiction Book",Books,84.95,2023-05-17,6,176,"New York"
435,Puzzle,Toys,257.28,2023-06-25,2,318,Miami
436,Wardrobe,Furniture,345.36,2023-02-13,2,55,"New York"
437,"Board Game",Toys,420.52,2023-05-25,8,161,"Los Angeles"
438,Doll,Toys,861.11,2023-03-14,5,468,"Los Angeles"
439,Keyboard,Electronics,56.70,2023-05-27,10,51,Houston
440,Dress,Clothing,51.41,2023-04-16,8,80,Chicago
441,"Non-fiction Book",Books,714.74,2023-03-14,9,85,"Los Angeles"
442,Jeans,Clothing,662.02,2023-03-23,3,16,"Los Angeles"
443,Dress,Clothing,364.97,2023-01-17,4,281,Houston
444,"Action Figure",Toys,559.49,2023-05-21,3,420,Chicago
445,"Action Figure",Toys,638.37,2023-06-26,10,490,Miami
446,"Fiction Book",Books,959.90,2023-04-23,3,170,Miami
447,Doll,Toys,879.75,2023-04-11,2,72,"Los Angeles"
448,"History Book",Books,390.81,2023-06-15,5,174,Chicago
449,Sofa,Furniture,140.61,2023-01-05,8,222,"New York"
450,Smartwatch,Electronics,731.62,2023-04-30,2,346,"New York"
451,Mouse,Electronics,485.60,2023-05-03,10,336,Chicago
452,"History Book",Books,219.85,2023-02-06,4,110,Miami
453,"Table Lamp",Furniture,981.42,2023-01-28,9,337,Miami
454,Dress,Clothing,781.06,2023-05-05,2,271,"Los Angeles"
455,Laptop,Electronics,608.99,2023-04-25,4,416,"New York"
456,Laptop,Electronics,241.08,2023-06-11,8,60,"Los Angeles"
457,Desk,Furniture,730.79,2023-03-23,1,21,Miami
458,"History Book",Books,985.37,2023-01-13,4,377,Chicago
459,"History Book",Books,342.77,2023-04-30,3,242,Chicago
460,Monitor,Electronics,197.76,2023-06-18,1,299,Houston
461,"Board Game",Toys,281.09,2023-01-30,10,200,"New York"
462,Monitor,Electronics,544.64,2023-04-17,4,445,Chicago
463,Dress,Clothing,670.21,2023-06-18,7,285,Miami
464,Bed,Furniture,979.62,2023-04-25,3,168,Miami
465,"Non-fiction Book",Books,887.60,2023-03-10,3,499,"Los Angeles"
466,Shoes,Clothing,501.13,2023-01-03,6,377,"New York"
467,"Coffee Table",Furniture,176.48,2023-04-19,5,293,Chicago
468,"Art Book",Books,909.34,2023-04-10,1,268,Chicago
469,Laptop,Electronics,471.19,2023-05-18,4,353,"Los Angeles"
470,Jacket,Clothing,57.96,2023-01-13,2,323,Houston
471,"Fiction Book",Books,146.47,2023-05-09,2,240,"New York"
472,"Non-fiction Book",Books,603.07,2023-01-06,4,313,"New York"
473,Jacket,Clothing,597.52,2023-06-23,1,149,"Los Angeles"
474,Puzzle,Toys,487.03,2023-03-17,7,490,Miami
475,"Action Figure",Toys,541.12,2023-01-23,1,331,"Los Angeles"
476,Jeans,Clothing,156.22,2023-06-15,2,441,"New York"
477,Jeans,Clothing,130.88,2023-05-10,2,406,Chicago
478,"Board Game",Toys,153.78,2023-04-05,2,152,Miami
479,Laptop,Electronics,600.54,2023-04-20,3,216,"Los Angeles"
480,"Non-fiction Book",Books,365.37,2023-06-21,7,239,"Los Angeles"
481,Jeans,Clothing,934.43,2023-05-31,4,205,Miami
482,Bed,Furniture,682.13,2023-06-27,9,255,Miami
483,"Non-fiction Book",Books,76.95,2023-04-10,6,476,"New York"
484,Speaker,Electronics,402.13,2023-02-03,8,11,Miami
485,"Art Book",Books,870.45,2023-06-11,9,351,Miami
486,Dresser,Furniture,281.54,2023-04-19,2,29,Houston
487,"Art Book",Books,874.87,2023-03-27,8,172,Chicago
488,Wardrobe,Furniture,569.53,2023-02-17,7,137,Chicago
489,"Board Game",Toys,814.33,2023-05-13,3,494,"Los Angeles"
490,Speaker,Electronics,576.98,2023-06-12,8,133,Miami
491,Puzzle,Toys,527.55,2023-05-10,1,451,Chicago
492,"History Book",Books,954.20,2023-03-24,5,364,"Los Angeles"
493,"Non-fiction Book",Books,555.09,2023-05-25,4,162,Chicago
494,"Remote Control Car",Toys,843.46,2023-03-19,7,391,"New York"
495,Puzzle,Toys,651.13,2023-01-18,6,163,"New York"
496,Bed,Furniture,370.74,2023-03-20,1,497,Houston
497,Doll,Toys,8.38,2023-06-18,7,250,Chicago
498,Smartwatch,Electronics,6.43,2023-02-02,9,454,Miami
499,"Science Book",Books,374.75,2023-04-10,7,298,"New York"
500,Bed,Furniture,348.44,2023-03-12,10,212,"Los Angeles"
501,Dress,Clothing,611.16,2023-05-24,2,184,"Los Angeles"
502,"Art Book",Books,715.90,2023-01-23,5,34,Miami
503,Smartphone,Electronics,69.89,2023-01-10,1,66,Chicago
504,"Board Game",Toys,655.60,2023-05-07,6,295,"Los Angeles"
505,Doll,Toys,269.24,2023-02-08,3,350,Houston
506,"Table Lamp",Furniture,937.31,2023-06-18,9,254,Miami
507,Sofa,Furniture,414.85,2023-03-22,1,328,"Los Angeles"
508,Chair,Furniture,560.63,2023-03-06,2,267,"Los Angeles"
509,"Board Game",Toys,732.45,2023-02-16,1,336,"New York"
510,Shoes,Clothing,375.50,2023-01-10,2,285,Chicago
511,Bed,Furniture,108.13,2023-02-21,2,327,Miami
512,Doll,Toys,369.12,2023-05-04,4,259,Houston
513,"Science Book",Books,308.44,2023-01-24,8,99,Miami
514,"Science Book",Books,637.75,2023-05-11,8,187,Houston
515,Dress,Clothing,169.85,2023-01-28,3,384,"New York"
516,"Coffee Table",Furniture,117.72,2023-03-02,4,328,"Los Angeles"
517,Jeans,Clothing,929.24,2023-06-20,10,451,Houston
518,"Fiction Book",Books,450.22,2023-01-16,1,61,"Los Angeles"
519,Dress,Clothing,955.37,2023-02-15,4,110,Miami
520,Puzzle,Toys,790.31,2023-06-10,1,362,"Los Angeles"
521,"Science Book",Books,70.51,2023-01-05,10,242,Houston
522,Puzzle,Toys,734.21,2023-04-04,4,189,Houston
523,Jeans,Clothing,293.34,2023-03-09,10,401,"New York"
524,"Action Figure",Toys,54.54,2023-06-11,4,487,Miami
525,Bookshelf,Furniture,536.20,2023-05-01,8,334,"New York"
526,"Art Book",Books,621.51,2023-03-02,9,60,"New York"
527,Dresser,Furniture,741.31,2023-05-07,3,156,Houston
528,Jacket,Clothing,198.13,2023-04-24,6,453,Miami
529,T-shirt,Clothing,712.02,2023-03-13,9,50,Miami
530,Dresser,Furniture,423.34,2023-01-29,6,82,"Los Angeles"
531,"History Book",Books,97.94,2023-04-26,10,311,"Los Angeles"
532,Laptop,Electronics,384.96,2023-04-19,9,222,Houston
533,Smartphone,Electronics,156.01,2023-05-02,9,233,Houston
534,"Fiction Book",Books,858.77,2023-01-28,2,240,Miami
535,"Fiction Book",Books,595.97,2023-04-01,8,80,Chicago
536,Jacket,Clothing,783.77,2023-06-25,6,352,Miami
537,T-shirt,Clothing,377.44,2023-06-02,2,490,Chicago
538,"Action Figure",Toys,854.70,2023-05-23,4,302,Miami
539,Sofa,Furniture,101.10,2023-05-29,9,325,Houston
540,"Action Figure",Toys,218.58,2023-04-09,1,364,Chicago
541,"Action Figure",Toys,294.71,2023-06-12,7,216,"Los Angeles"
542,Keyboard,Electronics,88.19,2023-01-18,3,409,Chicago
543,"Art Book",Books,625.26,2023-03-17,3,400,"Los Angeles"
544,T-shirt,Clothing,895.37,2023-03-09,2,395,"Los Angeles"
545,"Art Book",Books,711.36,2023-05-27,10,89,"New York"
546,Speaker,Electronics,462.86,2023-04-07,3,435,Chicago
547,"Art Book",Books,742.72,2023-06-08,2,94,Chicago
548,"Art Book",Books,757.98,2023-06-22,6,333,Miami
549,Smartwatch,Electronics,266.38,2023-03-04,10,342,Chicago
550,"Board Game",Toys,833.35,2023-05-16,3,29,Chicago
551,Nightstand,Furniture,70.82,2023-03-11,8,186,Houston
552,"History Book",Books,124.91,2023-02-17,10,461,Houston
553,Tablet,Electronics,895.87,2023-05-13,10,372,Houston
554,T-shirt,Clothing,440.38,2023-05-02,1,109,Miami
555,Mouse,Electronics,417.88,2023-04-02,3,456,Houston
556,"History Book",Books,975.36,2023-06-20,9,116,Houston
557,"Action Figure",Toys,329.97,2023-01-18,5,92,Chicago
558,"History Book",Books,789.81,2023-05-23,6,287,"New York"
559,"Science Book",Books,206.62,2023-04-09,2,485,Chicago
560,T-shirt,Clothing,539.43,2023-05-06,9,106,Chicago
561,"Non-fiction Book",Books,277.41,2023-03-27,6,175,"New York"
562,Bookshelf,Furniture,869.70,2023-02-16,7,315,"New York"
563,"Art Book",Books,589.65,2023-02-11,4,143,"Los Angeles"
564,Wardrobe,Furniture,263.95,2023-05-26,3,427,Chicago
565,"Action Figure",Toys,598.64,2023-05-24,2,287,"Los Angeles"
566,"History Book",Books,550.96,2023-04-05,10,142,Chicago
567,"History Book",Books,845.04,2023-06-19,2,49,Miami
568,Nightstand,Furniture,883.80,2023-03-22,6,301,"Los Angeles"
569,Sofa,Furniture,100.21,2023-05-12,4,269,Houston
570,"Non-fiction Book",Books,279.43,2023-05-03,6,409,"Los Angeles"
571,"Coffee Table",Furniture,795.90,2023-04-23,8,407,Miami
572,"Board Game",Toys,41.05,2023-05-11,6,182,"Los Angeles"
573,Wardrobe,Furniture,237.36,2023-04-24,5,140,"New York"
574,"Art Book",Books,372.60,2023-02-26,5,163,"Los Angeles"
575,Nightstand,Furniture,684.67,2023-04-16,9,315,Chicago
576,"Art Book",Books,62.44,2023-06-06,2,97,Chicago
577,"Remote Control Car",Toys,459.63,2023-06-09,1,315,Miami
578,"Remote Control Car",Toys,638.82,2023-03-27,5,458,"New York"
579,Speaker,Electronics,685.77,2023-03-20,2,142,"New York"
580,T-shirt,Clothing,895.20,2023-03-03,1,26,"Los Angeles"
581,"Remote Control Car",Toys,679.48,2023-05-18,8,335,Miami
582,"Action Figure",Toys,351.64,2023-02-22,5,65,Chicago
583,"Remote Control Car",Toys,617.35,2023-04-22,3,208,"Los Angeles"
584,"Table Lamp",Furniture,682.99,2023-06-10,5,192,Houston
585,Chair,Furniture,966.70,2023-03-20,3,47,Houston
586,Doll,Toys,909.44,2023-05-08,9,494,Chicago
587,Bed,Furniture,217.12,2023-05-03,8,374,Chicago
588,Speaker,Electronics,446.62,2023-03-23,10,145,Houston
589,T-shirt,Clothing,54.95,2023-01-21,5,371,Chicago
590,Headphones,Electronics,777.65,2023-04-15,6,44,Houston
591,Shoes,Clothing,510.35,2023-04-29,8,431,"New York"
592,T-shirt,Clothing,448.94,2023-05-24,7,413,"New York"
593,Shoes,Clothing,81.38,2023-04-29,1,118,"New York"
594,Dress,Clothing,197.66,2023-02-22,9,242,Miami
595,Jeans,Clothing,172.71,2023-05-18,3,94,"New York"
596,"Non-fiction Book",Books,609.68,2023-01-05,3,179,Miami
597,T-shirt,Clothing,710.57,2023-02-22,4,381,Miami
598,Puzzle,Toys,685.77,2023-04-09,7,368,Houston
599,Tablet,Electronics,50.81,2023-04-11,7,291,Miami
600,"Action Figure",Toys,537.17,2023-03-11,4,216,"New York"
601,"Art Book",Books,407.88,2023-03-02,5,145,"New York"
602,T-shirt,Clothing,245.00,2023-06-01,5,400,Houston
603,"Non-fiction Book",Books,759.37,2023-05-26,8,202,Houston
604,"Coffee Table",Furniture,774.69,2023-04-02,3,266,"New York"
605,Dress,Clothing,157.89,2023-01-28,3,5,"New York"
606,"Science Book",Books,880.27,2023-01-11,7,13,"Los Angeles"
607,Doll,Toys,561.86,2023-06-10,8,94,Houston
608,Shoes,Clothing,448.04,2023-05-27,8,65,Chicago
609,Tablet,Electronics,821.92,2023-03-02,3,4,Chicago
610,Keyboard,Electronics,772.30,2023-04-06,4,24,"Los Angeles"
611,Speaker,Electronics,218.75,2023-02-26,10,292,"Los Angeles"
612,"Coffee Table",Furniture,818.43,2023-06-15,2,497,Chicago
613,Jeans,Clothing,747.22,2023-06-07,2,34,Miami
614,Chair,Furniture,808.17,2023-03-23,9,430,Houston
615,Nightstand,Furniture,809.62,2023-03-01,3,82,"New York"
616,Laptop,Electronics,351.13,2023-03-09,9,473,"Los Angeles"
617,T-shirt,Clothing,837.60,2023-05-26,6,137,Houston
618,Doll,Toys,643.76,2023-03-16,2,204,Houston
619,Tablet,Electronics,1.77,2023-03-03,8,275,Chicago
620,Nightstand,Furniture,522.24,2023-06-09,9,320,Houston
621,Smartphone,Electronics,896.19,2023-02-05,3,445,Chicago
622,Speaker,Electronics,206.17,2023-02-23,9,234,Houston
623,Headphones,Electronics,385.09,2023-04-10,7,212,"Los Angeles"
624,Keyboard,Electronics,136.32,2023-02-25,2,391,Chicago
625,Camera,Electronics,79.99,2023-06-02,10,210,"New York"
626,Bed,Furniture,987.56,2023-05-07,6,343,Houston
627,"Fiction Book",Books,426.14,2023-06-08,2,14,Houston
628,Jacket,Clothing,821.40,2023-06-23,4,459,Chicago
629,"Fiction Book",Books,492.59,2023-01-12,9,29,Houston
630,Jeans,Clothing,672.36,2023-05-04,5,32,"New York"
631,"Remote Control Car",Toys,409.89,2023-03-15,8,390,Chicago
632,Laptop,Electronics,550.31,2023-02-02,3,346,Houston
633,Dress,Clothing,725.03,2023-02-14,1,287,Houston
634,"Non-fiction Book",Books,328.26,2023-06-05,4,16,"New York"
635,"Board Game",Toys,427.19,2023-03-12,7,109,"New York"
636,"Art Book",Books,518.34,2023-06-28,5,41,"New York"
637,"Science Book",Books,954.45,2023-01-17,6,353,Houston
638,Jacket,Clothing,769.10,2023-05-12,4,266,Houston
639,Jacket,Clothing,782.46,2023-06-18,4,446,Chicago
640,T-shirt,Clothing,90.02,2023-01-25,4,296,Houston
641,Headphones,Electronics,837.44,2023-06-06,9,298,Chicago
642,Shoes,Clothing,303.60,2023-05-09,7,101,Miami
643,Nightstand,Furniture,414.42,2023-03-02,5,120,Miami
644,Shoes,Clothing,892.33,2023-06-06,7,380,Houston
645,"History Book",Books,696.05,2023-03-08,8,348,"New York"
646,Puzzle,Toys,172.54,2023-04-19,5,344,Miami
647,"Non-fiction Book",Books,845.14,2023-02-02,4,126,"New York"
648,Monitor,Electronics,93.12,2023-03-30,2,209,Chicago
649,Jacket,Clothing,429.75,2023-05-28,9,316,Houston
650,"Art Book",Books,725.59,2023-06-14,4,89,Houston
651,Mouse,Electronics,314.82,2023-06-13,7,148,Houston
652,T-shirt,Clothing,351.92,2023-03-12,9,147,Houston
653,Speaker,Electronics,728.46,2023-05-02,2,466,"New York"
654,Jacket,Clothing,20.71,2023-05-27,10,273,Houston
655,Laptop,Electronics,322.78,2023-02-24,6,416,Chicago
656,Smartwatch,Electronics,308.53,2023-03-29,5,8,Chicago
657,"Remote Control Car",Toys,555.06,2023-01-30,2,168,"New York"
658,Puzzle,Toys,225.81,2023-06-04,7,218,"Los Angeles"
659,Jacket,Clothing,892.31,2023-02-24,9,132,Miami
660,Wardrobe,Furniture,586.46,2023-02-26,9,33,Miami
661,Dress,Clothing,757.57,2023-04-08,5,285,Chicago
662,"Action Figure",Toys,794.30,2023-04-18,7,111,"Los Angeles"
663,"Action Figure",Toys,501.03,2023-06-18,2,56,Miami
664,"Non-fiction Book",Books,624.50,2023-01-28,9,491,"Los Angeles"
665,Dresser,Furniture,277.57,2023-04-07,9,332,Houston
666,"Science Book",Books,351.54,2023-02-04,9,460,Miami
667,"Fiction Book",Books,833.40,2023-01-24,2,190,Chicago
668,Camera,Electronics,295.24,2023-05-30,3,432,Chicago
669,"Action Figure",Toys,780.98,2023-04-14,6,451,Miami
670,"Remote Control Car",Toys,19.39,2023-01-31,8,204,Houston
671,Desk,Furniture,554.72,2023-04-26,6,392,"Los Angeles"
672,Headphones,Electronics,331.62,2023-03-19,2,276,"Los Angeles"
673,T-shirt,Clothing,615.64,2023-06-13,7,368,Houston
674,Doll,Toys,837.06,2023-03-17,6,325,Chicago
675,Jeans,Clothing,643.84,2023-03-21,3,14,"Los Angeles"
676,Shoes,Clothing,333.90,2023-02-18,4,432,"Los Angeles"
677,"Remote Control Car",Toys,957.45,2023-06-01,4,52,Chicago
678,Dress,Clothing,841.01,2023-06-23,3,300,"New York"
679,"Fiction Book",Books,731.56,2023-02-01,7,453,Chicago
680,Dress,Clothing,71.59,2023-04-28,1,149,"Los Angeles"
681,"Art Book",Books,791.91,2023-04-03,2,217,Chicago
682,"Non-fiction Book",Books,514.98,2023-05-22,4,270,Chicago
683,Tablet,Electronics,509.04,2023-06-15,1,320,Miami
684,Doll,Toys,75.29,2023-03-19,10,194,"New York"
685,Shoes,Clothing,447.68,2023-02-28,3,199,"New York"
686,"Science Book",Books,119.77,2023-05-28,8,123,"New York"
687,Bed,Furniture,180.57,2023-05-04,9,169,"New York"
688,Desk,Furniture,436.04,2023-01-18,2,284,"Los Angeles"
689,"Board Game",Toys,112.97,2023-06-05,10,183,Miami
690,Smartphone,Electronics,110.99,2023-02-17,10,49,Chicago
691,Jacket,Clothing,402.53,2023-05-05,3,97,"New York"
692,Dress,Clothing,286.94,2023-06-12,7,282,Miami
693,Jeans,Clothing,534.04,2023-06-20,2,401,Houston
694,"History Book",Books,530.64,2023-03-19,6,276,"New York"
695,Shoes,Clothing,252.13,2023-06-02,5,423,Houston
696,Shoes,Clothing,794.62,2023-04-01,2,43,"New York"
697,Monitor,Electronics,563.19,2023-04-29,6,4,"Los Angeles"
698,Bookshelf,Furniture,959.80,2023-06-01,4,68,Houston
699,"Remote Control Car",Toys,747.58,2023-06-10,3,208,Chicago
700,"Action Figure",Toys,645.63,2023-01-16,6,133,Miami
701,"Coffee Table",Furniture,6.49,2023-05-27,1,393,Houston
702,"History Book",Books,336.05,2023-05-24,10,263,Houston
703,"Remote Control Car",Toys,522.05,2023-04-28,7,256,Chicago
704,"Remote Control Car",Toys,592.36,2023-03-26,6,250,Houston
705,Wardrobe,Furniture,642.57,2023-04-25,3,182,"New York"
706,Smartwatch,Electronics,768.17,2023-06-10,2,61,"New York"
707,Wardrobe,Furniture,600.39,2023-03-13,2,378,"Los Angeles"
708,"Fiction Book",Books,529.13,2023-01-31,3,418,"Los Angeles"
709,"Table Lamp",Furniture,861.98,2023-04-16,4,3,Miami
710,"Fiction Book",Books,66.99,2023-01-12,2,196,Houston
711,"Board Game",Toys,122.06,2023-06-22,5,142,"New York"
712,"Non-fiction Book",Books,212.82,2023-02-12,6,474,"New York"
713,"Remote Control Car",Toys,191.73,2023-01-11,8,229,"New York"
714,Keyboard,Electronics,843.13,2023-05-30,7,295,"New York"
715,"Non-fiction Book",Books,311.95,2023-05-04,5,181,"Los Angeles"
716,"Non-fiction Book",Books,905.80,2023-03-03,10,446,Chicago
717,"Remote Control Car",Toys,596.67,2023-03-23,5,486,Chicago
718,Jacket,Clothing,969.61,2023-06-18,8,16,Miami
719,Monitor,Electronics,299.71,2023-03-10,10,421,"Los Angeles"
720,T-shirt,Clothing,48.07,2023-05-26,9,7,Chicago
721,Headphones,Electronics,969.00,2023-03-23,4,237,"Los Angeles"
722,Puzzle,Toys,513.25,2023-05-01,9,21,Houston
723,"Science Book",Books,987.22,2023-04-16,10,14,"Los Angeles"
724,Bed,Furniture,570.72,2023-03-23,6,231,Houston
725,"Science Book",Books,465.34,2023-06-03,9,385,"Los Angeles"
726,"Remote Control Car",Toys,80.26,2023-03-22,10,320,"Los Angeles"
727,Smartphone,Electronics,729.00,2023-04-13,7,324,"Los Angeles"
728,Smartphone,Electronics,935.66,2023-03-24,5,494,Chicago
729,"History Book",Books,774.52,2023-04-20,8,381,Houston
730,"Remote Control Car",Toys,963.41,2023-06-04,4,197,Houston
731,"Science Book",Books,21.27,2023-05-09,6,195,Chicago
732,"Board Game",Toys,926.04,2023-06-17,9,270,"New York"
733,"Action Figure",Toys,76.43,2023-06-17,5,182,Chicago
734,T-shirt,Clothing,532.70,2023-04-21,5,271,"Los Angeles"
735,"Art Book",Books,148.39,2023-01-23,2,265,"New York"
736,Doll,Toys,670.41,2023-03-31,5,458,"New York"
737,"Action Figure",Toys,903.67,2023-01-28,1,397,Miami
738,"Fiction Book",Books,455.08,2023-06-14,3,140,Houston
739,Speaker,Electronics,730.09,2023-05-06,3,173,Miami
740,Nightstand,Furniture,876.57,2023-03-30,9,310,Houston
741,Wardrobe,Furniture,998.64,2023-04-13,9,304,Chicago
742,"Table Lamp",Furniture,792.94,2023-02-06,7,272,Miami
743,Shoes,Clothing,309.37,2023-05-05,6,279,"Los Angeles"
744,Sofa,Furniture,253.40,2023-03-18,4,284,Houston
745,"Board Game",Toys,538.30,2023-02-23,9,239,Houston
746,Dresser,Furniture,145.09,2023-05-12,3,479,"New York"
747,Jacket,Clothing,303.29,2023-05-07,6,434,Chicago
748,Laptop,Electronics,137.80,2023-03-01,3,78,"New York"
749,Puzzle,Toys,373.96,2023-06-06,3,238,Houston
750,Camera,Electronics,520.33,2023-01-24,1,36,"New York"
751,Smartwatch,Electronics,759.26,2023-05-28,9,310,Houston
752,Nightstand,Furniture,674.01,2023-03-28,4,224,"New York"
753,Mouse,Electronics,226.09,2023-03-29,8,163,"Los Angeles"
754,"Remote Control Car",Toys,336.31,2023-05-31,2,145,Miami
755,Smartphone,Electronics,436.22,2023-06-14,3,297,"New York"
756,Smartwatch,Electronics,360.81,2023-05-10,6,227,Houston
757,Keyboard,Electronics,999.31,2023-04-19,1,113,"New York"
758,"Remote Control Car",Toys,190.69,2023-01-19,10,209,"Los Angeles"
759,Tablet,Electronics,423.52,2023-02-14,10,29,Chicago
760,"Action Figure",Toys,295.51,2023-06-13,7,263,Houston
761,"Action Figure",Toys,591.62,2023-06-21,10,38,Chicago
762,"Action Figure",Toys,822.33,2023-06-03,9,235,Miami
763,Bookshelf,Furniture,913.45,2023-04-23,4,53,"Los Angeles"
764,Dresser,Furniture,368.30,2023-05-29,1,292,Miami
765,"History Book",Books,749.81,2023-03-26,1,16,Miami
766,Sofa,Furniture,41.18,2023-03-29,4,56,Houston
767,"History Book",Books,518.62,2023-03-14,5,30,Miami
768,Jacket,Clothing,864.66,2023-02-26,10,480,Miami
769,Bookshelf,Furniture,406.83,2023-01-23,4,314,Miami
770,"Fiction Book",Books,358.00,2023-03-05,7,214,"New York"
771,"Board Game",Toys,513.36,2023-02-08,6,15,Chicago
772,"Science Book",Books,439.44,2023-05-29,9,281,"Los Angeles"
773,Nightstand,Furniture,236.24,2023-02-12,5,301,Houston
774,"Coffee Table",Furniture,577.76,2023-05-20,2,192,Chicago
775,Nightstand,Furniture,963.24,2023-06-16,8,468,Chicago
776,Jacket,Clothing,618.12,2023-05-17,10,212,"Los Angeles"
777,Chair,Furniture,123.23,2023-01-31,5,445,"New York"
778,Wardrobe,Furniture,79.03,2023-06-07,2,49,"New York"
779,Puzzle,Toys,387.75,2023-06-25,8,326,"New York"
780,"History Book",Books,574.55,2023-06-01,5,477,"Los Angeles"
781,Jacket,Clothing,979.65,2023-05-25,1,13,Miami
782,Bed,Furniture,854.71,2023-05-20,4,113,"New York"
783,Wardrobe,Furniture,395.03,2023-03-18,10,217,"Los Angeles"
784,T-shirt,Clothing,915.69,2023-03-29,7,4,Miami
785,"Art Book",Books,917.07,2023-01-20,9,341,"New York"
786,Puzzle,Toys,29.50,2023-05-26,10,177,Miami
787,Dress,Clothing,861.07,2023-01-05,6,344,Houston
788,"History Book",Books,933.14,2023-05-02,6,419,Chicago
789,Puzzle,Toys,316.07,2023-02-22,5,312,Houston
790,Sofa,Furniture,547.29,2023-01-03,5,63,"Los Angeles"
791,Sofa,Furniture,379.80,2023-02-13,1,340,"New York"
792,"Fiction Book",Books,466.45,2023-06-23,5,122,Miami
793,"Remote Control Car",Toys,784.49,2023-01-27,4,249,"Los Angeles"
794,Mouse,Electronics,489.62,2023-05-19,4,283,Houston
795,"Remote Control Car",Toys,433.81,2023-02-12,9,371,"New York"
796,Puzzle,Toys,381.66,2023-06-24,7,290,Miami
797,Desk,Furniture,367.34,2023-05-04,4,307,"New York"
798,T-shirt,Clothing,548.93,2023-01-29,2,95,Chicago
799,Bookshelf,Furniture,151.37,2023-05-07,1,71,Chicago
800,Chair,Furniture,538.82,2023-02-28,1,52,Chicago
801,Smartwatch,Electronics,437.34,2023-01-17,2,207,Houston
802,Tablet,Electronics,142.61,2023-06-20,4,335,Chicago
803,Smartwatch,Electronics,472.17,2023-04-09,4,480,Miami
804,Nightstand,Furniture,768.27,2023-01-13,1,2,Miami
805,Dress,Clothing,45.26,2023-05-31,1,343,"Los Angeles"
806,Jacket,Clothing,539.94,2023-06-04,7,366,Houston
807,Speaker,Electronics,949.58,2023-01-08,4,361,Chicago
808,Desk,Furniture,531.27,2023-03-07,3,49,Houston
809,Dress,Clothing,561.57,2023-03-28,8,92,Houston
810,Keyboard,Electronics,804.36,2023-05-08,2,249,"New York"
811,Smartphone,Electronics,931.07,2023-04-12,1,219,"New York"
812,Wardrobe,Furniture,632.64,2023-04-10,9,312,Chicago
813,Puzzle,Toys,930.86,2023-04-06,9,345,Miami
814,Nightstand,Furniture,632.04,2023-03-19,3,481,"New York"
815,Shoes,Clothing,178.76,2023-02-13,7,347,Chicago
816,"Board Game",Toys,895.64,2023-05-29,5,343,"New York"
817,"History Book",Books,573.51,2023-05-26,4,116,"New York"
818,Smartphone,Electronics,788.02,2023-06-10,1,382,Chicago
819,Jacket,Clothing,508.60,2023-01-27,3,328,Houston
820,Smartwatch,Electronics,44.02,2023-02-07,10,480,"New York"
821,"Table Lamp",Furniture,774.17,2023-02-05,7,386,Miami
822,"Remote Control Car",Toys,477.69,2023-06-20,3,326,"Los Angeles"
823,"Action Figure",Toys,119.76,2023-02-08,8,453,"Los Angeles"
824,Sofa,Furniture,216.61,2023-03-22,6,267,Miami
825,Camera,Electronics,739.98,2023-02-08,9,318,Houston
826,Headphones,Electronics,544.51,2023-03-10,3,121,"Los Angeles"
827,Smartwatch,Electronics,629.50,2023-02-24,7,126,"Los Angeles"
828,Laptop,Electronics,564.11,2023-03-14,4,208,"New York"
829,Desk,Furniture,399.26,2023-06-06,2,71,"Los Angeles"
830,"Board Game",Toys,957.83,2023-02-19,6,365,"New York"
831,Bed,Furniture,340.84,2023-02-14,3,145,Miami
832,Nightstand,Furniture,936.16,2023-05-23,2,214,Houston
833,"Remote Control Car",Toys,305.19,2023-01-05,3,476,"New York"
834,"Remote Control Car",Toys,823.39,2023-03-26,9,500,"Los Angeles"
835,"History Book",Books,220.33,2023-01-05,5,102,Houston
836,"Non-fiction Book",Books,476.36,2023-04-06,3,263,Miami
837,Chair,Furniture,142.32,2023-02-16,9,290,"Los Angeles"
838,"Science Book",Books,160.82,2023-04-07,2,192,"Los Angeles"
839,Jeans,Clothing,886.05,2023-05-08,9,163,Miami
840,"Fiction Book",Books,879.19,2023-02-17,7,336,"Los Angeles"
841,Wardrobe,Furniture,370.16,2023-02-10,1,169,Houston
842,Nightstand,Furniture,545.65,2023-06-08,8,122,Miami
843,"History Book",Books,370.13,2023-06-01,1,457,"Los Angeles"
844,"Action Figure",Toys,24.13,2023-06-05,3,300,"Los Angeles"
845,"Non-fiction Book",Books,351.51,2023-01-07,2,243,"New York"
846,Doll,Toys,170.40,2023-05-04,10,287,"New York"
847,"Fiction Book",Books,890.82,2023-06-09,8,43,"New York"
848,"Art Book",Books,59.07,2023-06-01,1,344,"Los Angeles"
849,Dress,Clothing,755.41,2023-03-27,2,74,"Los Angeles"
850,Jeans,Clothing,191.36,2023-06-19,2,415,Houston
851,Chair,Furniture,909.95,2023-01-18,8,220,Miami
852,Jacket,Clothing,639.94,2023-02-25,7,70,Miami
853,"Remote Control Car",Toys,494.56,2023-06-28,5,179,"Los Angeles"
854,"Action Figure",Toys,281.56,2023-06-07,6,31,Houston
855,Sofa,Furniture,349.36,2023-01-14,4,191,Miami
856,T-shirt,Clothing,571.07,2023-05-01,7,92,"New York"
857,Jeans,Clothing,938.54,2023-06-14,8,35,"New York"
858,Tablet,Electronics,841.33,2023-04-12,3,383,Miami
859,Dress,Clothing,853.82,2023-06-17,1,319,Miami
860,"Art Book",Books,600.72,2023-01-16,7,425,"Los Angeles"
861,Dresser,Furniture,262.60,2023-02-24,8,350,"Los Angeles"
862,Shoes,Clothing,532.53,2023-01-22,10,299,"New York"
863,Bed,Furniture,335.13,2023-03-01,7,151,Chicago
864,"Fiction Book",Books,42.32,2023-01-15,3,100,"New York"
865,Headphones,Electronics,539.79,2023-04-08,2,440,"New York"
866,Puzzle,Toys,536.60,2023-02-23,9,243,Miami
867,Jeans,Clothing,236.90,2023-01-07,5,133,Miami
868,"Art Book",Books,16.31,2023-04-19,10,499,"New York"
869,Jeans,Clothing,196.47,2023-06-12,10,434,Chicago
870,Desk,Furniture,977.33,2023-06-04,4,113,"New York"
871,Dress,Clothing,240.75,2023-03-29,8,54,"Los Angeles"
872,"Fiction Book",Books,253.51,2023-01-29,1,341,"Los Angeles"
873,Jacket,Clothing,510.11,2023-05-12,2,222,Miami
874,Puzzle,Toys,99.13,2023-02-26,3,184,"New York"
875,Headphones,Electronics,67.32,2023-02-01,7,437,"Los Angeles"
876,Laptop,Electronics,454.48,2023-06-24,5,255,"New York"
877,"Board Game",Toys,328.50,2023-03-04,8,375,Chicago
878,Speaker,Electronics,665.69,2023-03-13,10,370,Houston
879,T-shirt,Clothing,362.75,2023-03-03,7,42,Chicago
880,Shoes,Clothing,912.51,2023-06-11,8,51,"Los Angeles"
881,"Board Game",Toys,824.97,2023-05-14,3,443,Houston
882,Mouse,Electronics,240.32,2023-04-10,1,286,Houston
883,Doll,Toys,680.61,2023-04-19,10,1,"New York"
884,Jacket,Clothing,372.22,2023-06-22,7,272,Houston
885,"Science Book",Books,45.18,2023-06-25,8,368,Chicago
886,Dresser,Furniture,554.79,2023-06-02,6,139,Houston
887,"Fiction Book",Books,740.42,2023-02-23,3,241,Chicago
888,Dress,Clothing,959.54,2023-03-20,4,112,"New York"
889,Nightstand,Furniture,931.62,2023-05-13,9,110,Chicago
890,Jeans,Clothing,311.84,2023-03-13,1,37,"Los Angeles"
891,"Non-fiction Book",Books,375.73,2023-05-30,1,310,"New York"
892,Bed,Furniture,335.33,2023-02-26,6,451,Houston
893,Desk,Furniture,349.62,2023-04-22,1,210,Miami
894,Desk,Furniture,71.30,2023-02-17,2,392,Chicago
895,Jacket,Clothing,353.64,2023-03-25,3,462,Miami
896,Sofa,Furniture,291.90,2023-04-29,5,65,"Los Angeles"
897,Dress,Clothing,959.02,2023-02-16,5,170,Chicago
898,Laptop,Electronics,671.19,2023-05-23,10,162,Houston
899,Headphones,Electronics,507.57,2023-03-12,5,28,Miami
900,Jacket,Clothing,188.65,2023-05-09,10,419,"Los Angeles"
901,Shoes,Clothing,75.63,2023-04-22,9,275,"New York"
902,"Remote Control Car",Toys,590.29,2023-04-05,9,366,"New York"
903,Smartwatch,Electronics,526.90,2023-05-29,6,107,Chicago
904,"Art Book",Books,124.49,2023-02-07,7,345,Chicago
905,"Coffee Table",Furniture,912.30,2023-03-18,4,333,"New York"
906,"Science Book",Books,95.64,2023-06-28,7,205,"New York"
907,"Action Figure",Toys,305.55,2023-01-06,3,34,Houston
908,Laptop,Electronics,841.00,2023-04-29,8,426,Miami
909,Bed,Furniture,345.59,2023-03-22,2,313,Chicago
910,Puzzle,Toys,982.60,2023-05-15,8,376,"Los Angeles"
911,Dress,Clothing,997.05,2023-03-25,4,118,"New York"
912,Wardrobe,Furniture,488.76,2023-05-28,7,352,Houston
913,"Remote Control Car",Toys,92.03,2023-03-24,1,375,Houston
914,Keyboard,Electronics,850.84,2023-06-28,5,43,"New York"
915,"History Book",Books,896.41,2023-01-27,1,375,Houston
916,Puzzle,Toys,796.68,2023-06-01,9,309,Chicago
917,Camera,Electronics,844.72,2023-05-05,10,252,Houston
918,Bookshelf,Furniture,874.34,2023-02-13,6,97,"Los Angeles"
919,Jacket,Clothing,472.53,2023-01-02,7,35,Chicago
920,"Coffee Table",Furniture,193.44,2023-04-18,4,91,Houston
921,Monitor,Electronics,334.21,2023-05-04,5,15,Miami
922,Jeans,Clothing,491.64,2023-03-19,7,24,"Los Angeles"
923,Mouse,Electronics,384.57,2023-03-16,10,186,"New York"
924,Sofa,Furniture,490.59,2023-04-20,6,492,"Los Angeles"
925,Bed,Furniture,490.63,2023-01-27,3,442,Houston
926,Jeans,Clothing,635.00,2023-06-26,10,28,"Los Angeles"
927,Sofa,Furniture,601.01,2023-02-16,5,314,Houston
928,"Art Book",Books,806.40,2023-02-17,9,352,Miami
929,"Board Game",Toys,393.60,2023-04-11,7,189,"New York"
930,Smartwatch,Electronics,547.24,2023-06-17,1,110,"New York"
931,Puzzle,Toys,493.33,2023-01-19,1,457,Chicago
932,Jacket,Clothing,562.90,2023-04-08,1,211,"New York"
933,Mouse,Electronics,82.10,2023-06-10,2,163,"New York"
934,Camera,Electronics,671.70,2023-05-27,1,417,"New York"
935,Dress,Clothing,351.30,2023-01-03,1,497,Miami
936,"Art Book",Books,285.93,2023-05-09,7,179,Houston
937,Wardrobe,Furniture,41.89,2023-05-06,4,354,Chicago
938,Monitor,Electronics,372.61,2023-05-21,8,298,Houston
939,Bed,Furniture,635.38,2023-05-11,8,193,Houston
940,Puzzle,Toys,46.72,2023-01-25,6,140,Houston
941,Smartphone,Electronics,176.25,2023-04-21,6,447,Miami
942,Jacket,Clothing,201.05,2023-06-12,10,436,Houston
943,Jeans,Clothing,180.74,2023-01-07,7,31,Chicago
944,"Action Figure",Toys,510.72,2023-04-05,1,452,"Los Angeles"
945,Dress,Clothing,805.75,2023-05-23,6,194,"Los Angeles"
946,Laptop,Electronics,165.39,2023-03-10,5,470,Chicago
947,Dresser,Furniture,923.43,2023-05-18,1,488,Houston
948,"Fiction Book",Books,481.62,2023-01-29,4,124,"Los Angeles"
949,Wardrobe,Furniture,151.27,2023-03-06,4,282,Miami
950,Shoes,Clothing,82.22,2023-05-06,3,35,Houston
951,Tablet,Electronics,286.56,2023-04-14,1,177,Houston
952,Dress,Clothing,752.36,2023-03-08,6,429,Chicago
953,Doll,Toys,446.52,2023-03-21,9,37,Houston
954,"Coffee Table",Furniture,787.95,2023-04-12,5,268,"Los Angeles"
955,Mouse,Electronics,468.47,2023-04-27,9,76,"Los Angeles"
956,Mouse,Electronics,290.98,2023-06-16,8,473,Chicago
957,"History Book",Books,718.54,2023-03-14,9,52,Miami
958,Wardrobe,Furniture,468.48,2023-04-28,9,190,"Los Angeles"
959,Dresser,Furniture,420.14,2023-01-18,3,408,Chicago
960,"Art Book",Books,348.65,2023-02-10,1,387,Chicago
961,"Science Book",Books,173.75,2023-04-21,6,466,Miami
962,Camera,Electronics,631.59,2023-05-05,6,391,"New York"
963,"Science Book",Books,535.68,2023-02-16,7,353,Chicago
964,Speaker,Electronics,458.38,2023-04-08,4,13,"New York"
965,"History Book",Books,607.09,2023-06-20,10,392,"New York"
966,Sofa,Furniture,122.66,2023-06-21,5,91,Houston
967,"Action Figure",Toys,427.94,2023-04-12,6,467,"New York"
968,"Fiction Book",Books,566.85,2023-03-25,7,371,Miami
969,"Remote Control Car",Toys,944.56,2023-06-26,1,227,"New York"
970,"History Book",Books,558.84,2023-03-26,7,500,Miami
971,"Art Book",Books,287.26,2023-05-08,7,161,Chicago
972,"Art Book",Books,480.16,2023-04-27,8,8,Houston
973,T-shirt,Clothing,547.27,2023-02-03,3,442,Chicago
974,Speaker,Electronics,198.39,2023-02-18,8,474,Chicago
975,Jeans,Clothing,184.11,2023-05-24,5,376,Chicago
976,Smartphone,Electronics,167.61,2023-04-10,3,350,Houston
977,Bookshelf,Furniture,842.14,2023-02-09,6,102,"Los Angeles"
978,"Board Game",Toys,146.38,2023-01-07,8,292,Houston
979,"History Book",Books,40.29,2023-02-10,10,163,Houston
980,Camera,Electronics,971.73,2023-02-06,1,429,"New York"
981,Jeans,Clothing,958.18,2023-06-29,2,260,"Los Angeles"
982,Puzzle,Toys,848.73,2023-01-14,9,448,"New York"
983,Dresser,Furniture,64.99,2023-04-02,4,90,Miami
984,"Board Game",Toys,258.53,2023-04-25,4,38,"New York"
985,"Fiction Book",Books,43.78,2023-01-17,4,192,Miami
986,Dress,Clothing,914.89,2023-02-12,5,207,Houston
987,"Non-fiction Book",Books,420.33,2023-01-20,3,60,Houston
988,Chair,Furniture,116.08,2023-01-04,8,341,"New York"
989,"Non-fiction Book",Books,276.85,2023-03-23,5,415,Miami
990,"Art Book",Books,480.76,2023-05-04,1,470,Houston
991,"Fiction Book",Books,592.02,2023-04-30,6,369,"New York"
992,Speaker,Electronics,793.78,2023-01-10,9,122,Chicago
993,Speaker,Electronics,507.14,2023-04-14,4,38,"Los Angeles"
994,Sofa,Furniture,576.60,2023-01-25,10,160,Houston
995,"Remote Control Car",Toys,65.15,2023-04-14,7,362,Chicago
996,T-shirt,Clothing,941.24,2023-03-05,10,305,"Los Angeles"
997,Sofa,Furniture,110.23,2023-05-18,6,103,Chicago
998,Mouse,Electronics,452.82,2023-05-18,5,1,Houston
999,Speaker,Electronics,123.99,2023-06-02,9,399,"Los Angeles"
1000,Jeans,Clothing,278.05,2023-03-01,9,31,Miami
1001,Monitor,Electronics,26.11,2023-02-01,9,249,"New York"
1002,"Action Figure",Toys,808.91,2023-05-27,7,415,"New York"
1003,Dress,Clothing,159.47,2023-03-10,5,482,Chicago
1004,"Remote Control Car",Toys,334.45,2023-02-16,3,354,Houston
1005,Mouse,Electronics,366.55,2023-02-14,2,490,Chicago
1006,Bed,Furniture,131.01,2023-02-27,2,22,Houston
1007,"Remote Control Car",Toys,684.67,2023-05-07,5,71,"Los Angeles"
1008,"Coffee Table",Furniture,517.13,2023-03-19,7,388,"New York"
1009,"Action Figure",Toys,811.72,2023-06-07,10,46,Houston
1010,Doll,Toys,990.24,2023-01-11,4,234,"Los Angeles"
1011,Dresser,Furniture,211.43,2023-01-23,10,261,Houston
1012,"Art Book",Books,411.95,2023-02-02,7,414,"New York"
1013,Smartphone,Electronics,852.76,2023-02-11,6,131,Chicago
1014,"Remote Control Car",Toys,611.09,2023-03-28,6,220,Chicago
1015,"Board Game",Toys,761.14,2023-02-01,7,240,Chicago
1016,Jacket,Clothing,434.12,2023-05-22,7,398,"New York"
1017,Camera,Electronics,985.13,2023-04-04,7,355,Chicago
1018,"Fiction Book",Books,431.96,2023-05-06,2,427,Houston
1019,"Board Game",Toys,85.81,2023-05-06,3,499,"Los Angeles"
1020,"Science Book",Books,414.25,2023-04-10,6,485,"Los Angeles"
1021,Jeans,Clothing,504.51,2023-03-21,7,60,Chicago
1022,Nightstand,Furniture,773.55,2023-01-09,10,243,Houston
1023,"Art Book",Books,504.31,2023-04-20,6,425,Houston
1024,"Non-fiction Book",Books,304.94,2023-05-26,2,131,Miami
1025,"History Book",Books,564.59,2023-04-29,7,26,Chicago
1026,Camera,Electronics,195.93,2023-03-13,5,429,"New York"
1027,"Non-fiction Book",Books,137.99,2023-06-28,6,356,Miami
1028,"Non-fiction Book",Books,286.29,2023-05-16,10,124,Chicago
1029,"Action Figure",Toys,335.35,2023-04-21,1,220,"New York"
1030,"Action Figure",Toys,752.19,2023-04-22,9,203,Chicago
1031,Smartphone,Electronics,101.58,2023-02-20,2,337,"New York"
1032,Desk,Furniture,688.27,2023-02-02,9,307,Chicago
1033,Keyboard,Electronics,29.13,2023-06-07,3,427,"Los Angeles"
1034,Bed,Furniture,90.38,2023-02-15,10,93,Miami
1035,Bookshelf,Furniture,204.47,2023-05-31,6,185,"New York"
1036,Shoes,Clothing,510.16,2023-04-20,6,365,"New York"
1037,"Table Lamp",Furniture,611.13,2023-03-15,3,421,Chicago
1038,Wardrobe,Furniture,189.83,2023-03-30,9,458,Miami
1039,"Action Figure",Toys,661.32,2023-06-15,7,150,Houston
1040,T-shirt,Clothing,115.84,2023-03-08,6,202,Chicago
1041,Chair,Furniture,579.42,2023-04-12,1,331,"New York"
1042,Jeans,Clothing,734.04,2023-06-14,4,30,"Los Angeles"
1043,"Remote Control Car",Toys,681.51,2023-05-19,8,340,"New York"
1044,"Remote Control Car",Toys,331.69,2023-01-21,6,256,Miami
1045,"Art Book",Books,382.57,2023-02-15,2,424,Miami
1046,"Board Game",Toys,788.51,2023-04-20,7,288,Miami
1047,Jacket,Clothing,509.55,2023-02-09,6,83,"New York"
1048,Keyboard,Electronics,907.32,2023-01-13,7,469,Houston
1049,Keyboard,Electronics,879.96,2023-06-22,2,436,Miami
1050,"Remote Control Car",Toys,940.06,2023-06-03,5,318,Miami
1051,Dress,Clothing,906.37,2023-02-17,7,128,Chicago
1052,Shoes,Clothing,466.55,2023-03-18,8,147,"Los Angeles"
1053,"Art Book",Books,817.84,2023-04-24,7,290,Miami
1054,Chair,Furniture,888.28,2023-06-17,10,83,Miami
1055,"Non-fiction Book",Books,895.26,2023-05-20,2,329,Houston
1056,Jeans,Clothing,274.41,2023-03-02,9,155,Miami
1057,Doll,Toys,828.76,2023-03-08,4,336,"Los Angeles"
1058,Jeans,Clothing,147.48,2023-06-07,10,3,"Los Angeles"
1059,Bed,Furniture,546.69,2023-03-08,3,471,"New York"
1060,Dress,Clothing,898.11,2023-06-24,2,431,Miami
1061,"History Book",Books,182.46,2023-01-14,9,431,Miami
1062,"Fiction Book",Books,940.94,2023-04-26,4,11,Miami
1063,"Non-fiction Book",Books,361.81,2023-01-18,5,366,Chicago
1064,Smartwatch,Electronics,484.02,2023-02-28,2,433,Miami
1065,T-shirt,Clothing,847.34,2023-01-03,6,325,Houston
1066,Chair,Furniture,969.98,2023-04-02,7,293,"New York"
1067,Dress,Clothing,64.62,2023-05-08,4,287,Miami
1068,T-shirt,Clothing,107.97,2023-01-19,2,313,Chicago
1069,"Action Figure",Toys,695.09,2023-01-23,6,135,Houston
1070,Puzzle,Toys,396.17,2023-06-23,7,104,"New York"
1071,Wardrobe,Furniture,379.57,2023-03-09,8,264,Chicago
1072,"Art Book",Books,819.39,2023-02-08,7,216,"Los Angeles"
1073,Bookshelf,Furniture,191.09,2023-05-17,3,427,Chicago
1074,Chair,Furniture,625.17,2023-04-29,5,51,"Los Angeles"
1075,Tablet,Electronics,352.62,2023-06-16,6,41,Houston
1076,Nightstand,Furniture,170.39,2023-06-26,4,6,Miami
1077,Bookshelf,Furniture,352.89,2023-06-02,2,165,"New York"
1078,"History Book",Books,25.21,2023-05-20,9,342,"New York"
1079,"Remote Control Car",Toys,682.62,2023-04-22,1,200,Miami
1080,Mouse,Electronics,784.29,2023-02-08,8,477,Houston
1081,Laptop,Electronics,46.98,2023-06-05,2,138,Miami
1082,Jacket,Clothing,548.53,2023-03-06,2,325,Miami
1083,Smartphone,Electronics,912.54,2023-03-22,6,104,Chicago
1084,"Action Figure",Toys,292.71,2023-03-25,5,385,Chicago
1085,Jacket,Clothing,657.91,2023-03-28,5,371,"Los Angeles"
1086,"Science Book",Books,100.22,2023-01-25,4,258,Chicago
1087,Dress,Clothing,588.79,2023-04-23,4,434,"Los Angeles"
1088,"Board Game",Toys,671.93,2023-06-29,10,415,"Los Angeles"
1089,"Fiction Book",Books,343.67,2023-02-25,6,333,Houston
1090,"Remote Control Car",Toys,303.86,2023-04-17,1,247,"Los Angeles"
1091,Tablet,Electronics,203.18,2023-02-11,6,41,Houston
1092,Shoes,Clothing,321.45,2023-06-03,3,467,Houston
1093,Smartphone,Electronics,964.54,2023-05-09,7,122,"New York"
1094,Bed,Furniture,608.72,2023-05-10,8,336,"New York"
1095,Bookshelf,Furniture,672.31,2023-03-16,1,38,"New York"
1096,"Art Book",Books,282.19,2023-05-27,3,337,Houston
1097,Jeans,Clothing,911.57,2023-05-17,1,32,"New York"
1098,Bed,Furniture,364.39,2023-03-04,7,73,Miami
1099,"Art Book",Books,189.86,2023-03-23,7,37,"Los Angeles"
1100,Dresser,Furniture,328.10,2023-05-02,5,490,Houston
1101,Dress,Clothing,611.78,2023-05-24,2,208,Chicago
1102,"History Book",Books,110.82,2023-05-01,1,53,Chicago
1103,Doll,Toys,852.72,2023-02-18,8,38,"New York"
1104,Smartphone,Electronics,143.68,2023-04-10,4,15,"New York"
1105,Jeans,Clothing,198.08,2023-06-08,9,211,Houston
1106,Tablet,Electronics,228.53,2023-02-25,9,193,"Los Angeles"
1107,Jacket,Clothing,866.56,2023-02-11,6,68,Miami
1108,Jeans,Clothing,600.42,2023-05-26,3,372,"New York"
1109,"Action Figure",Toys,352.84,2023-02-12,2,423,Miami
1110,"Action Figure",Toys,196.77,2023-06-26,4,306,"New York"
1111,"Science Book",Books,179.47,2023-03-13,5,52,"New York"
1112,Bed,Furniture,6.86,2023-05-20,9,452,Miami
1113,Desk,Furniture,796.18,2023-05-12,3,72,Miami
1114,Smartphone,Electronics,572.69,2023-06-02,6,36,Houston
1115,"Non-fiction Book",Books,99.54,2023-05-13,4,351,"Los Angeles"
1116,"Non-fiction Book",Books,589.97,2023-06-25,2,296,Houston
1117,Jeans,Clothing,348.46,2023-05-09,6,221,Houston
1118,"Remote Control Car",Toys,534.02,2023-06-29,4,457,Chicago
1119,Dresser,Furniture,269.93,2023-02-19,6,30,Chicago
1120,"Science Book",Books,585.67,2023-03-19,4,320,"New York"
1121,Sofa,Furniture,488.26,2023-04-28,8,16,Houston
1122,"Non-fiction Book",Books,66.73,2023-04-24,10,429,Chicago
1123,"Art Book",Books,203.15,2023-04-12,3,184,"Los Angeles"
1124,"Remote Control Car",Toys,981.57,2023-01-15,5,26,Miami
1125,Dresser,Furniture,434.67,2023-02-14,10,471,Miami
1126,"Science Book",Books,938.50,2023-06-21,10,451,Houston
1127,Jacket,Clothing,206.87,2023-05-12,1,8,Miami
1128,"History Book",Books,971.78,2023-01-07,3,88,"New York"
1129,Camera,Electronics,952.26,2023-03-03,9,93,Chicago
1130,T-shirt,Clothing,57.20,2023-01-05,10,351,Houston
1131,Keyboard,Electronics,208.46,2023-04-14,3,251,Houston
1132,Bookshelf,Furniture,949.92,2023-04-13,10,128,"Los Angeles"
1133,"History Book",Books,767.85,2023-03-22,10,145,Houston
1134,Dress,Clothing,730.25,2023-03-01,5,137,"New York"
1135,Chair,Furniture,147.93,2023-02-08,7,246,Chicago
1136,Sofa,Furniture,82.02,2023-04-28,1,42,"Los Angeles"
1137,"Science Book",Books,148.02,2023-03-02,3,69,"New York"
1138,"Fiction Book",Books,271.77,2023-02-24,8,320,"New York"
1139,Shoes,Clothing,912.58,2023-01-16,8,134,"Los Angeles"
1140,Dresser,Furniture,632.30,2023-01-19,7,418,"Los Angeles"
1141,Puzzle,Toys,64.38,2023-01-04,9,210,Chicago
1142,"History Book",Books,188.25,2023-05-27,5,19,Houston
1143,Shoes,Clothing,376.44,2023-01-23,5,58,"New York"
1144,Smartphone,Electronics,910.08,2023-04-03,9,341,Miami
1145,Wardrobe,Furniture,414.86,2023-04-01,3,397,"New York"
1146,Jeans,Clothing,366.55,2023-02-09,10,151,Chicago
1147,"Fiction Book",Books,374.52,2023-04-03,5,349,"New York"
1148,"History Book",Books,609.21,2023-06-21,10,429,Chicago
1149,"Fiction Book",Books,374.50,2023-04-20,10,382,"New York"
1150,Camera,Electronics,277.44,2023-05-26,3,305,Chicago
1151,Sofa,Furniture,443.67,2023-03-12,7,467,Miami
1152,Dresser,Furniture,646.28,2023-02-16,4,20,"New York"
1153,Jacket,Clothing,377.06,2023-05-11,6,163,"New York"
1154,"History Book",Books,91.00,2023-01-12,1,3,Miami
1155,Shoes,Clothing,254.46,2023-03-03,10,371,Miami
1156,"Board Game",Toys,81.73,2023-02-02,7,403,"New York"
1157,"Non-fiction Book",Books,71.22,2023-05-15,6,178,"Los Angeles"
1158,Keyboard,Electronics,25.30,2023-06-10,4,113,Miami
1159,Bookshelf,Furniture,27.72,2023-01-08,2,263,"Los Angeles"
1160,Jeans,Clothing,449.66,2023-04-04,3,348,Houston
1161,Jeans,Clothing,382.79,2023-05-19,8,122,"New York"
1162,"Fiction Book",Books,684.13,2023-06-28,9,264,Miami
1163,Smartwatch,Electronics,894.65,2023-04-15,3,192,"Los Angeles"
1164,Keyboard,Electronics,130.37,2023-02-27,3,36,Houston
1165,T-shirt,Clothing,146.25,2023-03-16,7,433,Chicago
1166,"Non-fiction Book",Books,319.53,2023-05-01,4,464,Chicago
1167,Dress,Clothing,849.51,2023-05-02,9,83,"Los Angeles"
1168,Laptop,Electronics,931.54,2023-01-11,6,174,"Los Angeles"
1169,Smartwatch,Electronics,892.22,2023-04-24,5,234,Miami
1170,Sofa,Furniture,661.02,2023-04-08,8,11,Miami
1171,Shoes,Clothing,935.04,2023-06-21,10,484,Miami
1172,"Action Figure",Toys,546.13,2023-01-29,2,137,Miami
1173,"Fiction Book",Books,155.53,2023-04-01,1,334,"Los Angeles"
1174,Laptop,Electronics,385.22,2023-03-09,8,222,"New York"
1175,Laptop,Electronics,355.17,2023-03-20,2,120,Miami
1176,"Science Book",Books,436.56,2023-05-29,9,289,Chicago
1177,Dress,Clothing,503.54,2023-02-06,5,441,Miami
1178,"Remote Control Car",Toys,466.43,2023-05-25,7,354,Houston
1179,Desk,Furniture,594.62,2023-06-01,5,287,Houston
1180,"Coffee Table",Furniture,958.03,2023-03-20,4,111,"New York"
1181,Wardrobe,Furniture,569.22,2023-02-01,2,180,"Los Angeles"
1182,Bed,Furniture,392.72,2023-05-05,3,136,Chicago
1183,"Action Figure",Toys,244.71,2023-02-06,3,389,"New York"
1184,"Board Game",Toys,53.72,2023-04-05,5,388,Chicago
1185,"Board Game",Toys,637.01,2023-04-26,3,263,Houston
1186,"Coffee Table",Furniture,109.35,2023-02-27,3,184,"New York"
1187,Keyboard,Electronics,790.26,2023-05-03,1,39,"Los Angeles"
1188,"Coffee Table",Furniture,800.12,2023-05-08,2,266,"Los Angeles"
1189,"Art Book",Books,120.30,2023-01-03,8,238,"Los Angeles"
1190,Puzzle,Toys,814.45,2023-06-23,4,8,Miami
1191,"Non-fiction Book",Books,541.94,2023-06-07,8,89,Houston
1192,Jacket,Clothing,578.22,2023-01-14,7,483,Miami
1193,"Science Book",Books,934.80,2023-06-15,8,83,Chicago
1194,"Remote Control Car",Toys,188.78,2023-01-10,7,145,"Los Angeles"
1195,Smartphone,Electronics,198.07,2023-05-24,4,264,Chicago
1196,Puzzle,Toys,386.28,2023-04-13,8,394,Miami
1197,"Board Game",Toys,289.20,2023-05-27,3,308,Chicago
1198,Bookshelf,Furniture,723.91,2023-04-17,8,92,Chicago
1199,Smartphone,Electronics,987.81,2023-05-06,6,258,"New York"
1200,Dress,Clothing,909.27,2023-01-18,8,249,"Los Angeles"
1201,T-shirt,Clothing,203.72,2023-03-29,9,310,Houston
1202,T-shirt,Clothing,64.44,2023-01-29,7,275,Miami
1203,"Action Figure",Toys,902.66,2023-06-27,3,83,"New York"
1204,"Coffee Table",Furniture,192.98,2023-04-20,5,223,Miami
1205,Keyboard,Electronics,94.15,2023-02-06,8,44,"Los Angeles"
1206,"Board Game",Toys,738.18,2023-03-09,7,115,"New York"
1207,Doll,Toys,99.14,2023-02-26,3,230,Chicago
1208,"Action Figure",Toys,662.08,2023-01-22,7,377,Miami
1209,Bed,Furniture,373.48,2023-04-27,2,345,"New York"
1210,Chair,Furniture,778.48,2023-04-10,5,242,"New York"
1211,Dresser,Furniture,564.37,2023-06-14,9,305,Chicago
1212,"Table Lamp",Furniture,625.34,2023-03-27,6,63,"New York"
1213,Laptop,Electronics,567.48,2023-03-02,10,441,Chicago
1214,"Fiction Book",Books,484.36,2023-01-11,9,37,Miami
1215,Puzzle,Toys,451.10,2023-06-04,10,60,Houston
1216,Jeans,Clothing,939.99,2023-05-22,2,118,Miami
1217,Bookshelf,Furniture,784.85,2023-05-25,7,416,"Los Angeles"
1218,Jeans,Clothing,677.50,2023-04-05,6,184,"New York"
1219,Desk,Furniture,665.38,2023-01-11,3,134,Chicago
1220,Dress,Clothing,392.72,2023-05-07,4,310,"New York"
1221,Shoes,Clothing,104.46,2023-06-17,4,481,Houston
1222,"Remote Control Car",Toys,438.86,2023-02-07,8,492,Houston
1223,"Remote Control Car",Toys,659.32,2023-05-30,2,204,Chicago
1224,"Coffee Table",Furniture,921.33,2023-03-17,4,209,"New York"
1225,Keyboard,Electronics,873.72,2023-06-29,4,401,Miami
1226,"Table Lamp",Furniture,907.03,2023-06-13,9,160,"New York"
1227,"Action Figure",Toys,729.60,2023-03-03,6,291,"Los Angeles"
1228,Puzzle,Toys,934.36,2023-03-12,2,290,Chicago
1229,T-shirt,Clothing,2.00,2023-05-13,7,81,Houston
1230,Shoes,Clothing,119.20,2023-06-14,3,139,Houston
1231,Speaker,Electronics,453.05,2023-04-01,2,147,Miami
1232,Laptop,Electronics,842.55,2023-04-30,8,464,"Los Angeles"
1233,"Non-fiction Book",Books,40.42,2023-01-01,10,250,Houston
1234,Shoes,Clothing,116.52,2023-06-11,2,488,Chicago
1235,Shoes,Clothing,52.17,2023-04-17,9,131,Miami
1236,"Science Book",Books,602.31,2023-04-04,8,178,Chicago
1237,Smartphone,Electronics,92.84,2023-02-21,2,465,"New York"
1238,Headphones,Electronics,734.49,2023-03-01,5,103,Houston
1239,Puzzle,Toys,207.15,2023-02-06,4,156,Chicago
1240,Tablet,Electronics,840.10,2023-04-08,2,160,"New York"
1241,Nightstand,Furniture,930.96,2023-06-18,9,307,Chicago
1242,Wardrobe,Furniture,543.50,2023-02-07,5,206,Miami
1243,"Action Figure",Toys,129.15,2023-01-15,1,406,"New York"
1244,"Non-fiction Book",Books,803.50,2023-06-10,1,312,Miami
1245,"Fiction Book",Books,126.11,2023-03-06,5,11,Miami
1246,Monitor,Electronics,91.05,2023-03-30,2,201,Chicago
1247,Dresser,Furniture,410.58,2023-02-10,9,406,"Los Angeles"
1248,"Coffee Table",Furniture,619.69,2023-06-06,5,442,Miami
1249,"Remote Control Car",Toys,658.00,2023-04-23,2,469,"New York"
1250,Laptop,Electronics,393.46,2023-03-25,2,151,"New York"
1251,Dress,Clothing,484.47,2023-01-30,4,197,Miami
1252,Doll,Toys,839.95,2023-01-28,3,405,"Los Angeles"
1253,"Action Figure",Toys,314.67,2023-03-18,2,291,"Los Angeles"
1254,Nightstand,Furniture,997.98,2023-02-04,10,119,"Los Angeles"
1255,"Fiction Book",Books,780.34,2023-05-28,8,174,Chicago
1256,Smartwatch,Electronics,517.24,2023-05-12,2,170,"Los Angeles"
1257,Doll,Toys,517.48,2023-06-13,10,91,Miami
1258,Bed,Furniture,471.93,2023-06-28,6,393,"Los Angeles"
1259,"Action Figure",Toys,217.88,2023-01-05,5,164,"New York"
1260,Doll,Toys,158.63,2023-02-03,5,333,Miami
1261,"Remote Control Car",Toys,813.47,2023-02-05,6,77,"New York"
1262,Tablet,Electronics,943.73,2023-06-17,9,182,"Los Angeles"
1263,Jacket,Clothing,563.08,2023-06-20,1,179,Houston
1264,Bookshelf,Furniture,874.49,2023-03-07,3,468,"New York"
1265,Jeans,Clothing,593.75,2023-03-06,1,495,Miami
1266,T-shirt,Clothing,701.28,2023-02-20,4,336,Chicago
1267,"Coffee Table",Furniture,975.33,2023-05-09,7,11,"Los Angeles"
1268,Doll,Toys,603.45,2023-01-14,6,302,"Los Angeles"
1269,"Art Book",Books,197.63,2023-02-21,9,149,Miami
1270,Monitor,Electronics,565.49,2023-05-19,2,247,Miami
1271,T-shirt,Clothing,619.56,2023-04-12,10,44,Chicago
1272,Jeans,Clothing,257.68,2023-05-04,7,138,"Los Angeles"
1273,Smartphone,Electronics,976.46,2023-06-03,4,71,Houston
1274,"Remote Control Car",Toys,625.91,2023-03-07,10,309,"Los Angeles"
1275,Dress,Clothing,881.26,2023-01-15,8,257,"Los Angeles"
1276,Tablet,Electronics,36.84,2023-04-01,4,228,"New York"
1277,Monitor,Electronics,457.60,2023-01-31,5,460,"New York"
1278,"Action Figure",Toys,153.50,2023-02-10,7,319,"New York"
1279,Headphones,Electronics,675.80,2023-01-08,2,377,"Los Angeles"
1280,"Remote Control Car",Toys,989.64,2023-01-13,4,366,Chicago
1281,"Coffee Table",Furniture,97.95,2023-02-03,7,332,"Los Angeles"
1282,Doll,Toys,81.25,2023-03-03,5,162,"Los Angeles"
1283,Smartwatch,Electronics,269.41,2023-02-19,6,488,"New York"
1284,Headphones,Electronics,418.67,2023-06-17,4,81,Houston
1285,"Science Book",Books,704.85,2023-06-03,2,123,Houston
1286,Puzzle,Toys,217.11,2023-02-07,4,176,Chicago
1287,"Non-fiction Book",Books,823.67,2023-03-14,6,273,"New York"
1288,"Non-fiction Book",Books,501.74,2023-04-07,2,155,Miami
1289,Laptop,Electronics,670.01,2023-06-13,6,437,Miami
1290,Jacket,Clothing,298.77,2023-03-03,9,25,Houston
1291,"Remote Control Car",Toys,600.44,2023-04-05,9,245,"New York"
1292,Shoes,Clothing,628.17,2023-04-04,8,3,Miami
1293,Dress,Clothing,882.95,2023-01-25,1,353,Chicago
1294,Mouse,Electronics,165.68,2023-02-05,5,420,Houston
1295,Smartwatch,Electronics,850.31,2023-02-09,6,30,Houston
1296,Headphones,Electronics,422.62,2023-05-21,7,406,"New York"
1297,Bed,Furniture,902.60,2023-02-22,8,419,Miami
1298,"Table Lamp",Furniture,106.07,2023-05-12,4,261,Chicago
1299,Wardrobe,Furniture,158.21,2023-03-03,3,78,"New York"
1300,"Action Figure",Toys,823.95,2023-06-10,10,104,"New York"
1301,Doll,Toys,995.09,2023-06-09,5,284,Chicago
1302,"Science Book",Books,18.38,2023-04-27,2,495,"Los Angeles"
1303,Puzzle,Toys,488.37,2023-03-15,6,305,"Los Angeles"
1304,"Board Game",Toys,671.11,2023-06-17,7,181,Miami
1305,Shoes,Clothing,632.96,2023-04-27,4,381,Houston
1306,"Art Book",Books,236.39,2023-05-06,8,370,Chicago
1307,"History Book",Books,292.24,2023-02-18,5,282,"Los Angeles"
1308,Desk,Furniture,735.51,2023-03-10,8,184,Houston
1309,Dress,Clothing,66.08,2023-05-08,4,293,Miami
1310,"Fiction Book",Books,849.60,2023-02-06,5,340,"New York"
1311,Monitor,Electronics,674.87,2023-02-06,10,140,Chicago
1312,T-shirt,Clothing,283.15,2023-06-15,8,467,Chicago
1313,Shoes,Clothing,415.75,2023-02-05,8,25,"New York"
1314,Smartwatch,Electronics,687.96,2023-04-06,6,184,"New York"
1315,Wardrobe,Furniture,583.53,2023-03-13,3,10,"Los Angeles"
1316,"History Book",Books,654.95,2023-06-07,5,234,"New York"
1317,Puzzle,Toys,214.99,2023-02-06,4,106,Miami
1318,Chair,Furniture,22.25,2023-05-11,6,318,Chicago
1319,T-shirt,Clothing,321.54,2023-01-12,4,294,Miami
1320,Jeans,Clothing,948.39,2023-05-08,7,177,Houston
1321,"Coffee Table",Furniture,493.35,2023-03-02,3,18,Chicago
1322,"Science Book",Books,712.90,2023-06-29,9,119,Houston
1323,Jacket,Clothing,853.83,2023-02-07,5,418,Houston
1324,Puzzle,Toys,770.95,2023-04-29,10,478,Miami
1325,"Table Lamp",Furniture,338.72,2023-06-15,6,54,Miami
1326,"Science Book",Books,755.07,2023-04-06,4,145,"Los Angeles"
1327,"History Book",Books,530.54,2023-03-13,4,371,Chicago
1328,Shoes,Clothing,933.40,2023-06-29,2,478,"Los Angeles"
1329,Laptop,Electronics,311.01,2023-01-17,6,197,"Los Angeles"
1330,"Fiction Book",Books,655.28,2023-06-16,7,287,Miami
1331,T-shirt,Clothing,172.83,2023-03-10,4,403,Miami
1332,Puzzle,Toys,15.90,2023-06-17,7,107,"Los Angeles"
1333,"History Book",Books,116.10,2023-05-02,1,64,Chicago
1334,Desk,Furniture,247.13,2023-01-15,7,46,Chicago
1335,"Board Game",Toys,1.67,2023-02-10,2,457,"Los Angeles"
1336,Desk,Furniture,59.61,2023-02-18,2,496,Chicago
1337,Jacket,Clothing,997.64,2023-01-08,3,457,Miami
1338,"Action Figure",Toys,279.81,2023-02-20,6,477,"New York"
1339,Jacket,Clothing,343.62,2023-06-08,4,83,Houston
1340,Wardrobe,Furniture,585.15,2023-03-12,2,401,Chicago
1341,"Non-fiction Book",Books,134.34,2023-06-16,3,194,"Los Angeles"
1342,Monitor,Electronics,524.96,2023-05-08,10,366,Houston
1343,Jeans,Clothing,98.68,2023-04-04,3,449,Houston
1344,Chair,Furniture,390.36,2023-04-20,9,286,"Los Angeles"
1345,Sofa,Furniture,971.62,2023-02-06,1,420,Miami
1346,Speaker,Electronics,358.17,2023-06-11,5,209,Miami
1347,Puzzle,Toys,22.24,2023-01-01,10,369,Miami
1348,Doll,Toys,979.12,2023-05-15,8,348,"New York"
1349,T-shirt,Clothing,121.32,2023-02-14,9,296,"Los Angeles"
1350,Smartphone,Electronics,209.10,2023-06-06,8,496,Houston
1351,Smartwatch,Electronics,190.57,2023-01-06,6,380,"New York"
1352,Mouse,Electronics,83.60,2023-06-10,3,190,"Los Angeles"
1353,Smartphone,Electronics,807.44,2023-06-02,9,271,"Los Angeles"
1354,"Science Book",Books,215.94,2023-05-26,4,245,"Los Angeles"
1355,Tablet,Electronics,332.76,2023-05-24,10,246,Chicago
1356,Tablet,Electronics,852.06,2023-03-21,7,444,Chicago
1357,"Remote Control Car",Toys,769.54,2023-02-05,7,425,"New York"
1358,Chair,Furniture,906.96,2023-06-24,2,366,"Los Angeles"
1359,Smartphone,Electronics,613.46,2023-06-29,2,360,"New York"
1360,"Fiction Book",Books,934.57,2023-04-26,5,48,"Los Angeles"
1361,Monitor,Electronics,796.83,2023-06-01,9,310,Houston
1362,Smartphone,Electronics,663.18,2023-02-08,1,351,"Los Angeles"
1363,T-shirt,Clothing,343.72,2023-03-11,10,191,"New York"
1364,"Non-fiction Book",Books,908.51,2023-05-31,5,413,Houston
1365,Mouse,Electronics,131.98,2023-01-25,3,29,Chicago
1366,"Action Figure",Toys,788.92,2023-05-11,3,70,Miami
1367,Camera,Electronics,763.49,2023-03-08,6,328,Houston
1368,Camera,Electronics,709.23,2023-01-14,3,490,"New York"
1369,"Action Figure",Toys,775.33,2023-04-09,5,192,Houston
1370,Dresser,Furniture,390.09,2023-06-06,2,132,Houston
1371,Keyboard,Electronics,867.17,2023-06-13,10,1,"New York"
1372,Puzzle,Toys,832.39,2023-01-30,4,37,Chicago
1373,Doll,Toys,905.94,2023-04-05,9,455,Miami
1374,T-shirt,Clothing,304.77,2023-06-20,9,146,Miami
1375,Smartphone,Electronics,475.12,2023-01-15,10,329,"Los Angeles"
1376,"History Book",Books,687.34,2023-01-08,2,290,Chicago
1377,"History Book",Books,683.88,2023-02-20,4,481,Houston
1378,"Science Book",Books,81.89,2023-01-11,1,37,"Los Angeles"
1379,"Board Game",Toys,265.27,2023-04-29,6,266,"New York"
1380,Monitor,Electronics,73.20,2023-03-23,1,424,"New York"
1381,Headphones,Electronics,591.00,2023-05-21,2,156,"New York"
1382,"Remote Control Car",Toys,154.61,2023-06-07,10,451,Houston
1383,Nightstand,Furniture,991.63,2023-01-15,5,437,"New York"
1384,"Remote Control Car",Toys,393.02,2023-06-28,8,450,"New York"
1385,Tablet,Electronics,773.65,2023-01-25,4,165,Houston
1386,Keyboard,Electronics,943.19,2023-03-25,5,37,Miami
1387,Monitor,Electronics,936.61,2023-05-21,1,71,Chicago
1388,"Fiction Book",Books,333.25,2023-03-26,4,189,Miami
1389,"Action Figure",Toys,900.24,2023-01-23,10,103,"Los Angeles"
1390,"Action Figure",Toys,381.22,2023-03-20,1,418,"New York"
1391,"Board Game",Toys,434.25,2023-05-26,8,163,"Los Angeles"
1392,Doll,Toys,449.42,2023-04-23,8,26,Miami
1393,Nightstand,Furniture,717.94,2023-05-20,8,128,"New York"
1394,"Action Figure",Toys,506.85,2023-03-20,7,20,"New York"
1395,"Non-fiction Book",Books,494.19,2023-03-08,4,351,Chicago
1396,Puzzle,Toys,477.61,2023-02-27,2,463,"New York"
1397,"Fiction Book",Books,391.50,2023-05-10,5,464,"Los Angeles"
1398,Mouse,Electronics,483.79,2023-04-29,9,142,Miami
1399,Dress,Clothing,688.84,2023-04-28,2,489,"Los Angeles"
1400,"History Book",Books,846.17,2023-03-19,7,391,"New York"
1401,Puzzle,Toys,200.77,2023-01-29,2,217,Houston
1402,"Action Figure",Toys,421.65,2023-04-19,8,488,Houston
1403,Smartwatch,Electronics,89.50,2023-03-16,9,411,Houston
1404,Doll,Toys,688.62,2023-05-08,5,112,Houston
1405,Doll,Toys,948.84,2023-05-19,10,329,"Los Angeles"
1406,Shoes,Clothing,155.91,2023-05-31,8,38,"Los Angeles"
1407,Puzzle,Toys,39.93,2023-06-28,9,122,Houston
1408,"Non-fiction Book",Books,445.75,2023-03-07,5,176,"Los Angeles"
1409,Desk,Furniture,985.71,2023-06-04,4,73,Houston
1410,Smartphone,Electronics,62.51,2023-02-13,1,170,Houston
1411,Bookshelf,Furniture,84.45,2023-02-21,2,9,Chicago
1412,"Fiction Book",Books,105.43,2023-02-26,3,155,Houston
1413,Camera,Electronics,968.65,2023-03-12,1,44,"Los Angeles"
1414,Headphones,Electronics,480.97,2023-01-19,1,17,Miami
1415,"History Book",Books,458.07,2023-01-21,2,293,"Los Angeles"
1416,Keyboard,Electronics,748.53,2023-04-01,3,419,"Los Angeles"
1417,"Coffee Table",Furniture,786.61,2023-04-13,5,341,Miami
1418,"Action Figure",Toys,384.22,2023-03-17,10,258,Houston
1419,Puzzle,Toys,903.72,2023-02-09,4,150,"Los Angeles"
1420,"Science Book",Books,735.49,2023-06-23,7,84,"New York"
1421,Dress,Clothing,39.49,2023-05-01,3,71,"New York"
1422,"Fiction Book",Books,877.29,2023-06-13,10,430,Chicago
1423,Smartphone,Electronics,941.59,2023-03-30,7,322,"Los Angeles"
1424,"Action Figure",Toys,598.18,2023-06-25,1,234,"New York"
1425,Tablet,Electronics,18.37,2023-02-18,3,329,Chicago
1426,Laptop,Electronics,387.69,2023-04-15,8,495,Houston
1427,Jacket,Clothing,619.09,2023-01-23,8,258,"Los Angeles"
1428,"Science Book",Books,426.07,2023-05-12,4,360,Chicago
1429,Smartphone,Electronics,973.38,2023-05-15,9,404,Houston
1430,"Non-fiction Book",Books,276.22,2023-05-11,8,380,Chicago
1431,Doll,Toys,524.69,2023-06-05,8,75,Chicago
1432,Headphones,Electronics,660.84,2023-01-03,1,183,Chicago
1433,"Board Game",Toys,612.27,2023-05-22,1,68,"Los Angeles"
1434,Jeans,Clothing,790.34,2023-02-10,8,44,"New York"
1435,"History Book",Books,315.65,2023-04-26,3,200,"New York"
1436,"Non-fiction Book",Books,465.44,2023-02-09,8,450,"Los Angeles"
1437,Monitor,Electronics,408.23,2023-01-10,1,38,"Los Angeles"
1438,"Remote Control Car",Toys,811.01,2023-02-26,2,356,"New York"
1439,"Art Book",Books,704.42,2023-04-29,2,459,"New York"
1440,Jeans,Clothing,432.95,2023-06-27,7,108,"New York"
1441,"Table Lamp",Furniture,177.09,2023-02-04,5,252,"Los Angeles"
1442,"Board Game",Toys,490.78,2023-02-13,8,488,Houston
1443,"Coffee Table",Furniture,510.72,2023-03-23,8,144,"Los Angeles"
1444,Sofa,Furniture,839.22,2023-04-17,5,186,Chicago
1445,"Fiction Book",Books,862.53,2023-02-14,7,279,Houston
1446,Chair,Furniture,36.45,2023-04-16,9,196,Chicago
1447,Tablet,Electronics,934.43,2023-06-08,6,166,Miami
1448,Sofa,Furniture,945.94,2023-01-20,7,78,Houston
1449,"Remote Control Car",Toys,235.67,2023-05-01,7,127,"Los Angeles"
1450,"Art Book",Books,75.23,2023-05-19,7,422,"Los Angeles"
1451,Monitor,Electronics,754.82,2023-04-17,8,376,Houston
1452,Puzzle,Toys,790.89,2023-05-28,8,58,Chicago
1453,"Remote Control Car",Toys,560.95,2023-03-12,3,96,"New York"
1454,Smartphone,Electronics,53.18,2023-01-13,2,337,Miami
1455,Monitor,Electronics,226.67,2023-01-16,8,256,"Los Angeles"
1456,Puzzle,Toys,798.10,2023-06-05,10,19,Chicago
1457,"Board Game",Toys,435.50,2023-05-30,9,392,"Los Angeles"
1458,Wardrobe,Furniture,939.45,2023-02-19,6,452,Miami
1459,"Art Book",Books,220.43,2023-04-01,9,408,Chicago
1460,"Action Figure",Toys,175.14,2023-02-26,1,123,"New York"
1461,"Remote Control Car",Toys,989.62,2023-02-09,2,495,Chicago
1462,"Board Game",Toys,690.31,2023-01-29,8,83,Houston
1463,"Science Book",Books,642.11,2023-04-15,10,85,Miami
1464,"Action Figure",Toys,17.60,2023-04-04,6,100,"Los Angeles"
1465,Keyboard,Electronics,173.05,2023-03-09,4,325,"New York"
1466,Doll,Toys,601.72,2023-01-18,7,85,Houston
1467,Bookshelf,Furniture,579.39,2023-06-24,2,336,"New York"
1468,Smartphone,Electronics,324.22,2023-03-12,10,378,Miami
1469,Puzzle,Toys,707.38,2023-04-26,1,279,Chicago
1470,"Science Book",Books,880.39,2023-01-12,7,90,Miami
1471,"Board Game",Toys,7.40,2023-04-10,8,33,"New York"
1472,Desk,Furniture,511.87,2023-03-08,4,217,"Los Angeles"
1473,"Remote Control Car",Toys,527.76,2023-01-13,8,323,Miami
1474,"Non-fiction Book",Books,58.09,2023-01-24,5,10,Houston
1475,Camera,Electronics,886.01,2023-05-26,4,262,Chicago
1476,"Art Book",Books,368.86,2023-02-20,3,310,"Los Angeles"
1477,"Table Lamp",Furniture,957.47,2023-02-03,1,345,"Los Angeles"
1478,Jeans,Clothing,57.05,2023-03-26,2,228,Houston
1479,Jacket,Clothing,724.18,2023-02-14,1,279,Houston
1480,Desk,Furniture,67.52,2023-02-10,10,480,"New York"
1481,Camera,Electronics,770.09,2023-02-17,1,157,Chicago
1482,Jeans,Clothing,677.56,2023-04-16,10,374,"New York"
1483,"Board Game",Toys,702.30,2023-01-08,1,163,"Los Angeles"
1484,"Remote Control Car",Toys,456.83,2023-03-05,4,462,Chicago
1485,"Table Lamp",Furniture,757.58,2023-01-12,1,15,"New York"
1486,"Remote Control Car",Toys,700.56,2023-05-04,4,285,Miami
1487,"Science Book",Books,35.54,2023-03-14,10,187,"New York"
1488,Shoes,Clothing,315.22,2023-05-18,9,49,Miami
1489,Doll,Toys,219.11,2023-03-23,6,312,"Los Angeles"
1490,"Art Book",Books,525.60,2023-05-03,9,21,Houston
1491,"Fiction Book",Books,264.34,2023-01-30,1,351,"Los Angeles"
1492,"Remote Control Car",Toys,385.12,2023-01-02,9,193,"Los Angeles"
1493,Bed,Furniture,602.60,2023-04-13,1,256,Chicago
1494,Jacket,Clothing,640.59,2023-01-28,9,379,"Los Angeles"
1495,Tablet,Electronics,419.94,2023-02-10,9,330,Houston
1496,Dress,Clothing,535.55,2023-03-24,7,37,"Los Angeles"
1497,Bookshelf,Furniture,856.20,2023-03-03,2,324,Miami
1498,"Table Lamp",Furniture,293.91,2023-05-07,7,37,Chicago
1499,Speaker,Electronics,593.12,2023-01-17,7,50,Chicago
1500,Speaker,Electronics,469.52,2023-04-07,3,382,Miami
1501,"Science Book",Books,21.61,2023-06-07,4,447,Chicago
1502,Speaker,Electronics,193.88,2023-02-13,7,199,"New York"
1503,"Table Lamp",Furniture,499.95,2023-06-17,2,478,"Los Angeles"
1504,"Art Book",Books,248.39,2023-03-29,7,489,Miami
1505,Keyboard,Electronics,810.36,2023-04-23,7,286,Houston
1506,Wardrobe,Furniture,550.92,2023-02-02,3,339,Houston
1507,Sofa,Furniture,534.66,2023-06-14,10,50,Chicago
1508,"Science Book",Books,132.36,2023-03-21,9,394,Chicago
1509,Doll,Toys,799.30,2023-01-05,8,264,Chicago
1510,"Board Game",Toys,508.49,2023-05-23,5,403,Houston
1511,Headphones,Electronics,172.84,2023-04-25,7,199,"New York"
1512,"Action Figure",Toys,223.71,2023-05-04,8,383,Chicago
1513,Desk,Furniture,447.74,2023-06-24,6,322,Houston
1514,Jeans,Clothing,172.60,2023-06-13,1,227,"New York"
1515,Dress,Clothing,697.94,2023-05-13,6,343,Houston
1516,T-shirt,Clothing,827.80,2023-01-16,10,221,"Los Angeles"
1517,"Art Book",Books,806.17,2023-02-11,8,2,Houston
1518,"Board Game",Toys,162.05,2023-04-17,5,281,Chicago
1519,"Table Lamp",Furniture,807.97,2023-02-24,1,292,Houston
1520,Wardrobe,Furniture,268.51,2023-05-18,1,389,Miami
1521,"Remote Control Car",Toys,577.04,2023-03-08,2,242,"New York"
1522,"Action Figure",Toys,880.77,2023-01-25,1,410,Miami
1523,Dresser,Furniture,398.49,2023-01-02,9,96,Chicago
1524,Dress,Clothing,643.75,2023-06-03,4,39,Chicago
1525,"History Book",Books,206.57,2023-06-11,9,330,Houston
1526,T-shirt,Clothing,475.23,2023-06-11,1,275,Houston
1527,Chair,Furniture,525.66,2023-02-06,5,313,Houston
1528,Headphones,Electronics,794.47,2023-04-29,9,261,Miami
1529,Tablet,Electronics,323.83,2023-05-29,2,128,Miami
1530,Dress,Clothing,732.79,2023-06-05,2,12,Houston
1531,"Fiction Book",Books,511.92,2023-02-14,7,378,Houston
1532,Mouse,Electronics,269.60,2023-05-23,2,182,"Los Angeles"
1533,"Art Book",Books,790.61,2023-03-23,9,36,Houston
1534,Bookshelf,Furniture,38.31,2023-01-06,1,45,"Los Angeles"
1535,T-shirt,Clothing,19.08,2023-06-19,7,236,"Los Angeles"
1536,T-shirt,Clothing,133.34,2023-03-12,6,338,Houston
1537,Bed,Furniture,225.48,2023-06-10,8,98,Houston
1538,"Science Book",Books,127.52,2023-03-03,4,301,"New York"
1539,"Table Lamp",Furniture,878.94,2023-05-02,8,304,Miami
1540,Shoes,Clothing,695.67,2023-06-28,9,209,Chicago
1541,"Board Game",Toys,883.58,2023-05-11,10,319,"Los Angeles"
1542,T-shirt,Clothing,620.29,2023-06-03,5,241,"New York"
1543,Jacket,Clothing,528.10,2023-02-21,9,163,"New York"
1544,"History Book",Books,84.57,2023-01-07,10,238,Houston
1545,"History Book",Books,104.79,2023-04-17,7,252,Chicago
1546,Bookshelf,Furniture,285.21,2023-02-22,7,97,"New York"
1547,Smartwatch,Electronics,411.85,2023-06-29,8,396,Houston
1548,Tablet,Electronics,865.24,2023-05-09,10,358,Houston
1549,Camera,Electronics,565.55,2023-03-14,4,208,"New York"
1550,Nightstand,Furniture,27.60,2023-02-18,3,263,Miami
1551,Jeans,Clothing,862.03,2023-03-12,4,318,"New York"
1552,Dress,Clothing,246.02,2023-03-21,5,32,Miami
1553,Bookshelf,Furniture,319.49,2023-03-20,3,419,Chicago
1554,Doll,Toys,584.09,2023-01-10,6,215,Chicago
1555,"Science Book",Books,810.01,2023-03-07,4,424,"New York"
1556,"Remote Control Car",Toys,30.06,2023-03-22,2,217,Houston
1557,Headphones,Electronics,399.63,2023-04-27,1,115,"New York"
1558,Dress,Clothing,148.91,2023-01-16,10,349,Chicago
1559,Jacket,Clothing,0.81,2023-01-04,2,221,Miami
1560,Laptop,Electronics,436.08,2023-04-18,7,295,Miami
1561,Doll,Toys,263.40,2023-02-21,7,154,Houston
1562,Bed,Furniture,460.08,2023-06-17,3,274,Miami
1563,Monitor,Electronics,532.64,2023-05-07,10,213,Chicago
1564,"Science Book",Books,633.26,2023-03-17,2,338,Miami
1565,Camera,Electronics,159.59,2023-02-03,5,345,"New York"
1566,Jacket,Clothing,632.02,2023-06-01,3,492,"New York"
1567,Mouse,Electronics,257.89,2023-05-13,10,161,Miami
1568,Jacket,Clothing,328.95,2023-03-09,9,144,Houston
1569,Smartphone,Electronics,993.55,2023-05-29,2,97,Chicago
1570,Dresser,Furniture,438.32,2023-02-12,9,330,Houston
1571,Nightstand,Furniture,361.68,2023-01-19,5,391,Houston
1572,Puzzle,Toys,69.28,2023-06-28,8,366,Chicago
1573,"Board Game",Toys,754.52,2023-02-03,7,364,Houston
1574,Camera,Electronics,589.84,2023-03-31,8,57,"Los Angeles"
1575,"Fiction Book",Books,529.96,2023-03-03,2,302,Houston
1576,Nightstand,Furniture,535.86,2023-06-11,9,361,Miami
1577,"Non-fiction Book",Books,525.78,2023-05-20,3,76,Miami
1578,"Remote Control Car",Toys,434.92,2023-05-11,4,196,"New York"
1579,"Board Game",Toys,590.12,2023-04-14,2,416,Miami
1580,"Science Book",Books,975.11,2023-02-06,2,445,"New York"
1581,Headphones,Electronics,861.25,2023-06-13,10,26,"Los Angeles"
1582,"Remote Control Car",Toys,921.84,2023-06-29,3,70,"New York"
1583,"Non-fiction Book",Books,206.91,2023-03-01,1,80,Houston
1584,Laptop,Electronics,546.30,2023-02-25,10,325,Chicago
1585,T-shirt,Clothing,165.48,2023-03-10,5,443,"Los Angeles"
1586,Jeans,Clothing,742.87,2023-04-07,5,344,"New York"
1587,Nightstand,Furniture,112.16,2023-05-04,1,205,Houston
1588,"History Book",Books,759.84,2023-04-29,1,53,Chicago
1589,Camera,Electronics,176.87,2023-02-18,9,167,"New York"
1590,"Remote Control Car",Toys,577.62,2023-03-08,2,256,"New York"
1591,Sofa,Furniture,123.00,2023-06-12,2,32,Miami
1592,Smartwatch,Electronics,233.31,2023-01-28,1,414,Miami
1593,Nightstand,Furniture,453.74,2023-04-08,4,66,Chicago
1594,Jeans,Clothing,223.56,2023-04-01,9,364,"New York"
1595,Chair,Furniture,895.65,2023-01-05,5,62,"Los Angeles"
1596,Smartwatch,Electronics,742.84,2023-06-10,3,261,Miami
1597,Puzzle,Toys,554.32,2023-06-12,9,245,Miami
1598,Laptop,Electronics,170.35,2023-03-16,6,247,Miami
1599,"Art Book",Books,70.11,2023-06-16,5,138,"New York"
1600,"Action Figure",Toys,815.18,2023-05-15,3,123,"Los Angeles"
1601,"Board Game",Toys,120.94,2023-06-10,1,394,Houston
1602,Puzzle,Toys,567.04,2023-05-29,5,302,Houston
1603,Speaker,Electronics,615.14,2023-02-07,2,171,"New York"
1604,Jacket,Clothing,306.63,2023-05-01,5,93,Houston
1605,Dress,Clothing,120.97,2023-01-19,2,195,Chicago
1606,Shoes,Clothing,584.79,2023-04-03,9,256,"New York"
1607,Smartphone,Electronics,209.91,2023-05-16,2,200,Houston
1608,Doll,Toys,767.92,2023-01-23,4,104,"New York"
1609,"Remote Control Car",Toys,975.24,2023-02-04,1,275,Houston
1610,"Science Book",Books,476.13,2023-05-29,7,500,Miami
1611,T-shirt,Clothing,971.01,2023-03-19,3,482,"New York"
1612,Shoes,Clothing,159.81,2023-01-29,4,74,Houston
1613,Bookshelf,Furniture,996.80,2023-05-22,10,189,"New York"
1614,Monitor,Electronics,249.34,2023-03-03,10,380,Miami
1615,Desk,Furniture,115.80,2023-03-23,10,91,"New York"
1616,Bookshelf,Furniture,749.46,2023-04-18,8,461,"Los Angeles"
1617,Keyboard,Electronics,744.19,2023-03-28,2,223,Houston
1618,Mouse,Electronics,162.97,2023-02-26,1,207,Miami
1619,Smartwatch,Electronics,308.75,2023-03-24,4,253,"Los Angeles"
1620,T-shirt,Clothing,872.35,2023-02-13,6,110,"Los Angeles"
1621,Smartphone,Electronics,196.37,2023-06-02,7,349,Chicago
1622,"Non-fiction Book",Books,174.06,2023-05-03,9,198,"Los Angeles"
1623,Wardrobe,Furniture,295.18,2023-06-03,4,138,"Los Angeles"
1624,Shoes,Clothing,121.09,2023-05-12,3,119,"Los Angeles"
1625,Puzzle,Toys,844.07,2023-01-02,6,283,"Los Angeles"
1626,"Science Book",Books,465.35,2023-06-04,9,445,Houston
1627,Mouse,Electronics,305.86,2023-05-30,3,363,Miami
1628,"Coffee Table",Furniture,915.13,2023-02-25,9,59,"New York"
1629,Dress,Clothing,760.25,2023-01-01,8,359,"Los Angeles"
1630,Shoes,Clothing,333.13,2023-02-13,3,188,"Los Angeles"
1631,"Action Figure",Toys,536.02,2023-03-24,7,51,Chicago
1632,"Science Book",Books,386.34,2023-03-04,6,414,Chicago
1633,Jacket,Clothing,679.37,2023-03-02,7,101,"New York"
1634,"History Book",Books,152.38,2023-04-28,9,46,"New York"
1635,"Action Figure",Toys,86.71,2023-01-14,2,177,Chicago
1636,Camera,Electronics,248.10,2023-04-28,6,309,Chicago
1637,Puzzle,Toys,837.52,2023-01-24,2,172,"Los Angeles"
1638,"Coffee Table",Furniture,901.69,2023-02-06,3,445,Chicago
1639,Camera,Electronics,959.73,2023-02-12,4,401,"New York"
1640,Laptop,Electronics,449.57,2023-05-28,8,163,"Los Angeles"
1641,"History Book",Books,634.45,2023-05-27,2,186,"Los Angeles"
1642,"Science Book",Books,423.98,2023-04-12,6,2,Chicago
1643,Camera,Electronics,266.75,2023-05-15,10,196,"New York"
1644,"Fiction Book",Books,295.43,2023-02-04,1,385,Houston
1645,Puzzle,Toys,362.92,2023-06-22,8,324,"New York"
1646,"Art Book",Books,506.61,2023-06-05,8,181,Chicago
1647,Laptop,Electronics,391.03,2023-04-12,7,293,Miami
1648,Tablet,Electronics,11.26,2023-03-18,1,77,Chicago
1649,Camera,Electronics,180.42,2023-02-14,7,363,Chicago
1650,T-shirt,Clothing,710.85,2023-03-06,7,115,"New York"
1651,Laptop,Electronics,293.31,2023-01-13,5,43,"New York"
1652,"Remote Control Car",Toys,82.56,2023-06-26,7,144,Chicago
1653,"History Book",Books,869.37,2023-01-09,7,477,Miami
1654,"History Book",Books,619.92,2023-06-07,6,6,Chicago
1655,Desk,Furniture,515.55,2023-03-02,2,343,"New York"
1656,"Remote Control Car",Toys,238.36,2023-05-08,9,477,"Los Angeles"
1657,"Art Book",Books,19.62,2023-04-01,5,385,Chicago
1658,Speaker,Electronics,396.77,2023-02-09,10,463,Miami
1659,Jeans,Clothing,885.55,2023-03-20,6,132,Houston
1660,Laptop,Electronics,338.07,2023-02-28,7,52,Houston
1661,Smartphone,Electronics,420.41,2023-05-28,9,335,Miami
1662,Sofa,Furniture,974.49,2023-02-10,2,162,"New York"
1663,Keyboard,Electronics,960.35,2023-03-22,4,242,"Los Angeles"
1664,Headphones,Electronics,278.90,2023-02-02,1,368,Chicago
1665,Sofa,Furniture,65.01,2023-04-28,1,203,Miami
1666,Puzzle,Toys,41.85,2023-01-18,4,258,Chicago
1667,"Action Figure",Toys,664.57,2023-01-16,5,452,"Los Angeles"
1668,Jeans,Clothing,536.99,2023-04-25,6,471,Miami
1669,Headphones,Electronics,189.60,2023-05-21,4,192,Miami
1670,Bed,Furniture,657.54,2023-06-12,6,23,Chicago
1671,"Art Book",Books,422.31,2023-03-04,5,155,"New York"
1672,"Non-fiction Book",Books,130.31,2023-06-04,9,439,Houston
1673,Puzzle,Toys,563.49,2023-05-12,10,307,"New York"
1674,Speaker,Electronics,236.92,2023-03-27,7,454,Chicago
1675,"Action Figure",Toys,696.18,2023-01-31,8,170,"Los Angeles"
1676,Doll,Toys,978.95,2023-06-10,6,491,"Los Angeles"
1677,"Fiction Book",Books,594.96,2023-05-13,9,126,Chicago
1678,Smartphone,Electronics,559.23,2023-05-23,3,38,Chicago
1679,Nightstand,Furniture,703.90,2023-05-22,9,384,"Los Angeles"
1680,Jeans,Clothing,46.33,2023-03-06,7,76,Miami
1681,"Art Book",Books,468.85,2023-04-27,9,100,Chicago
1682,Doll,Toys,722.77,2023-04-23,10,460,Houston
1683,"Action Figure",Toys,748.55,2023-04-14,7,216,"Los Angeles"
1684,Monitor,Electronics,447.99,2023-03-03,4,379,Houston
1685,Bed,Furniture,387.36,2023-04-04,5,281,Chicago
1686,Monitor,Electronics,976.40,2023-05-05,6,312,Chicago
1687,Dress,Clothing,409.60,2023-05-17,6,278,"New York"
1688,"Science Book",Books,821.83,2023-06-13,1,308,Miami
1689,Shoes,Clothing,361.40,2023-06-03,2,172,"New York"
1690,Puzzle,Toys,735.60,2023-05-13,5,102,Chicago
1691,Bookshelf,Furniture,249.82,2023-01-21,9,370,"Los Angeles"
1692,Monitor,Electronics,610.68,2023-01-12,5,110,Houston
1693,T-shirt,Clothing,344.13,2023-04-26,2,484,"Los Angeles"
1694,"Fiction Book",Books,820.31,2023-05-10,2,236,Miami
1695,Dress,Clothing,856.41,2023-06-13,10,58,Houston
1696,Smartphone,Electronics,402.12,2023-05-11,5,490,Chicago
1697,Keyboard,Electronics,5.57,2023-05-15,8,181,Houston
1698,Headphones,Electronics,532.29,2023-02-20,8,65,"Los Angeles"
1699,"Remote Control Car",Toys,78.60,2023-03-17,9,3,Chicago
1700,Sofa,Furniture,151.77,2023-01-15,10,256,Houston
1701,"Remote Control Car",Toys,262.94,2023-05-19,1,491,Houston
1702,"Non-fiction Book",Books,643.89,2023-01-29,9,398,Chicago
1703,"Non-fiction Book",Books,292.73,2023-04-21,2,51,Miami
1704,T-shirt,Clothing,712.36,2023-01-03,10,293,"New York"
1705,"Board Game",Toys,693.78,2023-06-04,3,223,Houston
1706,"History Book",Books,768.14,2023-03-27,1,474,Chicago
1707,"Art Book",Books,835.42,2023-02-07,6,52,Miami
1708,Smartwatch,Electronics,109.51,2023-04-16,6,103,"Los Angeles"
1709,"Science Book",Books,143.75,2023-03-31,1,391,Houston
1710,"Table Lamp",Furniture,576.99,2023-02-26,9,124,Houston
1711,"Action Figure",Toys,366.13,2023-02-13,1,386,Chicago
1712,Jacket,Clothing,357.27,2023-03-30,4,228,"New York"
1713,Wardrobe,Furniture,404.50,2023-04-10,6,47,Miami
1714,"Board Game",Toys,472.32,2023-04-23,8,357,Chicago
1715,Doll,Toys,57.41,2023-02-05,9,230,Miami
1716,"Action Figure",Toys,661.53,2023-01-05,2,324,Miami
1717,Speaker,Electronics,446.72,2023-03-22,9,45,Houston
1718,"Fiction Book",Books,59.06,2023-02-13,1,219,"New York"
1719,Keyboard,Electronics,780.14,2023-04-14,6,472,"New York"
1720,"Non-fiction Book",Books,556.97,2023-05-10,10,248,Houston
1721,"Board Game",Toys,821.16,2023-04-14,5,189,Houston
1722,"Remote Control Car",Toys,797.78,2023-02-03,6,80,"New York"
1723,Chair,Furniture,574.24,2023-04-11,1,338,"New York"
1724,"Science Book",Books,958.69,2023-03-12,1,147,"New York"
1725,Smartwatch,Electronics,44.24,2023-03-01,6,291,"Los Angeles"
1726,Monitor,Electronics,333.21,2023-05-10,6,397,"New York"
1727,"Science Book",Books,501.77,2023-01-19,1,391,Miami
1728,"Remote Control Car",Toys,201.93,2023-01-10,7,97,Miami
1729,Speaker,Electronics,357.07,2023-06-08,4,482,Miami
1730,Dress,Clothing,85.54,2023-01-08,10,313,"Los Angeles"
1731,Jacket,Clothing,719.24,2023-05-03,3,86,"New York"
1732,Tablet,Electronics,822.37,2023-03-13,6,177,"Los Angeles"
1733,Smartphone,Electronics,761.64,2023-05-02,1,188,Houston
1734,Keyboard,Electronics,157.16,2023-03-04,3,126,Chicago
1735,"Art Book",Books,435.90,2023-04-03,3,393,"New York"
1736,Desk,Furniture,440.61,2023-01-04,8,380,Chicago
1737,Wardrobe,Furniture,575.67,2023-02-09,4,104,Miami
1738,"Remote Control Car",Toys,941.52,2023-06-04,5,362,"Los Angeles"
1739,Keyboard,Electronics,147.01,2023-03-11,5,128,Miami
1740,Bed,Furniture,140.84,2023-02-26,2,408,Houston
1741,"Science Book",Books,149.62,2023-03-27,10,106,"Los Angeles"
1742,"Art Book",Books,250.16,2023-04-11,1,281,Houston
1743,"Fiction Book",Books,452.13,2023-01-19,2,216,Houston
1744,Sofa,Furniture,227.83,2023-04-04,10,4,"Los Angeles"
1745,Dress,Clothing,980.48,2023-03-24,4,169,Houston
1746,"Table Lamp",Furniture,631.13,2023-04-26,4,309,"New York"
1747,Doll,Toys,665.75,2023-03-14,1,445,"Los Angeles"
1748,Chair,Furniture,116.59,2023-01-05,8,431,Miami
1749,Headphones,Electronics,562.63,2023-03-24,6,297,"New York"
1750,Laptop,Electronics,491.28,2023-06-10,10,154,Chicago
1751,"Non-fiction Book",Books,51.91,2023-03-18,10,287,Miami
1752,Keyboard,Electronics,52.35,2023-06-14,5,180,Chicago
1753,Jeans,Clothing,939.77,2023-05-02,6,392,"Los Angeles"
1754,"Non-fiction Book",Books,13.80,2023-02-12,2,469,"Los Angeles"
1755,"Science Book",Books,551.35,2023-02-05,4,28,"Los Angeles"
1756,Bed,Furniture,558.90,2023-03-10,3,498,"Los Angeles"
1757,Dress,Clothing,36.15,2023-05-08,5,12,Miami
1758,Camera,Electronics,879.32,2023-06-23,2,39,Houston
1759,"Non-fiction Book",Books,632.17,2023-01-05,3,33,Houston
1760,"Action Figure",Toys,303.49,2023-03-04,9,38,Miami
1761,Wardrobe,Furniture,251.87,2023-05-15,10,322,"Los Angeles"
1762,Jacket,Clothing,536.64,2023-06-08,8,137,"New York"
1763,Bookshelf,Furniture,77.92,2023-02-09,9,315,Chicago
1764,"Action Figure",Toys,34.05,2023-04-15,8,113,Houston
1765,Laptop,Electronics,419.72,2023-05-08,3,156,Houston
1766,Dress,Clothing,969.88,2023-03-03,9,494,Chicago
1767,"History Book",Books,604.49,2023-06-07,6,118,Chicago
1768,Dress,Clothing,531.67,2023-03-01,1,155,"Los Angeles"
1769,Doll,Toys,202.03,2023-06-08,8,164,"Los Angeles"
1770,"Coffee Table",Furniture,781.71,2023-05-06,2,303,Houston
1771,Sofa,Furniture,817.46,2023-02-04,6,492,"Los Angeles"
1772,Puzzle,Toys,230.60,2023-02-24,9,88,Chicago
1773,"History Book",Books,876.14,2023-01-31,3,306,"Los Angeles"
1774,Laptop,Electronics,726.44,2023-01-15,3,440,Houston
1775,Puzzle,Toys,332.38,2023-05-13,7,91,Miami
1776,"Board Game",Toys,1.60,2023-04-05,7,279,Miami
1777,"Board Game",Toys,855.15,2023-06-04,8,45,"Los Angeles"
1778,"Action Figure",Toys,424.96,2023-06-19,5,184,Chicago
1779,Shoes,Clothing,248.91,2023-03-12,3,419,Chicago
1780,Sofa,Furniture,979.18,2023-02-05,1,321,"New York"
1781,Shoes,Clothing,152.28,2023-01-22,2,169,"Los Angeles"
1782,Wardrobe,Furniture,413.88,2023-03-15,9,406,Houston
1783,"History Book",Books,32.08,2023-02-20,3,329,"Los Angeles"
1784,Puzzle,Toys,836.61,2023-06-12,1,171,Houston
1785,Dresser,Furniture,461.34,2023-02-08,7,363,Houston
1786,"Board Game",Toys,188.24,2023-02-14,7,280,Miami
1787,Jacket,Clothing,928.67,2023-05-12,9,88,"Los Angeles"
1788,"Art Book",Books,675.88,2023-03-18,1,86,Chicago
1789,Dress,Clothing,780.64,2023-04-27,9,260,Miami
1790,Keyboard,Electronics,248.72,2023-05-26,3,10,"Los Angeles"
1791,Camera,Electronics,18.16,2023-03-26,4,54,Houston
1792,"Fiction Book",Books,909.63,2023-03-12,3,7,"Los Angeles"
1793,"Science Book",Books,608.20,2023-03-09,1,64,Chicago
1794,Headphones,Electronics,673.23,2023-01-16,5,383,Houston
1795,"Art Book",Books,487.70,2023-04-16,5,278,"Los Angeles"
1796,Chair,Furniture,178.27,2023-02-23,10,404,"Los Angeles"
1797,"Art Book",Books,985.62,2023-03-28,5,398,Houston
1798,"Art Book",Books,409.71,2023-02-10,9,385,"New York"
1799,"Science Book",Books,654.46,2023-05-21,10,201,"New York"
1800,Jeans,Clothing,36.31,2023-01-28,7,400,"New York"
1801,"Art Book",Books,6.69,2023-03-12,10,243,Houston
1802,"History Book",Books,154.74,2023-05-24,6,136,Houston
1803,"Board Game",Toys,538.95,2023-02-18,8,412,Miami
1804,Sofa,Furniture,684.62,2023-04-23,1,240,"New York"
1805,Shoes,Clothing,839.47,2023-04-23,7,97,"New York"
1806,Headphones,Electronics,572.59,2023-05-05,8,303,Miami
1807,Wardrobe,Furniture,585.74,2023-02-24,8,422,Miami
1808,Dresser,Furniture,365.11,2023-06-01,2,26,Miami
1809,Jeans,Clothing,277.47,2023-03-29,7,277,Miami
1810,Camera,Electronics,694.11,2023-01-01,10,297,"Los Angeles"
1811,"Coffee Table",Furniture,785.56,2023-05-19,5,89,"Los Angeles"
1812,T-shirt,Clothing,729.07,2023-04-22,10,340,Houston
1813,Dresser,Furniture,329.85,2023-04-26,3,75,"New York"
1814,Smartphone,Electronics,141.64,2023-03-28,10,242,Chicago
1815,Puzzle,Toys,224.90,2023-06-14,10,380,"New York"
1816,"Coffee Table",Furniture,981.60,2023-05-17,9,467,"New York"
1817,"Action Figure",Toys,834.10,2023-05-31,7,462,Chicago
1818,Doll,Toys,273.43,2023-04-26,4,30,"New York"
1819,Bookshelf,Furniture,868.59,2023-02-08,5,352,"New York"
1820,Shoes,Clothing,763.84,2023-03-12,7,108,"New York"
1821,Dress,Clothing,16.05,2023-04-06,6,194,"New York"
1822,Dress,Clothing,636.23,2023-05-15,9,440,Miami
1823,Doll,Toys,60.32,2023-05-01,2,389,Chicago
1824,"History Book",Books,716.87,2023-05-17,7,482,Miami
1825,Jacket,Clothing,297.70,2023-02-16,5,128,"New York"
1826,Jeans,Clothing,959.98,2023-06-20,9,228,Houston
1827,Keyboard,Electronics,107.15,2023-01-12,10,387,Miami
1828,Speaker,Electronics,277.55,2023-04-20,3,126,Houston
1829,"Table Lamp",Furniture,96.49,2023-05-10,3,166,Houston
1830,"Remote Control Car",Toys,747.98,2023-02-06,8,107,Houston
1831,Wardrobe,Furniture,568.63,2023-02-19,7,282,Houston
1832,Smartwatch,Electronics,724.63,2023-04-24,10,489,Miami
1833,Puzzle,Toys,331.48,2023-05-31,2,211,Chicago
1834,Jacket,Clothing,327.59,2023-03-09,10,196,"Los Angeles"
1835,Keyboard,Electronics,12.94,2023-05-26,10,277,Houston
1836,Nightstand,Furniture,933.50,2023-06-01,5,257,"Los Angeles"
1837,Speaker,Electronics,955.50,2023-01-12,5,49,"New York"
1838,Desk,Furniture,231.99,2023-01-25,10,264,Houston
1839,"Art Book",Books,807.78,2023-04-14,5,284,Chicago
1840,Dress,Clothing,944.80,2023-01-20,8,131,"New York"
1841,"Board Game",Toys,286.77,2023-01-18,7,400,"New York"
1842,Chair,Furniture,942.77,2023-01-31,1,267,Houston
1843,"Fiction Book",Books,47.31,2023-05-04,3,192,"New York"
1844,Keyboard,Electronics,846.42,2023-06-13,10,120,"Los Angeles"
1845,Sofa,Furniture,110.06,2023-05-24,7,437,Chicago
1846,Shoes,Clothing,154.50,2023-01-22,2,169,"Los Angeles"
1847,"Coffee Table",Furniture,861.59,2023-01-06,6,400,"Los Angeles"
1848,Puzzle,Toys,837.19,2023-01-13,9,491,"Los Angeles"
1849,Camera,Electronics,270.53,2023-05-21,1,64,"Los Angeles"
1850,"Coffee Table",Furniture,788.00,2023-04-21,7,316,"New York"
1851,Jeans,Clothing,756.72,2023-01-07,10,212,"Los Angeles"
1852,"Non-fiction Book",Books,760.61,2023-04-30,1,74,Houston
1853,"Action Figure",Toys,450.20,2023-05-04,1,181,Chicago
1854,"History Book",Books,268.72,2023-03-13,2,355,"New York"
1855,"Board Game",Toys,806.14,2023-04-04,2,156,"New York"
1856,Chair,Furniture,837.87,2023-06-02,8,37,"New York"
1857,"Non-fiction Book",Books,0.84,2023-02-08,1,354,"Los Angeles"
1858,Dress,Clothing,423.22,2023-03-02,5,5,Miami
1859,Monitor,Electronics,119.86,2023-04-23,8,463,"Los Angeles"
1860,"Remote Control Car",Toys,159.68,2023-03-05,3,162,Houston
1861,"Board Game",Toys,938.16,2023-06-19,9,326,Chicago
1862,Puzzle,Toys,270.39,2023-06-23,1,104,Miami
1863,Chair,Furniture,266.52,2023-05-21,2,107,Houston
1864,Camera,Electronics,102.14,2023-01-09,10,261,Miami
1865,Shoes,Clothing,135.47,2023-06-22,4,47,"Los Angeles"
1866,Headphones,Electronics,486.73,2023-01-22,2,188,Chicago
1867,Headphones,Electronics,918.72,2023-02-08,4,478,Miami
1868,"Table Lamp",Furniture,219.13,2023-03-14,4,292,Miami
1869,Jacket,Clothing,3.50,2023-01-07,2,353,"New York"
1870,Monitor,Electronics,258.80,2023-03-11,2,315,Houston
1871,Jeans,Clothing,924.24,2023-06-03,5,464,"New York"
1872,Doll,Toys,415.17,2023-03-03,5,171,"Los Angeles"
1873,Desk,Furniture,3.05,2023-06-19,8,361,Chicago
1874,"Table Lamp",Furniture,357.83,2023-01-02,10,428,"Los Angeles"
1875,Smartwatch,Electronics,916.64,2023-04-16,2,78,"Los Angeles"
1876,"History Book",Books,320.72,2023-04-20,1,265,Chicago
1877,Jacket,Clothing,495.35,2023-04-03,1,431,"New York"
1878,"Science Book",Books,177.50,2023-03-25,8,251,"New York"
1879,Sofa,Furniture,203.47,2023-02-16,7,331,"Los Angeles"
1880,Bed,Furniture,448.45,2023-06-22,5,155,"Los Angeles"
1881,"Table Lamp",Furniture,9.96,2023-03-12,10,222,Chicago
1882,Doll,Toys,308.75,2023-06-15,7,300,Miami
1883,Smartwatch,Electronics,706.73,2023-05-08,5,17,Miami
1884,"Table Lamp",Furniture,114.85,2023-06-09,1,400,Houston
1885,Headphones,Electronics,264.74,2023-01-07,4,434,"New York"
1886,Laptop,Electronics,571.69,2023-02-22,8,411,Miami
1887,Doll,Toys,96.10,2023-06-06,1,372,Chicago
1888,Wardrobe,Furniture,633.86,2023-03-29,6,75,"New York"
1889,Jacket,Clothing,279.13,2023-02-08,3,243,Houston
1890,Sofa,Furniture,478.63,2023-04-10,4,485,Miami
1891,Dress,Clothing,536.25,2023-06-25,3,231,Chicago
1892,"Board Game",Toys,434.17,2023-05-15,5,484,Chicago
1893,"History Book",Books,281.06,2023-04-01,7,407,"New York"
1894,"Board Game",Toys,684.59,2023-06-13,5,334,Miami
1895,Shoes,Clothing,57.49,2023-03-31,4,62,Houston
1896,Doll,Toys,579.60,2023-02-17,6,68,Miami
1897,Laptop,Electronics,310.87,2023-01-07,3,38,Houston
1898,Smartwatch,Electronics,672.17,2023-04-07,7,346,Chicago
1899,Chair,Furniture,688.62,2023-01-13,3,109,"Los Angeles"
1900,Shoes,Clothing,647.01,2023-05-13,8,251,"Los Angeles"
1901,Puzzle,Toys,606.69,2023-01-09,5,472,Chicago
1902,T-shirt,Clothing,632.59,2023-01-22,8,75,Houston
1903,"Art Book",Books,109.22,2023-06-14,3,204,"Los Angeles"
1904,Jacket,Clothing,674.36,2023-03-11,10,203,"Los Angeles"
1905,Sofa,Furniture,485.53,2023-05-15,3,50,Houston
1906,Camera,Electronics,626.85,2023-04-23,3,170,Miami
1907,"Action Figure",Toys,286.67,2023-01-02,2,448,Miami
1908,"Remote Control Car",Toys,493.19,2023-06-13,1,286,Houston
1909,"Non-fiction Book",Books,515.49,2023-05-01,9,4,Houston
1910,Smartwatch,Electronics,774.39,2023-01-07,9,62,"New York"
1911,Camera,Electronics,252.23,2023-05-02,7,51,Houston
1912,"Action Figure",Toys,527.99,2023-01-12,8,217,Miami
1913,"Science Book",Books,239.50,2023-05-26,4,97,Miami
1914,Desk,Furniture,830.07,2023-01-25,2,261,"New York"
1915,"Non-fiction Book",Books,195.79,2023-02-13,7,183,Miami
1916,"Art Book",Books,557.04,2023-06-01,6,109,Chicago
1917,Jeans,Clothing,876.04,2023-04-05,10,192,Miami
1918,Shoes,Clothing,126.25,2023-05-16,4,349,"Los Angeles"
1919,Jeans,Clothing,376.52,2023-05-31,1,387,Houston
1920,Smartwatch,Electronics,855.21,2023-02-23,10,350,Houston
1921,Jacket,Clothing,978.93,2023-04-26,3,204,"Los Angeles"
1922,"Action Figure",Toys,404.22,2023-06-06,2,14,Houston
1923,"Non-fiction Book",Books,354.43,2023-06-06,3,420,"Los Angeles"
1924,Smartwatch,Electronics,708.18,2023-05-07,4,403,Miami
1925,Doll,Toys,648.73,2023-02-17,4,39,"Los Angeles"
1926,Mouse,Electronics,687.27,2023-05-05,5,479,Chicago
1927,"Remote Control Car",Toys,170.78,2023-06-06,9,254,"New York"
1928,"Remote Control Car",Toys,63.28,2023-04-18,9,109,Houston
1929,"History Book",Books,332.59,2023-04-02,6,109,Chicago
1930,Jeans,Clothing,958.93,2023-06-08,6,500,Chicago
1931,Smartphone,Electronics,184.24,2023-05-06,10,306,"Los Angeles"
1932,Wardrobe,Furniture,541.06,2023-01-02,5,36,"New York"
1933,Chair,Furniture,810.47,2023-04-27,9,63,"New York"
1934,T-shirt,Clothing,679.65,2023-02-17,3,289,"New York"
1935,"Art Book",Books,448.61,2023-05-01,1,11,"New York"
1936,"Table Lamp",Furniture,832.12,2023-03-13,5,115,Houston
1937,"Art Book",Books,893.74,2023-06-14,9,370,"New York"
1938,"Action Figure",Toys,784.80,2023-05-23,6,307,"Los Angeles"
1939,Jacket,Clothing,321.06,2023-02-20,5,188,Chicago
1940,"Non-fiction Book",Books,76.01,2023-02-14,1,171,Houston
1941,Chair,Furniture,276.62,2023-05-26,2,290,"Los Angeles"
1942,"Art Book",Books,820.90,2023-05-03,10,358,Houston
1943,T-shirt,Clothing,720.63,2023-04-18,9,179,"Los Angeles"
1944,T-shirt,Clothing,623.95,2023-04-19,2,445,"New York"
1945,Jeans,Clothing,901.04,2023-05-10,10,178,"New York"
1946,Desk,Furniture,385.45,2023-06-05,2,98,Chicago
1947,Doll,Toys,188.48,2023-03-01,1,209,Miami
1948,Doll,Toys,391.52,2023-02-06,9,308,Chicago
1949,"Board Game",Toys,345.33,2023-01-03,1,83,Houston
1950,"Remote Control Car",Toys,94.17,2023-01-10,10,399,"New York"
1951,"Fiction Book",Books,57.70,2023-05-06,4,217,"Los Angeles"
1952,"Action Figure",Toys,568.66,2023-04-10,1,314,Miami
1953,Puzzle,Toys,18.56,2023-05-26,10,260,Houston
1954,Shoes,Clothing,94.66,2023-04-18,8,360,Chicago
1955,Desk,Furniture,144.60,2023-05-07,1,158,"Los Angeles"
1956,"Non-fiction Book",Books,338.35,2023-06-18,7,258,Chicago
1957,Chair,Furniture,465.85,2023-06-25,5,248,"New York"
1958,"Art Book",Books,42.50,2023-02-23,4,463,Chicago
1959,"Remote Control Car",Toys,717.50,2023-06-19,6,483,"New York"
1960,Puzzle,Toys,307.52,2023-02-12,3,319,"Los Angeles"
1961,Puzzle,Toys,740.60,2023-04-02,4,31,"Los Angeles"
1962,Shoes,Clothing,545.99,2023-01-28,2,72,"Los Angeles"
1963,"Coffee Table",Furniture,538.42,2023-04-04,10,206,"New York"
1964,Monitor,Electronics,406.18,2023-06-27,8,319,"New York"
1965,Nightstand,Furniture,128.76,2023-05-25,7,348,Houston
1966,"Action Figure",Toys,397.71,2023-05-22,8,135,"New York"
1967,Camera,Electronics,12.46,2023-04-04,6,108,Chicago
1968,Shoes,Clothing,398.64,2023-01-30,7,311,"Los Angeles"
1969,Nightstand,Furniture,713.30,2023-05-14,6,304,"Los Angeles"
1970,Doll,Toys,829.92,2023-02-25,1,168,Chicago
1971,Jeans,Clothing,887.51,2023-03-27,8,46,"Los Angeles"
1972,Jeans,Clothing,313.81,2023-04-03,7,314,"Los Angeles"
1973,Dresser,Furniture,633.79,2023-01-16,6,223,Chicago
1974,"Science Book",Books,447.01,2023-05-22,6,307,"Los Angeles"
1975,T-shirt,Clothing,365.07,2023-05-20,8,286,Chicago
1976,"Remote Control Car",Toys,577.03,2023-03-05,1,79,Houston
1977,"Art Book",Books,466.49,2023-03-21,9,376,"Los Angeles"
1978,Bed,Furniture,492.84,2023-01-13,9,87,"Los Angeles"
1979,"Science Book",Books,759.13,2023-02-01,6,213,"Los Angeles"
1980,Dress,Clothing,152.39,2023-01-23,2,231,Miami
1981,"History Book",Books,888.90,2023-01-31,2,213,Chicago
1982,Shoes,Clothing,121.85,2023-05-23,7,326,Chicago
1983,"Coffee Table",Furniture,974.62,2023-05-11,8,176,Houston
1984,Camera,Electronics,642.25,2023-05-17,9,43,Miami
1985,"Science Book",Books,177.32,2023-03-07,3,176,Miami
1986,Sofa,Furniture,173.10,2023-01-13,9,443,Miami
1987,Smartphone,Electronics,754.30,2023-04-13,6,82,"New York"
1988,Headphones,Electronics,671.82,2023-01-26,7,25,"New York"
1989,"Art Book",Books,257.29,2023-05-12,9,82,"Los Angeles"
1990,T-shirt,Clothing,913.49,2023-02-12,5,243,"New York"
1991,Smartphone,Electronics,171.79,2023-04-20,6,431,Houston
1992,Doll,Toys,915.70,2023-04-27,6,278,"Los Angeles"
1993,"History Book",Books,365.58,2023-05-14,7,427,Chicago
1994,Dress,Clothing,417.35,2023-06-08,2,47,"New York"
1995,"Action Figure",Toys,151.77,2023-03-05,4,250,Chicago
1996,Wardrobe,Furniture,465.14,2023-05-03,1,11,"New York"
1997,Desk,Furniture,673.99,2023-01-19,6,103,Chicago
1998,"Action Figure",Toys,140.71,2023-01-21,2,213,Houston
1999,Tablet,Electronics,992.84,2023-02-22,5,253,"New York"
2000,"Board Game",Toys,855.24,2023-04-22,6,410,Chicago
2001,Doll,Toys,875.65,2023-02-28,10,9,"New York"
2002,Dresser,Furniture,294.39,2023-03-12,1,83,Houston
2003,"Non-fiction Book",Books,257.75,2023-04-22,4,409,"New York"
2004,Doll,Toys,44.92,2023-01-27,7,312,"Los Angeles"
2005,Jacket,Clothing,921.16,2023-04-09,10,140,Chicago
2006,Bed,Furniture,6.45,2023-05-27,1,377,Houston
2007,Laptop,Electronics,553.55,2023-03-14,4,290,Miami
2008,Bookshelf,Furniture,596.78,2023-06-26,2,319,Miami
2009,Wardrobe,Furniture,418.92,2023-04-10,6,466,"New York"
2010,"Fiction Book",Books,520.72,2023-02-18,8,62,"Los Angeles"
2011,Puzzle,Toys,129.41,2023-03-02,3,233,Chicago
2012,"History Book",Books,798.79,2023-01-18,1,65,"Los Angeles"
2013,Jacket,Clothing,2.91,2023-05-16,8,286,Chicago
2014,Mouse,Electronics,611.00,2023-03-17,3,15,"Los Angeles"
2015,"Art Book",Books,869.47,2023-05-23,4,191,Miami
2016,Speaker,Electronics,507.02,2023-04-27,8,325,"New York"
2017,Jeans,Clothing,603.17,2023-03-06,10,430,"Los Angeles"
2018,Keyboard,Electronics,814.78,2023-05-31,8,117,Miami
2019,"Board Game",Toys,353.64,2023-06-29,10,327,Chicago
2020,Jacket,Clothing,205.06,2023-06-18,1,265,Chicago
2021,"History Book",Books,841.31,2023-01-01,5,225,Houston
2022,Jeans,Clothing,535.93,2023-01-10,7,39,Chicago
2023,Headphones,Electronics,551.39,2023-04-19,4,494,Miami
2024,Chair,Furniture,513.91,2023-02-15,8,449,"Los Angeles"
2025,"Art Book",Books,436.84,2023-03-04,5,39,"New York"
2026,Bed,Furniture,4.61,2023-05-22,10,104,"Los Angeles"
2027,"Board Game",Toys,477.80,2023-01-28,4,116,"New York"
2028,Smartwatch,Electronics,163.43,2023-06-11,10,125,"Los Angeles"
2029,"Science Book",Books,441.64,2023-05-14,4,349,"Los Angeles"
2030,Shoes,Clothing,478.17,2023-06-09,10,154,Chicago
2031,Puzzle,Toys,457.06,2023-03-27,1,297,Miami
2032,"Action Figure",Toys,354.05,2023-04-16,9,308,Chicago
2033,"Table Lamp",Furniture,699.58,2023-05-23,9,483,"Los Angeles"
2034,Tablet,Electronics,724.39,2023-06-05,2,82,"Los Angeles"
2035,Bed,Furniture,417.31,2023-05-03,2,338,Miami
2036,"History Book",Books,393.74,2023-06-04,2,472,Chicago
2037,"Coffee Table",Furniture,319.42,2023-02-14,3,301,"Los Angeles"
2038,Bed,Furniture,597.37,2023-04-27,5,159,"Los Angeles"
2039,Tablet,Electronics,645.81,2023-04-02,7,267,Miami
2040,T-shirt,Clothing,270.03,2023-05-31,4,158,Chicago
2041,Shoes,Clothing,815.01,2023-04-13,4,129,"New York"
2042,"Science Book",Books,334.85,2023-01-16,5,434,"New York"
2043,"Non-fiction Book",Books,661.75,2023-02-12,2,130,Houston
2044,"Art Book",Books,647.76,2023-05-30,3,290,"Los Angeles"
2045,Shoes,Clothing,921.85,2023-06-11,8,436,"Los Angeles"
2046,Jacket,Clothing,484.92,2023-01-10,8,417,Houston
2047,"Table Lamp",Furniture,753.83,2023-01-06,9,172,"New York"
2048,Chair,Furniture,810.86,2023-05-07,1,157,"Los Angeles"
2049,"Fiction Book",Books,955.20,2023-02-21,6,498,"Los Angeles"
2050,Wardrobe,Furniture,349.53,2023-01-26,7,419,"Los Angeles"
2051,"Science Book",Books,2.10,2023-02-09,1,415,Miami
2052,"Non-fiction Book",Books,33.73,2023-03-09,8,375,Chicago
2053,"Remote Control Car",Toys,269.09,2023-03-26,6,128,Houston
2054,"Fiction Book",Books,767.02,2023-03-19,9,2,Chicago
2055,Keyboard,Electronics,994.64,2023-03-30,5,437,Miami
2056,Speaker,Electronics,95.14,2023-05-14,5,424,Miami
2057,T-shirt,Clothing,562.58,2023-02-24,9,82,"Los Angeles"
2058,Shoes,Clothing,201.69,2023-03-06,2,454,Miami
2059,Laptop,Electronics,863.34,2023-05-24,4,277,Chicago
2060,Wardrobe,Furniture,417.02,2023-03-19,9,98,"Los Angeles"
2061,"Board Game",Toys,510.90,2023-02-25,10,37,"Los Angeles"
2062,"Fiction Book",Books,173.46,2023-06-01,7,471,Houston
2063,"Table Lamp",Furniture,962.72,2023-01-22,8,119,"New York"
2064,Shoes,Clothing,740.84,2023-05-09,4,292,Miami
2065,"History Book",Books,266.98,2023-03-12,2,278,"Los Angeles"
2066,Laptop,Electronics,707.83,2023-01-09,2,222,Miami
2067,Doll,Toys,513.53,2023-05-08,10,429,"Los Angeles"
2068,Puzzle,Toys,769.11,2023-05-11,4,237,"Los Angeles"
2069,T-shirt,Clothing,357.88,2023-03-06,8,252,"Los Angeles"
2070,"Table Lamp",Furniture,954.16,2023-06-27,1,169,Chicago
2071,Jeans,Clothing,626.88,2023-03-04,9,123,Houston
2072,Jacket,Clothing,130.21,2023-03-12,6,346,Houston
2073,"Art Book",Books,296.81,2023-01-03,2,432,Houston
2074,Desk,Furniture,521.77,2023-03-12,5,424,"New York"
2075,Jacket,Clothing,868.38,2023-02-10,6,480,"Los Angeles"
2076,Tablet,Electronics,912.61,2023-05-03,7,131,"Los Angeles"
2077,Doll,Toys,668.85,2023-04-23,2,364,"Los Angeles"
2078,Smartphone,Electronics,938.19,2023-03-13,2,345,Miami
2079,Shoes,Clothing,554.82,2023-02-26,10,322,Chicago
2080,"Table Lamp",Furniture,531.91,2023-01-09,7,20,"Los Angeles"
2081,Dresser,Furniture,509.13,2023-03-29,10,25,Chicago
2082,Jeans,Clothing,439.61,2023-04-01,2,235,Houston
2083,Dresser,Furniture,99.67,2023-04-09,5,248,"New York"
2084,Shoes,Clothing,986.41,2023-02-14,3,307,"Los Angeles"
2085,Dress,Clothing,950.38,2023-03-10,1,41,"Los Angeles"
2086,Camera,Electronics,974.02,2023-02-11,3,214,Chicago
2087,Camera,Electronics,32.02,2023-04-29,2,1,Chicago
2088,Tablet,Electronics,121.67,2023-05-12,3,148,Chicago
2089,Doll,Toys,277.94,2023-04-24,4,345,Chicago
2090,Jacket,Clothing,27.61,2023-01-26,7,349,Houston
2091,"Remote Control Car",Toys,949.14,2023-06-03,5,237,"New York"
2092,Chair,Furniture,973.21,2023-02-22,6,415,Chicago
2093,Smartphone,Electronics,799.54,2023-06-12,2,448,"New York"
2094,"Remote Control Car",Toys,148.77,2023-06-15,2,7,Houston
2095,"Action Figure",Toys,499.74,2023-02-12,7,332,"Los Angeles"
2096,Dress,Clothing,53.67,2023-05-21,8,201,Houston
2097,Jacket,Clothing,613.62,2023-01-07,4,297,Miami
2098,"Remote Control Car",Toys,399.00,2023-03-27,2,241,Miami
2099,Puzzle,Toys,622.11,2023-02-10,3,331,Chicago
2100,T-shirt,Clothing,90.21,2023-01-09,10,322,"Los Angeles"
2101,"Action Figure",Toys,665.07,2023-02-17,4,397,"New York"
2102,"Science Book",Books,523.30,2023-01-02,5,162,"Los Angeles"
2103,Smartwatch,Electronics,138.23,2023-05-08,2,271,"Los Angeles"
2104,"Board Game",Toys,823.35,2023-04-26,8,387,Houston
2105,"Board Game",Toys,137.83,2023-06-27,6,328,Houston
2106,Jacket,Clothing,876.54,2023-02-12,6,22,Chicago
2107,"History Book",Books,609.43,2023-06-03,5,287,Chicago
2108,Bed,Furniture,450.27,2023-06-19,4,9,Miami
2109,Doll,Toys,760.38,2023-01-07,10,211,"Los Angeles"
2110,"Fiction Book",Books,514.71,2023-02-23,10,437,Chicago
2111,"Remote Control Car",Toys,171.39,2023-06-19,2,61,"New York"
2112,"Action Figure",Toys,36.35,2023-05-30,1,375,Houston
2113,"Art Book",Books,673.91,2023-03-13,10,335,Chicago
2114,Monitor,Electronics,577.61,2023-05-06,8,308,Miami
2115,Jacket,Clothing,784.44,2023-01-12,10,313,"Los Angeles"
2116,"Coffee Table",Furniture,18.72,2023-05-15,7,89,Miami
2117,"History Book",Books,679.29,2023-02-10,1,387,Chicago
2118,"Science Book",Books,195.40,2023-05-08,10,337,Chicago
2119,Jacket,Clothing,883.48,2023-04-07,1,253,Chicago
2120,"Science Book",Books,99.35,2023-01-10,10,310,"Los Angeles"
2121,Wardrobe,Furniture,524.60,2023-06-17,1,298,Houston
2122,Doll,Toys,47.16,2023-01-29,7,404,"New York"
2123,Doll,Toys,499.02,2023-05-26,6,149,Miami
2124,Bookshelf,Furniture,479.94,2023-03-20,8,172,Chicago
2125,"Science Book",Books,476.14,2023-06-29,6,427,Chicago
2126,Bookshelf,Furniture,323.39,2023-03-21,3,457,Miami
2127,Bookshelf,Furniture,827.60,2023-06-25,4,499,Miami
2128,Monitor,Electronics,279.69,2023-02-28,8,457,"Los Angeles"
2129,Dress,Clothing,104.22,2023-01-13,1,492,Houston
2130,Camera,Electronics,927.24,2023-02-07,3,320,Chicago
2131,Desk,Furniture,458.70,2023-01-23,3,435,Houston
2132,Jeans,Clothing,829.18,2023-04-05,2,33,Miami
2133,Shoes,Clothing,526.89,2023-01-29,3,311,Chicago
2134,Bed,Furniture,375.52,2023-03-12,9,497,Chicago
2135,Sofa,Furniture,229.22,2023-03-18,5,457,"Los Angeles"
2136,Shoes,Clothing,652.20,2023-05-13,8,192,Houston
2137,"Fiction Book",Books,54.79,2023-02-16,2,416,Houston
2138,T-shirt,Clothing,724.41,2023-04-03,5,234,"New York"
2139,"Coffee Table",Furniture,102.17,2023-02-13,10,398,"Los Angeles"
2140,"Remote Control Car",Toys,491.19,2023-06-10,10,99,"New York"
2141,"Science Book",Books,555.94,2023-01-16,8,298,Houston
2142,Jacket,Clothing,617.86,2023-02-01,1,273,Houston
2143,"Art Book",Books,898.50,2023-06-21,1,231,"New York"
2144,Mouse,Electronics,353.73,2023-01-05,1,123,"New York"
2145,Shoes,Clothing,684.11,2023-03-25,3,467,Miami
2146,T-shirt,Clothing,986.81,2023-04-11,9,245,Miami
2147,Bed,Furniture,653.12,2023-05-24,1,345,"Los Angeles"
2148,"Board Game",Toys,417.20,2023-05-19,6,309,"Los Angeles"
2149,"Action Figure",Toys,247.12,2023-05-23,3,336,Houston
2150,"Fiction Book",Books,316.40,2023-03-17,2,260,"New York"
2151,Smartphone,Electronics,933.67,2023-04-10,10,108,"New York"
2152,Smartphone,Electronics,968.38,2023-05-03,5,216,Houston
2153,Keyboard,Electronics,768.24,2023-04-23,9,96,Chicago
2154,Mouse,Electronics,880.04,2023-04-21,5,163,"Los Angeles"
2155,"Non-fiction Book",Books,399.46,2023-02-04,8,92,Houston
2156,"History Book",Books,727.07,2023-02-12,1,165,Houston
2157,Smartwatch,Electronics,92.28,2023-03-16,8,336,"New York"
2158,Laptop,Electronics,657.91,2023-05-30,2,187,"Los Angeles"
2159,"Fiction Book",Books,371.77,2023-05-11,6,187,"Los Angeles"
2160,Shoes,Clothing,451.47,2023-05-18,5,499,Houston
2161,Mouse,Electronics,406.16,2023-03-24,1,481,Houston
2162,Camera,Electronics,800.10,2023-03-30,1,381,Houston
2163,Monitor,Electronics,357.13,2023-06-04,3,247,Miami
2164,"History Book",Books,682.60,2023-02-16,3,198,"Los Angeles"
2165,Sofa,Furniture,401.87,2023-03-12,8,309,Miami
2166,Mouse,Electronics,136.83,2023-01-10,9,48,Miami
2167,Wardrobe,Furniture,301.08,2023-06-19,9,105,Houston
2168,Jacket,Clothing,693.86,2023-04-09,7,295,"New York"
2169,Bed,Furniture,274.30,2023-01-15,6,304,"Los Angeles"
2170,"Action Figure",Toys,246.20,2023-05-24,3,400,"Los Angeles"
2171,Monitor,Electronics,498.67,2023-04-06,2,72,"Los Angeles"
2172,"Remote Control Car",Toys,652.51,2023-04-14,10,403,"Los Angeles"
2173,Headphones,Electronics,149.96,2023-04-25,8,347,"Los Angeles"
2174,Dress,Clothing,715.93,2023-02-24,4,448,"Los Angeles"
2175,Sofa,Furniture,528.53,2023-05-24,4,297,Houston
2176,Tablet,Electronics,711.18,2023-06-18,6,449,Miami
2177,"Science Book",Books,873.03,2023-05-08,10,259,Houston
2178,Jacket,Clothing,655.87,2023-06-11,6,466,"New York"
2179,"Art Book",Books,271.41,2023-06-10,7,254,Houston
2180,"Non-fiction Book",Books,350.75,2023-01-03,1,29,"Los Angeles"
2181,"Action Figure",Toys,562.88,2023-04-12,2,486,Chicago
2182,Bed,Furniture,239.93,2023-05-24,3,442,Houston
2183,"Non-fiction Book",Books,171.03,2023-02-06,6,461,"New York"
2184,"Fiction Book",Books,356.57,2023-04-13,8,105,Houston
2185,"Action Figure",Toys,129.67,2023-02-15,9,315,Chicago
2186,"History Book",Books,938.45,2023-03-02,9,157,Miami
2187,Puzzle,Toys,653.99,2023-02-10,2,44,Miami
2188,"Non-fiction Book",Books,740.04,2023-05-01,2,313,Houston
2189,"Action Figure",Toys,618.91,2023-06-27,1,184,Houston
2190,Smartwatch,Electronics,932.01,2023-05-05,7,90,Miami
2191,Laptop,Electronics,7.32,2023-05-05,5,34,"New York"
2192,Laptop,Electronics,588.91,2023-03-28,7,346,Chicago
2193,Doll,Toys,309.17,2023-03-30,6,67,"New York"
2194,Tablet,Electronics,822.92,2023-03-19,7,61,Chicago
2195,Dress,Clothing,795.47,2023-05-16,4,325,"New York"
2196,Dress,Clothing,560.60,2023-03-28,8,90,Houston
2197,Laptop,Electronics,439.03,2023-05-30,9,370,"New York"
2198,Jeans,Clothing,727.41,2023-05-28,10,35,Houston
2199,"Remote Control Car",Toys,693.33,2023-05-09,5,168,"New York"
2200,"Action Figure",Toys,604.55,2023-05-23,2,166,"Los Angeles"
2201,Smartphone,Electronics,965.57,2023-04-13,10,32,Chicago
2202,Smartphone,Electronics,802.41,2023-01-01,6,488,"New York"
2203,Jeans,Clothing,196.80,2023-06-15,1,155,Chicago
2204,"Science Book",Books,614.97,2023-04-23,3,268,Miami
2205,T-shirt,Clothing,328.46,2023-01-16,5,465,"Los Angeles"
2206,"Board Game",Toys,764.79,2023-03-03,5,29,"New York"
2207,"Remote Control Car",Toys,218.06,2023-04-16,3,308,"Los Angeles"
2208,Jeans,Clothing,587.32,2023-05-27,4,50,Chicago
2209,T-shirt,Clothing,758.58,2023-04-06,4,125,"New York"
2210,"Board Game",Toys,479.98,2023-06-18,3,217,Chicago
2211,"History Book",Books,753.95,2023-06-17,4,77,Chicago
2212,Shoes,Clothing,853.32,2023-04-16,4,39,"Los Angeles"
2213,Smartphone,Electronics,890.13,2023-02-01,3,276,"New York"
2214,"Action Figure",Toys,667.66,2023-01-30,9,280,"Los Angeles"
2215,Smartwatch,Electronics,713.79,2023-05-03,3,142,Houston
2216,Bookshelf,Furniture,920.09,2023-04-23,4,482,Houston
2217,"Fiction Book",Books,955.48,2023-02-07,2,127,Houston
2218,Doll,Toys,198.14,2023-05-28,5,500,Chicago
2219,"Science Book",Books,624.64,2023-04-27,4,453,Chicago
2220,Bed,Furniture,357.76,2023-03-06,8,263,Chicago
2221,"Non-fiction Book",Books,640.75,2023-01-11,4,332,"Los Angeles"
2222,Smartwatch,Electronics,160.54,2023-05-25,6,100,Chicago
2223,Dress,Clothing,103.16,2023-05-28,9,269,"Los Angeles"
2224,Doll,Toys,754.95,2023-01-08,10,326,"Los Angeles"
2225,Puzzle,Toys,239.45,2023-03-03,10,443,Chicago
2226,"Non-fiction Book",Books,132.21,2023-06-02,9,324,Houston
2227,"Non-fiction Book",Books,190.71,2023-02-07,5,332,Miami
2228,"Art Book",Books,174.49,2023-02-11,7,201,"New York"
2229,Dress,Clothing,322.66,2023-03-11,10,300,"New York"
2230,Doll,Toys,583.76,2023-01-12,6,336,Houston
2231,Camera,Electronics,963.23,2023-01-28,9,472,"New York"
2232,Jeans,Clothing,233.47,2023-01-20,9,429,Houston
2233,Sofa,Furniture,336.67,2023-06-13,6,466,"New York"
2234,Jeans,Clothing,293.40,2023-03-09,10,424,"Los Angeles"
2235,"Art Book",Books,0.99,2023-04-03,6,144,Houston
2236,"Remote Control Car",Toys,332.89,2023-05-17,8,325,Miami
2237,Shoes,Clothing,331.45,2023-05-05,5,150,"New York"
2238,Shoes,Clothing,217.29,2023-03-15,4,355,"Los Angeles"
2239,"Remote Control Car",Toys,189.95,2023-01-29,3,334,Houston
2240,Sofa,Furniture,506.13,2023-05-24,5,1,Chicago
2241,"Board Game",Toys,570.75,2023-04-25,5,209,Houston
2242,Nightstand,Furniture,298.73,2023-04-06,8,92,Houston
2243,"Science Book",Books,620.12,2023-03-26,5,41,Miami
2244,"Coffee Table",Furniture,10.00,2023-05-06,5,123,Miami
2245,Bookshelf,Furniture,815.95,2023-06-16,2,50,Miami
2246,Shoes,Clothing,636.07,2023-04-19,2,349,"New York"
2247,Puzzle,Toys,524.20,2023-05-26,5,476,"Los Angeles"
2248,"Art Book",Books,105.85,2023-06-07,1,352,"Los Angeles"
2249,Dress,Clothing,830.79,2023-05-22,5,428,Miami
2250,Speaker,Electronics,239.01,2023-03-09,2,322,Houston
2251,"Remote Control Car",Toys,151.39,2023-06-22,4,389,Miami
2252,Smartphone,Electronics,1.51,2023-05-11,7,439,Chicago
2253,Laptop,Electronics,56.46,2023-06-24,7,238,"Los Angeles"
2254,Bed,Furniture,246.49,2023-06-23,1,234,"New York"
2255,"Coffee Table",Furniture,929.22,2023-03-31,7,498,Miami
2256,Dress,Clothing,326.76,2023-01-10,3,133,Chicago
2257,Jeans,Clothing,966.76,2023-06-07,5,360,"New York"
2258,"Board Game",Toys,752.53,2023-03-26,1,13,Miami
2259,Dresser,Furniture,575.46,2023-06-07,7,336,"Los Angeles"
2260,"Action Figure",Toys,248.49,2023-05-16,1,388,Miami
2261,Doll,Toys,551.52,2023-06-06,8,451,"Los Angeles"
2262,Chair,Furniture,907.07,2023-01-21,9,478,"New York"
2263,Speaker,Electronics,463.64,2023-03-22,9,412,Houston
2264,"Non-fiction Book",Books,853.04,2023-02-04,4,209,Miami
2265,Bookshelf,Furniture,291.13,2023-02-23,7,86,"New York"
2266,Shoes,Clothing,692.08,2023-05-21,9,394,Chicago
2267,Doll,Toys,576.05,2023-01-12,6,359,Miami
2268,Headphones,Electronics,507.83,2023-03-03,2,478,"New York"
2269,Headphones,Electronics,397.87,2023-06-04,1,436,"New York"
2270,"Remote Control Car",Toys,218.90,2023-02-13,6,18,Chicago
2271,Shoes,Clothing,804.34,2023-03-27,10,200,"New York"
2272,Chair,Furniture,779.78,2023-04-05,3,406,"Los Angeles"
2273,"History Book",Books,713.78,2023-02-25,5,42,"Los Angeles"
2274,"Non-fiction Book",Books,358.92,2023-05-15,7,41,Chicago
2275,"History Book",Books,210.07,2023-06-13,10,433,Chicago
2276,"Table Lamp",Furniture,898.84,2023-06-14,9,282,"Los Angeles"
2277,Jacket,Clothing,465.81,2023-06-20,4,415,"New York"
2278,"Coffee Table",Furniture,140.99,2023-03-11,5,168,"New York"
2279,"Remote Control Car",Toys,124.04,2023-05-11,3,16,Chicago
2280,Laptop,Electronics,650.51,2023-05-03,5,89,Chicago
2281,"Table Lamp",Furniture,987.51,2023-02-26,6,23,Chicago
2282,Speaker,Electronics,412.91,2023-03-03,5,139,"New York"
2283,Desk,Furniture,772.78,2023-04-18,7,253,Chicago
2284,Bed,Furniture,765.74,2023-03-07,6,233,Houston
2285,Dress,Clothing,556.85,2023-03-19,5,90,Chicago
2286,Jeans,Clothing,977.22,2023-06-28,1,75,Houston
2287,"Board Game",Toys,149.03,2023-06-29,6,364,"New York"
2288,"Action Figure",Toys,110.31,2023-02-06,7,402,Miami
2289,Jeans,Clothing,114.15,2023-05-09,3,474,"New York"
2290,Jacket,Clothing,638.73,2023-01-28,9,393,"Los Angeles"
2291,Dress,Clothing,897.90,2023-01-02,4,349,Chicago
2292,Mouse,Electronics,389.94,2023-01-31,7,423,"Los Angeles"
2293,T-shirt,Clothing,596.44,2023-06-04,6,467,"New York"
2294,Smartwatch,Electronics,969.77,2023-01-06,3,74,Miami
2295,Dress,Clothing,30.34,2023-04-27,2,403,Chicago
2296,Dress,Clothing,516.52,2023-06-01,7,396,Miami
2297,Jeans,Clothing,320.99,2023-04-21,2,334,"New York"
2298,Smartwatch,Electronics,886.78,2023-03-19,5,61,"New York"
2299,Jacket,Clothing,526.33,2023-02-23,10,345,Houston
2300,Wardrobe,Furniture,21.32,2023-04-20,10,55,Chicago
2301,T-shirt,Clothing,54.43,2023-05-23,9,325,Miami
2302,Keyboard,Electronics,677.93,2023-01-09,3,461,Miami
2303,Keyboard,Electronics,930.54,2023-03-10,1,183,Chicago
2304,T-shirt,Clothing,658.14,2023-01-28,8,260,"Los Angeles"
2305,Jacket,Clothing,483.19,2023-01-11,9,19,Houston
2306,Speaker,Electronics,258.42,2023-03-13,3,421,Chicago
2307,Jeans,Clothing,319.35,2023-04-29,4,340,Chicago
2308,Puzzle,Toys,817.47,2023-05-25,6,202,"Los Angeles"
2309,Jeans,Clothing,716.32,2023-06-22,7,199,"New York"
2310,"Board Game",Toys,360.52,2023-04-15,9,201,Chicago
2311,Sofa,Furniture,368.11,2023-06-22,7,292,Miami
2312,Jacket,Clothing,867.05,2023-03-22,7,416,"Los Angeles"
2313,"Fiction Book",Books,824.00,2023-01-13,9,103,"Los Angeles"
2314,Chair,Furniture,136.61,2023-01-24,3,393,"Los Angeles"
2315,"Fiction Book",Books,992.65,2023-05-31,3,259,Miami
2316,"Table Lamp",Furniture,664.25,2023-05-28,2,34,"New York"
2317,"Board Game",Toys,399.04,2023-05-15,6,204,Chicago
2318,Camera,Electronics,126.35,2023-01-15,1,438,"Los Angeles"
2319,"Board Game",Toys,161.49,2023-01-18,10,354,Chicago
2320,T-shirt,Clothing,54.54,2023-06-03,2,482,Chicago
2321,"Science Book",Books,919.40,2023-06-20,10,32,"Los Angeles"
2322,"Fiction Book",Books,978.78,2023-02-27,7,161,Houston
2323,Sofa,Furniture,746.65,2023-06-02,10,203,"New York"
2324,Tablet,Electronics,780.16,2023-02-23,2,429,Miami
2325,Dress,Clothing,354.02,2023-04-02,5,456,"New York"
2326,"Non-fiction Book",Books,409.39,2023-01-21,4,164,Houston
2327,Chair,Furniture,243.63,2023-05-02,7,93,"New York"
2328,Jeans,Clothing,18.41,2023-02-16,3,198,"Los Angeles"
2329,Smartphone,Electronics,795.08,2023-05-21,6,133,Houston
2330,Puzzle,Toys,424.53,2023-01-16,2,269,"Los Angeles"
2331,Dress,Clothing,874.75,2023-01-22,10,255,Houston
2332,T-shirt,Clothing,577.81,2023-05-04,7,208,Miami
2333,"History Book",Books,104.32,2023-04-09,5,238,"New York"
2334,Tablet,Electronics,703.92,2023-06-13,5,226,Miami
2335,Chair,Furniture,464.72,2023-06-17,3,260,Miami
2336,T-shirt,Clothing,662.67,2023-02-11,2,71,"Los Angeles"
2337,Jeans,Clothing,840.06,2023-02-14,8,390,Houston
2338,"History Book",Books,510.91,2023-04-11,3,286,"New York"
2339,"Remote Control Car",Toys,174.83,2023-01-05,6,443,Houston
2340,"Fiction Book",Books,489.50,2023-02-18,9,287,"Los Angeles"
2341,Dress,Clothing,393.12,2023-02-27,5,78,Chicago
2342,Headphones,Electronics,728.32,2023-02-23,4,319,"Los Angeles"
2343,Jeans,Clothing,115.02,2023-05-18,5,29,Miami
2344,Bed,Furniture,750.68,2023-02-23,3,156,Miami
2345,Dresser,Furniture,721.13,2023-04-08,6,75,"New York"
2346,"Board Game",Toys,692.28,2023-06-18,7,115,"Los Angeles"
2347,Puzzle,Toys,554.18,2023-05-19,2,305,Chicago
2348,"History Book",Books,961.70,2023-03-23,4,264,Chicago
2349,Doll,Toys,332.35,2023-06-20,8,452,"Los Angeles"
2350,"Non-fiction Book",Books,546.97,2023-06-12,9,305,Chicago
2351,Shoes,Clothing,34.50,2023-04-09,7,246,Chicago
2352,Dress,Clothing,743.73,2023-03-31,3,406,"Los Angeles"
2353,Puzzle,Toys,160.11,2023-03-23,8,257,"Los Angeles"
2354,"History Book",Books,244.75,2023-02-16,6,15,Chicago
2355,Dresser,Furniture,843.21,2023-01-22,1,12,Miami
2356,Chair,Furniture,479.15,2023-01-14,10,226,Chicago
2357,"Action Figure",Toys,166.58,2023-02-24,1,59,Chicago
2358,Shoes,Clothing,524.53,2023-02-06,5,279,Chicago
2359,"Science Book",Books,883.12,2023-01-14,8,191,Houston
2360,Jacket,Clothing,404.44,2023-01-28,6,154,Miami
2361,Jacket,Clothing,944.79,2023-05-12,9,465,"New York"
2362,Camera,Electronics,21.08,2023-04-12,8,18,Miami
2363,"Non-fiction Book",Books,287.40,2023-05-18,10,265,Houston
2364,Mouse,Electronics,268.50,2023-05-06,7,126,"Los Angeles"
2365,Shoes,Clothing,785.12,2023-02-24,2,440,Miami
2366,"Action Figure",Toys,522.51,2023-03-05,2,466,"New York"
2367,Jeans,Clothing,94.52,2023-04-04,4,500,"New York"
2368,Bookshelf,Furniture,20.19,2023-06-15,6,459,Miami
2369,Camera,Electronics,655.05,2023-05-26,1,461,"Los Angeles"
2370,Nightstand,Furniture,940.32,2023-06-18,9,261,"New York"
2371,Jeans,Clothing,949.74,2023-06-22,10,446,Chicago
2372,"Table Lamp",Furniture,38.10,2023-03-30,4,97,Miami
2373,Bed,Furniture,256.96,2023-01-11,6,206,Chicago
2374,Nightstand,Furniture,14.49,2023-01-22,6,234,Houston
2375,"Fiction Book",Books,763.45,2023-05-14,5,422,Miami
2376,Wardrobe,Furniture,227.15,2023-04-10,1,386,Chicago
2377,"Science Book",Books,699.54,2023-06-08,4,442,Chicago
2378,Puzzle,Toys,107.52,2023-03-05,5,70,"Los Angeles"
2379,Jeans,Clothing,898.50,2023-05-04,8,308,Miami
2380,Shoes,Clothing,303.36,2023-04-19,2,352,"Los Angeles"
2381,"Action Figure",Toys,308.50,2023-03-29,6,44,Miami
2382,"Table Lamp",Furniture,38.57,2023-04-03,5,362,"Los Angeles"
2383,Headphones,Electronics,419.28,2023-06-05,1,348,"Los Angeles"
2384,Jeans,Clothing,969.88,2023-01-16,6,200,Chicago
2385,"Remote Control Car",Toys,631.42,2023-05-13,8,354,"New York"
2386,"Board Game",Toys,888.14,2023-01-12,7,38,Chicago
2387,"Action Figure",Toys,664.19,2023-02-01,9,435,Houston
2388,Puzzle,Toys,318.87,2023-05-04,5,133,Miami
2389,"Board Game",Toys,229.84,2023-03-20,5,89,"Los Angeles"
2390,Shoes,Clothing,295.01,2023-05-16,9,52,Miami
2391,Tablet,Electronics,635.08,2023-03-24,4,267,Chicago
2392,Mouse,Electronics,552.37,2023-02-05,4,25,"Los Angeles"
2393,Smartphone,Electronics,673.47,2023-02-18,4,397,"New York"
2394,"Non-fiction Book",Books,149.96,2023-01-18,1,434,"Los Angeles"
2395,"Non-fiction Book",Books,796.88,2023-01-02,7,103,"New York"
2396,"Remote Control Car",Toys,774.13,2023-02-28,4,290,Miami
2397,Keyboard,Electronics,953.74,2023-03-29,6,194,"Los Angeles"
2398,"Action Figure",Toys,766.63,2023-03-22,10,147,Houston
2399,Jacket,Clothing,969.72,2023-04-30,5,10,Miami
2400,Jeans,Clothing,523.89,2023-04-14,4,407,"New York"
2401,Nightstand,Furniture,932.23,2023-05-25,3,352,Miami
2402,Smartphone,Electronics,904.54,2023-03-08,2,273,"Los Angeles"
2403,Laptop,Electronics,645.43,2023-05-22,1,329,"Los Angeles"
2404,Desk,Furniture,241.21,2023-06-27,2,17,Chicago
2405,"Non-fiction Book",Books,661.39,2023-05-05,5,154,"New York"
2406,"History Book",Books,848.02,2023-01-06,7,481,Miami
2407,"Remote Control Car",Toys,694.86,2023-05-10,6,212,Chicago
2408,T-shirt,Clothing,558.69,2023-05-02,8,253,Chicago
2409,Jeans,Clothing,393.99,2023-05-23,8,248,"New York"
2410,Nightstand,Furniture,916.77,2023-05-11,9,100,"Los Angeles"
2411,Desk,Furniture,752.46,2023-03-28,2,150,"New York"
2412,"Table Lamp",Furniture,879.09,2023-04-27,6,11,"Los Angeles"
2413,Shoes,Clothing,848.12,2023-03-29,9,490,"Los Angeles"
2414,Bookshelf,Furniture,326.90,2023-03-22,3,462,Miami
2415,Shoes,Clothing,222.02,2023-02-19,8,359,Chicago
2416,Monitor,Electronics,420.32,2023-06-25,7,96,"New York"
2417,"Remote Control Car",Toys,207.00,2023-02-06,4,169,Chicago
2418,Jeans,Clothing,773.03,2023-06-26,6,465,Miami
2419,"Board Game",Toys,778.28,2023-03-31,2,111,Houston
2420,"History Book",Books,291.18,2023-03-01,8,423,Miami
2421,Headphones,Electronics,551.40,2023-03-17,5,1,Houston
2422,Chair,Furniture,126.58,2023-01-30,5,372,"Los Angeles"
2423,"Fiction Book",Books,280.67,2023-02-24,7,207,"New York"
2424,Keyboard,Electronics,857.60,2023-06-17,1,294,Houston
2425,"Art Book",Books,814.67,2023-04-10,4,483,Miami
2426,Sofa,Furniture,61.80,2023-04-24,10,495,"New York"
2427,Monitor,Electronics,691.29,2023-02-22,4,23,"New York"
2428,Wardrobe,Furniture,638.96,2023-04-24,3,129,Chicago
2429,Bookshelf,Furniture,941.37,2023-05-13,9,67,"New York"
2430,Doll,Toys,612.23,2023-02-24,7,220,"New York"
2431,"History Book",Books,112.92,2023-05-16,5,445,"New York"
2432,Laptop,Electronics,208.22,2023-05-08,10,210,"Los Angeles"
2433,Shoes,Clothing,444.91,2023-05-06,2,316,Houston
2434,"Science Book",Books,892.67,2023-02-13,6,475,"New York"
2435,Puzzle,Toys,210.99,2023-05-31,6,124,Chicago
2436,Smartphone,Electronics,822.95,2023-06-17,2,85,"Los Angeles"
2437,Doll,Toys,215.79,2023-01-11,7,22,"Los Angeles"
2438,Dresser,Furniture,334.01,2023-05-11,7,496,"New York"
2439,Sofa,Furniture,318.43,2023-06-12,6,70,Miami
2440,Dress,Clothing,226.46,2023-03-31,9,284,"Los Angeles"
2441,Chair,Furniture,22.05,2023-04-21,10,71,Houston
2442,Smartwatch,Electronics,726.48,2023-05-09,4,397,Miami
2443,"Art Book",Books,397.16,2023-03-06,7,477,Miami
2444,"Board Game",Toys,734.71,2023-02-21,3,158,Miami
2445,Bookshelf,Furniture,756.12,2023-04-20,8,12,Miami
2446,Doll,Toys,84.31,2023-02-12,10,491,"New York"
2447,T-shirt,Clothing,409.48,2023-04-05,5,224,"New York"
2448,"History Book",Books,552.09,2023-03-22,6,284,"New York"
2449,"Science Book",Books,143.38,2023-02-20,10,16,"Los Angeles"
2450,Mouse,Electronics,716.63,2023-06-04,2,77,"Los Angeles"
2451,Speaker,Electronics,28.11,2023-03-14,10,199,"Los Angeles"
2452,"Action Figure",Toys,343.04,2023-04-21,1,157,Chicago
2453,Jacket,Clothing,352.22,2023-04-14,9,199,Chicago
2454,Sofa,Furniture,167.51,2023-01-18,10,328,"Los Angeles"
2455,Shoes,Clothing,547.25,2023-02-09,5,306,Houston
2456,"Fiction Book",Books,316.25,2023-03-27,5,330,"New York"
2457,Sofa,Furniture,355.21,2023-01-12,3,13,Chicago
2458,"Board Game",Toys,368.07,2023-04-10,7,319,"Los Angeles"
2459,Speaker,Electronics,421.34,2023-02-15,10,96,Miami
2460,Nightstand,Furniture,666.67,2023-03-19,2,263,"New York"
2461,Smartphone,Electronics,31.07,2023-06-24,8,434,"New York"
2462,"Science Book",Books,419.56,2023-03-31,3,338,Houston
2463,Dresser,Furniture,152.76,2023-06-08,10,64,Houston
2464,Shoes,Clothing,597.90,2023-01-01,3,50,Miami
2465,"Remote Control Car",Toys,566.52,2023-03-01,10,414,"Los Angeles"
2466,"Art Book",Books,315.71,2023-06-09,5,371,"Los Angeles"
2467,Headphones,Electronics,404.57,2023-05-22,8,88,Houston
2468,Desk,Furniture,443.28,2023-01-14,1,4,Miami
2469,Jacket,Clothing,924.95,2023-04-22,4,356,Houston
2470,"Remote Control Car",Toys,342.20,2023-02-10,2,418,Miami
2471,"Board Game",Toys,18.78,2023-04-21,1,88,Miami
2472,"Board Game",Toys,316.55,2023-06-09,5,378,"Los Angeles"
2473,Wardrobe,Furniture,241.02,2023-04-17,3,224,Chicago
2474,Tablet,Electronics,691.76,2023-05-22,9,468,"New York"
2475,"Fiction Book",Books,380.94,2023-04-30,2,451,Miami
2476,Camera,Electronics,733.27,2023-01-29,6,224,Chicago
2477,Smartphone,Electronics,782.78,2023-06-07,1,228,"Los Angeles"
2478,Doll,Toys,278.54,2023-03-08,1,463,Houston
2479,Bed,Furniture,562.30,2023-03-16,4,307,Miami
2480,"Remote Control Car",Toys,406.44,2023-03-30,3,347,Houston
2481,"Science Book",Books,109.24,2023-01-22,3,17,"Los Angeles"
2482,Jacket,Clothing,4.66,2023-06-01,3,251,Miami
2483,"Action Figure",Toys,208.84,2023-01-08,6,373,"New York"
2484,"Art Book",Books,253.01,2023-03-31,8,65,Chicago
2485,"Board Game",Toys,588.27,2023-03-16,3,120,"Los Angeles"
2486,"Action Figure",Toys,498.50,2023-06-14,1,286,Houston
2487,"Non-fiction Book",Books,92.45,2023-06-02,10,137,Chicago
2488,Jeans,Clothing,253.42,2023-01-18,8,199,Houston
2489,"Art Book",Books,492.30,2023-05-29,7,367,Houston
2490,Jeans,Clothing,909.47,2023-05-07,8,399,Houston
2491,Doll,Toys,523.50,2023-01-03,6,255,"New York"
2492,Dress,Clothing,166.92,2023-02-08,6,74,"New York"
2493,Doll,Toys,804.94,2023-01-22,2,268,"New York"
2494,Smartphone,Electronics,753.56,2023-05-19,6,294,"Los Angeles"
2495,Dresser,Furniture,639.61,2023-01-27,9,323,Houston
2496,Doll,Toys,607.78,2023-02-10,4,420,"Los Angeles"
2497,Puzzle,Toys,705.72,2023-03-26,3,384,"New York"
2498,Bookshelf,Furniture,547.86,2023-05-24,4,185,Houston
2499,Puzzle,Toys,964.92,2023-05-24,1,42,"New York"
2500,Jacket,Clothing,896.42,2023-04-22,5,95,Houston
2501,Speaker,Electronics,511.77,2023-05-30,7,311,"Los Angeles"
2502,Wardrobe,Furniture,532.21,2023-06-23,3,85,"Los Angeles"
2503,T-shirt,Clothing,811.46,2023-05-23,6,129,Houston
2504,"History Book",Books,55.73,2023-02-21,3,205,"Los Angeles"
2505,Chair,Furniture,150.43,2023-02-23,1,168,Chicago
2506,"History Book",Books,466.14,2023-02-18,10,465,Miami
2507,"Coffee Table",Furniture,862.58,2023-02-05,4,182,Houston
2508,Headphones,Electronics,391.60,2023-05-01,2,445,Miami
2509,"Board Game",Toys,76.50,2023-05-27,9,378,"Los Angeles"
2510,Monitor,Electronics,481.66,2023-03-30,1,315,"New York"
2511,Jeans,Clothing,309.88,2023-03-17,2,276,"Los Angeles"
2512,"History Book",Books,782.36,2023-04-08,4,70,Houston
2513,"Fiction Book",Books,738.89,2023-04-24,10,397,"New York"
2514,Bed,Furniture,300.02,2023-01-03,2,421,Houston
2515,"Action Figure",Toys,108.33,2023-02-04,7,301,"New York"
2516,"Fiction Book",Books,732.93,2023-02-02,8,481,Houston
2517,"Fiction Book",Books,774.19,2023-03-19,9,412,Houston
2518,"Art Book",Books,403.11,2023-01-31,7,353,Chicago
2519,"Board Game",Toys,671.00,2023-01-07,2,363,"New York"
2520,Shoes,Clothing,173.70,2023-01-26,2,237,Miami
2521,"Fiction Book",Books,269.82,2023-01-20,8,148,"Los Angeles"
2522,"Non-fiction Book",Books,649.24,2023-02-22,6,332,Houston
2523,"Board Game",Toys,278.79,2023-01-18,7,498,"New York"
2524,Smartphone,Electronics,407.31,2023-05-17,6,280,"New York"
2525,"History Book",Books,891.99,2023-04-03,9,440,Houston
2526,Tablet,Electronics,911.51,2023-05-31,5,381,Chicago
2527,Doll,Toys,873.60,2023-03-07,2,454,Miami
2528,"Action Figure",Toys,162.61,2023-05-21,5,349,"Los Angeles"
2529,Bed,Furniture,425.73,2023-05-29,9,409,Chicago
2530,Camera,Electronics,21.32,2023-04-12,8,42,"New York"
2531,T-shirt,Clothing,31.83,2023-05-27,10,206,"New York"
2532,T-shirt,Clothing,617.87,2023-01-07,4,263,Houston
2533,"Non-fiction Book",Books,334.28,2023-06-17,7,214,"Los Angeles"
2534,"Fiction Book",Books,182.11,2023-05-02,9,40,Miami
2535,Jeans,Clothing,391.65,2023-06-22,7,83,"New York"
2536,Jacket,Clothing,627.75,2023-02-06,2,35,Miami
2537,Dress,Clothing,206.14,2023-03-26,8,139,"New York"
2538,Mouse,Electronics,650.56,2023-04-27,3,266,Houston
2539,Wardrobe,Furniture,749.28,2023-01-13,1,130,"New York"
2540,Bed,Furniture,243.11,2023-06-19,10,43,Chicago
2541,Laptop,Electronics,567.54,2023-02-19,7,288,Miami
2542,Jacket,Clothing,6.29,2023-01-10,3,34,Chicago
2543,"Fiction Book",Books,518.57,2023-01-09,7,153,Chicago
2544,Bookshelf,Furniture,683.01,2023-03-13,10,244,Houston
2545,"Science Book",Books,488.31,2023-06-17,2,61,"New York"
2546,"Board Game",Toys,426.91,2023-05-28,9,314,Houston
2547,Jacket,Clothing,809.40,2023-06-24,5,106,Houston
2548,Nightstand,Furniture,37.95,2023-02-23,4,15,Miami
2549,Doll,Toys,977.75,2023-06-23,9,267,"New York"
2550,T-shirt,Clothing,507.29,2023-01-09,8,204,Miami
2551,Wardrobe,Furniture,317.75,2023-01-06,3,465,"New York"
2552,"Coffee Table",Furniture,796.00,2023-04-23,8,393,Houston
2553,Bookshelf,Furniture,881.59,2023-02-26,10,354,Houston
2554,Jacket,Clothing,853.82,2023-01-18,10,136,Houston
2555,Dresser,Furniture,439.53,2023-02-01,6,146,Houston
2556,"Board Game",Toys,191.03,2023-05-16,2,355,Miami
2557,"History Book",Books,910.64,2023-05-15,1,390,Miami
2558,Smartwatch,Electronics,170.13,2023-05-31,7,435,"Los Angeles"
2559,"Remote Control Car",Toys,798.95,2023-01-28,4,171,Houston
2560,Headphones,Electronics,189.64,2023-05-28,6,103,Chicago
2561,Jeans,Clothing,847.50,2023-03-15,6,163,"New York"
2562,T-shirt,Clothing,232.08,2023-05-16,1,48,"Los Angeles"
2563,Tablet,Electronics,355.18,2023-06-19,7,215,"New York"
2564,"History Book",Books,705.48,2023-02-26,5,158,"Los Angeles"
2565,Laptop,Electronics,292.78,2023-06-28,1,215,Miami
2566,Bed,Furniture,439.76,2023-06-16,4,404,"New York"
2567,Puzzle,Toys,287.98,2023-04-02,7,452,Chicago
2568,Dress,Clothing,651.96,2023-06-02,3,432,Chicago
2569,"Science Book",Books,838.05,2023-06-12,1,158,Chicago
2570,"Board Game",Toys,58.35,2023-05-16,6,332,Chicago
2571,"Board Game",Toys,561.28,2023-04-18,4,382,Miami
2572,Camera,Electronics,8.67,2023-03-24,3,3,"New York"
2573,Doll,Toys,281.19,2023-05-07,7,95,Miami
2574,"Table Lamp",Furniture,3.08,2023-02-19,4,476,Houston
2575,"Fiction Book",Books,205.20,2023-06-27,4,332,"Los Angeles"
2576,"Science Book",Books,208.37,2023-05-01,8,298,Miami
2577,Nightstand,Furniture,896.93,2023-04-27,6,415,Chicago
2578,"Action Figure",Toys,29.40,2023-05-01,3,170,Miami
2579,Sofa,Furniture,121.13,2023-06-03,10,490,"New York"
2580,"Remote Control Car",Toys,265.26,2023-03-04,10,361,Houston
2581,Dress,Clothing,890.86,2023-06-18,1,121,"New York"
2582,Tablet,Electronics,764.41,2023-01-16,2,206,Houston
2583,Laptop,Electronics,810.83,2023-04-04,2,140,Miami
2584,"Non-fiction Book",Books,23.73,2023-01-03,10,458,Houston
2585,"Table Lamp",Furniture,771.74,2023-02-27,3,253,Houston
2586,"Science Book",Books,483.13,2023-06-10,1,190,Miami
2587,Monitor,Electronics,153.53,2023-05-13,3,457,Miami
2588,"Art Book",Books,429.45,2023-03-13,7,141,"Los Angeles"
2589,"Art Book",Books,306.30,2023-05-14,8,363,"Los Angeles"
2590,Headphones,Electronics,352.20,2023-04-13,9,149,"New York"
2591,Jeans,Clothing,961.28,2023-06-14,7,371,Houston
2592,"Board Game",Toys,454.24,2023-01-13,10,368,Houston
2593,"Table Lamp",Furniture,800.23,2023-02-26,2,441,Miami
2594,"Remote Control Car",Toys,886.58,2023-04-21,5,88,Houston
2595,"Action Figure",Toys,56.49,2023-06-24,7,216,"New York"
2596,T-shirt,Clothing,630.43,2023-01-14,5,67,"Los Angeles"
2597,"Board Game",Toys,301.90,2023-05-18,10,159,Miami
2598,Laptop,Electronics,555.62,2023-02-09,5,218,Miami
2599,"Coffee Table",Furniture,885.90,2023-01-27,1,493,Houston
2600,Nightstand,Furniture,432.93,2023-03-16,8,298,Houston
2601,Shoes,Clothing,568.48,2023-02-18,7,174,Miami
2602,Keyboard,Electronics,653.35,2023-06-14,7,183,Miami
2603,"Science Book",Books,402.64,2023-04-13,7,256,Houston
2604,Shoes,Clothing,190.65,2023-01-04,6,258,"New York"
2605,"Fiction Book",Books,155.02,2023-05-18,4,260,Chicago
2606,Doll,Toys,977.83,2023-05-13,8,254,"Los Angeles"
2607,Laptop,Electronics,702.66,2023-01-12,3,464,Miami
2608,Laptop,Electronics,742.29,2023-02-16,1,276,Chicago
2609,Smartphone,Electronics,614.16,2023-01-11,5,42,"New York"
2610,Laptop,Electronics,333.59,2023-03-07,9,13,Houston
2611,Smartphone,Electronics,517.33,2023-04-04,1,356,"Los Angeles"
2612,"Remote Control Car",Toys,163.69,2023-01-09,8,276,Chicago
2613,Smartwatch,Electronics,203.72,2023-06-27,4,319,"Los Angeles"
2614,Bed,Furniture,533.04,2023-03-03,2,258,"Los Angeles"
2615,"Art Book",Books,230.96,2023-04-01,9,288,Chicago
2616,Jacket,Clothing,550.38,2023-03-30,8,262,"Los Angeles"
2617,Shoes,Clothing,80.86,2023-04-24,10,314,Chicago
2618,Desk,Furniture,259.72,2023-02-20,7,110,"Los Angeles"
2619,"Science Book",Books,739.48,2023-01-09,1,495,Miami
2620,Desk,Furniture,479.21,2023-01-19,1,58,"Los Angeles"
2621,Sofa,Furniture,541.34,2023-06-20,2,373,"Los Angeles"
2622,"Fiction Book",Books,198.35,2023-06-20,2,405,Houston
2623,Doll,Toys,131.00,2023-04-22,8,358,Chicago
2624,Puzzle,Toys,143.49,2023-06-06,10,14,"Los Angeles"
2625,"Non-fiction Book",Books,454.91,2023-03-13,7,473,Miami
2626,Bookshelf,Furniture,629.16,2023-01-17,6,295,"Los Angeles"
2627,Desk,Furniture,248.61,2023-01-14,7,452,Houston
2628,Dress,Clothing,370.01,2023-01-24,6,132,Houston
2629,"Remote Control Car",Toys,406.68,2023-01-18,3,4,"Los Angeles"
2630,Dresser,Furniture,287.78,2023-04-11,10,489,"New York"
2631,Jeans,Clothing,352.20,2023-04-16,9,333,Houston
2632,"Coffee Table",Furniture,534.73,2023-04-07,1,374,Chicago
2633,Bookshelf,Furniture,402.17,2023-01-18,3,26,Chicago
2634,Tablet,Electronics,906.05,2023-05-18,1,89,Houston
2635,Jacket,Clothing,217.14,2023-05-29,5,451,"New York"
2636,"Non-fiction Book",Books,339.50,2023-05-28,1,463,"Los Angeles"
2637,Headphones,Electronics,269.10,2023-01-08,5,469,Chicago
2638,Jacket,Clothing,309.22,2023-03-18,3,378,"New York"
2639,T-shirt,Clothing,708.37,2023-03-16,10,270,Miami
2640,T-shirt,Clothing,655.74,2023-02-03,10,109,"Los Angeles"
2641,Jacket,Clothing,694.22,2023-04-25,1,288,Chicago
2642,Tablet,Electronics,548.42,2023-01-11,7,54,Chicago
2643,Jacket,Clothing,349.50,2023-03-23,3,389,"New York"
2644,"History Book",Books,638.23,2023-01-03,2,341,Miami
2645,"Action Figure",Toys,405.92,2023-04-03,4,123,"New York"
2646,Mouse,Electronics,911.83,2023-05-25,3,479,Miami
2647,"Remote Control Car",Toys,868.84,2023-03-26,8,174,Chicago
2648,Sofa,Furniture,422.74,2023-02-13,10,470,Miami
2649,"History Book",Books,817.90,2023-05-14,3,16,Chicago
2650,Doll,Toys,103.18,2023-03-15,8,210,Miami
2651,"Coffee Table",Furniture,661.78,2023-02-05,1,209,"New York"
2652,Mouse,Electronics,187.34,2023-03-04,2,394,Chicago
2653,"Remote Control Car",Toys,72.72,2023-04-17,8,436,"New York"
2654,"Coffee Table",Furniture,4.24,2023-05-17,8,322,Miami
2655,Bookshelf,Furniture,620.81,2023-01-06,3,168,Miami
2656,Smartphone,Electronics,829.19,2023-01-14,9,94,"Los Angeles"
2657,"Board Game",Toys,219.27,2023-03-07,2,354,"New York"
2658,Smartwatch,Electronics,658.52,2023-03-16,1,87,Houston
2659,T-shirt,Clothing,368.69,2023-05-22,9,399,Chicago
2660,Camera,Electronics,5.06,2023-04-02,6,76,"New York"
2661,Nightstand,Furniture,761.99,2023-01-13,1,33,"New York"
2662,"Science Book",Books,61.63,2023-04-13,7,289,Miami
2663,"Board Game",Toys,227.48,2023-03-22,6,185,"Los Angeles"
2664,Doll,Toys,608.66,2023-01-16,7,375,Miami
2665,Dress,Clothing,871.87,2023-01-04,5,189,Chicago
2666,Puzzle,Toys,242.66,2023-02-24,8,3,Houston
2667,Wardrobe,Furniture,134.95,2023-01-21,2,237,Miami
2668,Doll,Toys,104.61,2023-06-15,3,344,Chicago
2669,"Fiction Book",Books,217.92,2023-05-24,4,110,"New York"
2670,Headphones,Electronics,459.63,2023-02-02,6,42,Miami
2671,Doll,Toys,519.95,2023-05-17,3,424,Chicago
2672,"Coffee Table",Furniture,46.45,2023-06-05,2,184,"Los Angeles"
2673,Laptop,Electronics,115.03,2023-02-02,6,140,Houston
2674,"Non-fiction Book",Books,253.22,2023-04-01,8,151,"Los Angeles"
2675,Tablet,Electronics,513.81,2023-06-22,3,161,Miami
2676,Shoes,Clothing,662.95,2023-05-27,1,458,"Los Angeles"
2677,Tablet,Electronics,102.13,2023-05-11,4,189,Miami
2678,"Non-fiction Book",Books,896.60,2023-03-10,3,469,"New York"
2679,Dresser,Furniture,382.85,2023-06-01,1,363,Chicago
2680,"Coffee Table",Furniture,830.83,2023-01-08,8,237,"Los Angeles"
2681,"Science Book",Books,554.90,2023-02-27,10,378,Miami
2682,Jeans,Clothing,595.57,2023-05-29,4,119,"New York"
2683,Speaker,Electronics,356.56,2023-01-05,1,127,"New York"
2684,Jacket,Clothing,380.27,2023-01-12,2,347,Miami
2685,"Non-fiction Book",Books,363.72,2023-01-19,5,380,Chicago
2686,Shoes,Clothing,777.02,2023-02-25,3,73,"New York"
2687,"Board Game",Toys,991.06,2023-02-11,2,74,"Los Angeles"
2688,"Art Book",Books,544.70,2023-06-09,8,134,Miami
2689,Mouse,Electronics,630.49,2023-03-10,1,476,Houston
2690,"Fiction Book",Books,286.61,2023-03-03,9,82,"Los Angeles"
2691,Tablet,Electronics,132.52,2023-06-16,3,202,"Los Angeles"
2692,"Coffee Table",Furniture,597.98,2023-06-01,5,265,Chicago
2693,T-shirt,Clothing,85.05,2023-01-25,5,370,Chicago
2694,"History Book",Books,403.73,2023-05-16,6,232,Houston
2695,Tablet,Electronics,848.59,2023-04-25,7,142,Chicago
2696,"History Book",Books,870.73,2023-01-10,7,68,Houston
2697,Monitor,Electronics,528.43,2023-04-11,3,188,"Los Angeles"
2698,Headphones,Electronics,429.30,2023-06-15,4,377,Miami
2699,Headphones,Electronics,435.62,2023-01-01,7,245,"Los Angeles"
2700,Bookshelf,Furniture,841.35,2023-02-06,6,451,Miami
2701,Bed,Furniture,281.85,2023-01-24,8,303,Houston
2702,"Coffee Table",Furniture,790.03,2023-05-04,1,119,"New York"
2703,Dresser,Furniture,282.46,2023-03-20,4,164,Houston
2704,"Table Lamp",Furniture,854.32,2023-04-20,5,299,Chicago
2705,Puzzle,Toys,566.46,2023-06-26,3,67,"New York"
2706,"Non-fiction Book",Books,736.75,2023-04-21,9,254,Miami
2707,Smartwatch,Electronics,79.45,2023-03-12,8,238,"New York"
2708,Shoes,Clothing,127.54,2023-06-06,10,110,"Los Angeles"
2709,Chair,Furniture,637.09,2023-05-20,10,264,Houston
2710,Smartphone,Electronics,913.28,2023-04-11,1,265,Chicago
2711,Smartwatch,Electronics,909.58,2023-05-14,10,310,"New York"
2712,Smartphone,Electronics,705.32,2023-03-29,4,70,Houston
2713,Desk,Furniture,519.15,2023-03-19,7,365,Miami
2714,Doll,Toys,947.90,2023-04-21,3,173,"New York"
2715,Speaker,Electronics,909.71,2023-04-19,3,295,"New York"
2716,"Science Book",Books,608.60,2023-02-17,5,351,"New York"
2717,Puzzle,Toys,339.27,2023-05-28,1,488,Houston
2718,Camera,Electronics,747.95,2023-02-15,1,164,Chicago
2719,"Remote Control Car",Toys,663.58,2023-04-28,3,202,"New York"
2720,"Non-fiction Book",Books,312.43,2023-04-11,9,309,Chicago
2721,"Art Book",Books,753.46,2023-06-03,1,245,Chicago
2722,Jacket,Clothing,908.88,2023-03-01,10,292,"New York"
2723,Laptop,Electronics,152.11,2023-03-21,8,221,Miami
2724,T-shirt,Clothing,650.57,2023-05-14,8,269,Chicago
2725,Jeans,Clothing,92.44,2023-03-26,1,445,"Los Angeles"
2726,"History Book",Books,153.49,2023-05-30,7,467,Houston
2727,"Table Lamp",Furniture,840.22,2023-04-19,5,303,Chicago
2728,Headphones,Electronics,573.20,2023-04-06,10,34,Chicago
2729,Shoes,Clothing,796.02,2023-03-16,7,66,Houston
2730,"Fiction Book",Books,722.89,2023-04-13,7,334,"Los Angeles"
2731,Shoes,Clothing,626.37,2023-04-09,9,340,Houston
2732,Doll,Toys,91.23,2023-02-19,2,365,"Los Angeles"
2733,Wardrobe,Furniture,216.97,2023-04-03,10,11,"Los Angeles"
2734,"Art Book",Books,885.02,2023-06-05,7,385,Miami
2735,Puzzle,Toys,972.25,2023-05-19,10,194,"New York"
2736,Jacket,Clothing,649.83,2023-06-09,5,394,Chicago
2737,"Board Game",Toys,294.28,2023-01-28,9,483,"New York"
2738,"Action Figure",Toys,113.12,2023-01-03,8,288,Houston
2739,"Remote Control Car",Toys,128.24,2023-06-14,2,102,Chicago
2740,"Art Book",Books,188.86,2023-03-30,9,498,"Los Angeles"
2741,Dress,Clothing,352.11,2023-01-13,3,95,"New York"
2742,Smartwatch,Electronics,364.70,2023-05-24,9,41,Houston
2743,Dresser,Furniture,166.81,2023-06-08,10,435,Houston
2744,Shoes,Clothing,225.76,2023-01-27,1,425,"New York"
2745,"History Book",Books,486.97,2023-01-20,1,58,"Los Angeles"
2746,Chair,Furniture,941.87,2023-03-08,1,471,Houston
2747,Shoes,Clothing,644.68,2023-04-16,10,83,Miami
2748,Puzzle,Toys,204.96,2023-05-10,10,394,Miami
2749,Jeans,Clothing,420.30,2023-01-09,10,338,Chicago
2750,Jacket,Clothing,148.64,2023-05-02,10,306,"Los Angeles"
2751,Shoes,Clothing,444.42,2023-05-27,8,123,"New York"
2752,"Table Lamp",Furniture,863.63,2023-04-23,6,403,Chicago
2753,"Fiction Book",Books,412.09,2023-05-27,9,365,"New York"
2754,T-shirt,Clothing,362.66,2023-02-16,2,93,"Los Angeles"
2755,Speaker,Electronics,57.33,2023-04-01,4,76,Houston
2756,Bed,Furniture,335.99,2023-02-14,3,172,"New York"
2757,Bookshelf,Furniture,733.46,2023-05-02,2,438,Miami
2758,T-shirt,Clothing,361.57,2023-02-09,1,221,"New York"
2759,Dress,Clothing,703.16,2023-05-18,8,157,"Los Angeles"
2760,Smartphone,Electronics,27.44,2023-01-08,2,246,"New York"
2761,"Board Game",Toys,488.79,2023-01-10,9,439,Miami
2762,Speaker,Electronics,366.78,2023-06-12,5,203,Houston
2763,Dress,Clothing,947.17,2023-01-30,10,198,"New York"
2764,Smartphone,Electronics,265.78,2023-01-17,7,9,"New York"
2765,Jeans,Clothing,669.77,2023-04-21,1,251,"Los Angeles"
2766,"Remote Control Car",Toys,792.79,2023-01-28,4,260,Chicago
2767,T-shirt,Clothing,390.87,2023-03-24,2,138,Miami
2768,Monitor,Electronics,743.67,2023-04-11,6,54,Miami
2769,Keyboard,Electronics,153.06,2023-03-25,9,445,Miami
2770,"Fiction Book",Books,834.32,2023-01-29,3,4,"New York"
2771,"Fiction Book",Books,387.91,2023-04-24,10,41,Chicago
2772,"Remote Control Car",Toys,219.14,2023-02-15,7,151,Houston
2773,T-shirt,Clothing,251.10,2023-06-21,1,83,Miami
2774,Jeans,Clothing,100.11,2023-03-20,9,72,"New York"
2775,"History Book",Books,316.41,2023-03-15,1,125,Miami
2776,Monitor,Electronics,631.31,2023-01-18,6,315,"Los Angeles"
2777,Tablet,Electronics,937.88,2023-06-25,1,198,Houston
2778,"Non-fiction Book",Books,61.97,2023-04-15,8,449,"Los Angeles"
2779,"Fiction Book",Books,977.97,2023-05-02,5,117,Miami
2780,Chair,Furniture,891.27,2023-06-21,2,321,Miami
2781,T-shirt,Clothing,231.65,2023-04-14,2,114,Chicago
2782,Camera,Electronics,960.93,2023-02-12,4,420,"Los Angeles"
2783,"Fiction Book",Books,564.90,2023-02-15,6,51,Houston
2784,"History Book",Books,921.85,2023-03-02,10,283,"New York"
2785,"Non-fiction Book",Books,720.64,2023-03-25,2,180,"Los Angeles"
2786,"Non-fiction Book",Books,69.62,2023-05-14,5,136,Miami
2787,Shoes,Clothing,901.43,2023-06-08,7,427,"New York"
2788,Wardrobe,Furniture,356.52,2023-02-22,4,45,"Los Angeles"
2789,Keyboard,Electronics,278.22,2023-06-15,8,56,"Los Angeles"
2790,"Non-fiction Book",Books,152.47,2023-05-31,8,54,"Los Angeles"
2791,Dress,Clothing,827.87,2023-05-09,1,154,"Los Angeles"
2792,Chair,Furniture,604.42,2023-04-12,10,150,Chicago
2793,"History Book",Books,160.82,2023-06-27,5,126,Miami
2794,Puzzle,Toys,213.61,2023-05-04,8,422,Miami
2795,Puzzle,Toys,942.60,2023-04-15,1,323,Miami
2796,Smartphone,Electronics,397.50,2023-05-12,5,55,"New York"
2797,Shoes,Clothing,223.28,2023-02-25,9,247,Miami
2798,Jeans,Clothing,252.92,2023-01-19,8,208,Miami
2799,Doll,Toys,606.82,2023-01-24,9,414,Chicago
2800,Jacket,Clothing,61.87,2023-02-01,7,433,"Los Angeles"
2801,"Board Game",Toys,224.09,2023-03-09,2,434,Houston
2802,Monitor,Electronics,341.04,2023-05-06,5,112,Houston
2803,"Board Game",Toys,935.84,2023-01-04,3,187,"New York"
2804,Puzzle,Toys,347.37,2023-06-03,3,252,Miami
2805,Puzzle,Toys,327.85,2023-02-14,3,252,Houston
2806,Bed,Furniture,134.25,2023-03-06,4,444,"Los Angeles"
2807,"Non-fiction Book",Books,707.41,2023-04-19,10,354,Miami
2808,"Board Game",Toys,272.56,2023-01-07,4,330,"Los Angeles"
2809,Bookshelf,Furniture,112.41,2023-04-03,3,286,"New York"
2810,"Table Lamp",Furniture,174.85,2023-01-30,3,465,Houston
2811,Smartwatch,Electronics,422.73,2023-02-24,3,146,Houston
2812,"Remote Control Car",Toys,213.50,2023-02-12,6,25,Chicago
2813,"Fiction Book",Books,98.35,2023-02-16,10,80,Miami
2814,"Fiction Book",Books,428.30,2023-05-19,6,268,Miami
2815,Sofa,Furniture,659.58,2023-03-28,5,310,Miami
2816,Jacket,Clothing,131.86,2023-04-11,4,126,"New York"
2817,"Science Book",Books,961.96,2023-03-29,6,134,Houston
2818,"Science Book",Books,987.67,2023-05-02,5,38,"New York"
2819,Bookshelf,Furniture,568.91,2023-06-14,9,265,"New York"
2820,"Remote Control Car",Toys,25.41,2023-03-17,1,395,Miami
2821,Bed,Furniture,594.13,2023-04-13,1,304,Miami
2822,Dress,Clothing,161.99,2023-03-12,5,85,Chicago
2823,"Fiction Book",Books,767.17,2023-02-26,3,227,Chicago
2824,"Science Book",Books,430.55,2023-04-04,4,489,Miami
2825,Puzzle,Toys,306.27,2023-05-11,8,200,Miami
2826,Smartwatch,Electronics,93.40,2023-04-09,5,309,Houston
2827,"History Book",Books,507.35,2023-02-07,6,464,"New York"
2828,"Science Book",Books,800.17,2023-05-21,6,95,Chicago
2829,Dress,Clothing,2.44,2023-03-13,10,343,Chicago
2830,Jacket,Clothing,568.28,2023-03-27,7,436,"Los Angeles"
2831,Sofa,Furniture,529.25,2023-05-28,6,60,"New York"
2832,"Action Figure",Toys,383.08,2023-02-28,5,226,Houston
2833,"History Book",Books,569.01,2023-05-25,4,62,Houston
2834,Keyboard,Electronics,946.46,2023-03-08,1,473,Houston
2835,"Fiction Book",Books,542.42,2023-03-22,6,326,Chicago
2836,Bookshelf,Furniture,863.44,2023-01-30,3,316,Chicago
2837,T-shirt,Clothing,59.19,2023-06-18,6,379,"Los Angeles"
2838,"Remote Control Car",Toys,729.61,2023-06-20,6,467,"New York"
2839,Desk,Furniture,456.08,2023-02-13,9,230,Houston
2840,Dress,Clothing,664.03,2023-06-11,5,402,Chicago
2841,Monitor,Electronics,3.14,2023-01-20,6,164,"New York"
2842,Desk,Furniture,540.20,2023-04-10,2,26,Miami
2843,"Board Game",Toys,314.02,2023-02-06,1,385,Houston
2844,"Fiction Book",Books,12.67,2023-06-01,2,152,"New York"
2845,Nightstand,Furniture,126.93,2023-05-23,6,270,Miami
2846,Smartwatch,Electronics,70.06,2023-02-28,5,66,"Los Angeles"
2847,Jacket,Clothing,467.68,2023-03-22,9,429,Houston
2848,Wardrobe,Furniture,724.71,2023-06-24,7,222,"Los Angeles"
2849,"Art Book",Books,413.84,2023-03-05,6,258,"New York"
2850,"Art Book",Books,68.83,2023-03-13,8,324,Miami
2851,"Art Book",Books,450.67,2023-03-19,8,354,"New York"
2852,Jeans,Clothing,99.82,2023-03-22,10,185,"New York"
2853,Puzzle,Toys,81.90,2023-01-04,9,76,"Los Angeles"
2854,"Art Book",Books,955.77,2023-03-04,9,123,Houston
2855,Jacket,Clothing,264.13,2023-06-24,1,195,Houston
2856,"Art Book",Books,767.13,2023-01-03,8,397,Houston
2857,Puzzle,Toys,933.53,2023-03-13,2,347,Miami
2858,"Fiction Book",Books,180.02,2023-02-25,1,70,Houston
2859,Doll,Toys,864.34,2023-03-27,8,256,"New York"
2860,Dress,Clothing,192.16,2023-04-02,10,147,Chicago
2861,Monitor,Electronics,535.32,2023-05-13,1,108,Miami
2862,Shoes,Clothing,716.56,2023-01-24,6,84,"Los Angeles"
2863,"Remote Control Car",Toys,42.09,2023-02-11,1,198,Miami
2864,Dress,Clothing,165.80,2023-02-24,1,89,Miami
2865,"History Book",Books,242.52,2023-03-04,1,493,Miami
2866,Jeans,Clothing,380.74,2023-02-07,10,456,Miami
2867,Dress,Clothing,624.91,2023-03-15,2,309,Chicago
2868,Mouse,Electronics,619.69,2023-03-16,3,415,Chicago
2869,Smartwatch,Electronics,68.88,2023-03-23,1,460,Chicago
2870,Jacket,Clothing,423.05,2023-06-17,4,77,Chicago
2871,Shoes,Clothing,826.27,2023-03-26,9,454,Miami
2872,Tablet,Electronics,5.64,2023-03-15,1,460,Chicago
2873,"Science Book",Books,819.36,2023-05-20,5,378,Chicago
2874,Sofa,Furniture,314.87,2023-05-09,7,468,Miami
2875,Bookshelf,Furniture,620.59,2023-01-12,5,45,"New York"
2876,Monitor,Electronics,493.10,2023-03-05,3,177,Miami
2877,Shoes,Clothing,836.25,2023-04-06,2,73,"Los Angeles"
2878,"Action Figure",Toys,366.62,2023-04-26,2,333,Miami
2879,Doll,Toys,747.92,2023-01-01,8,402,Houston
2880,Nightstand,Furniture,271.01,2023-03-08,1,3,Miami
2881,"Fiction Book",Books,89.13,2023-01-29,6,73,"New York"
2882,Sofa,Furniture,116.23,2023-06-12,2,59,"New York"
2883,Tablet,Electronics,791.38,2023-02-25,2,446,Miami
2884,Speaker,Electronics,352.68,2023-05-30,2,4,Houston
2885,"Fiction Book",Books,254.36,2023-01-28,10,267,Houston
2886,"Art Book",Books,885.99,2023-06-13,9,328,Houston
2887,Bed,Furniture,584.72,2023-03-23,6,104,Chicago
2888,Puzzle,Toys,30.33,2023-01-06,1,86,Houston
2889,"Remote Control Car",Toys,283.11,2023-06-05,5,366,"Los Angeles"
2890,Camera,Electronics,7.41,2023-03-11,10,203,"Los Angeles"
2891,Laptop,Electronics,97.69,2023-01-14,1,103,Houston
2892,"Coffee Table",Furniture,192.09,2023-04-30,8,350,"Los Angeles"
2893,Dresser,Furniture,404.54,2023-01-08,10,419,"Los Angeles"
2894,T-shirt,Clothing,847.92,2023-06-20,2,55,Miami
2895,Shoes,Clothing,673.71,2023-05-16,8,247,"Los Angeles"
2896,Jeans,Clothing,345.65,2023-01-18,5,6,Houston
2897,"Table Lamp",Furniture,665.02,2023-05-21,10,97,"Los Angeles"
2898,"Science Book",Books,294.99,2023-01-29,10,32,Chicago
2899,"Fiction Book",Books,390.54,2023-04-01,4,77,Houston
2900,Jacket,Clothing,608.29,2023-05-10,8,349,"New York"
2901,"Non-fiction Book",Books,277.16,2023-03-21,4,276,Houston
2902,Dress,Clothing,469.89,2023-04-14,5,294,Chicago
2903,Doll,Toys,118.73,2023-06-26,6,388,"Los Angeles"
2904,Puzzle,Toys,172.48,2023-04-07,2,88,Chicago
2905,Jeans,Clothing,844.50,2023-03-18,6,334,Chicago
2906,"Board Game",Toys,888.48,2023-01-01,4,388,Miami
2907,"Fiction Book",Books,110.31,2023-03-22,9,73,"New York"
2908,"History Book",Books,838.61,2023-03-05,3,62,Miami
2909,Laptop,Electronics,92.04,2023-01-19,3,440,Houston
2910,"Art Book",Books,54.39,2023-04-22,10,424,Chicago
2911,Jeans,Clothing,957.10,2023-06-12,7,262,Houston
2912,"Action Figure",Toys,722.24,2023-04-03,5,257,"Los Angeles"
2913,Mouse,Electronics,484.00,2023-05-12,2,404,Chicago
2914,"Science Book",Books,972.42,2023-04-06,8,43,"Los Angeles"
2915,"Board Game",Toys,294.76,2023-05-20,10,318,"New York"
2916,Headphones,Electronics,729.86,2023-02-19,2,52,Miami
2917,Dress,Clothing,219.42,2023-03-31,9,343,Miami
2918,Shoes,Clothing,942.14,2023-06-27,2,298,Houston
2919,T-shirt,Clothing,388.97,2023-04-15,8,444,"Los Angeles"
2920,"Science Book",Books,420.03,2023-05-02,2,252,"Los Angeles"
2921,Shoes,Clothing,112.04,2023-05-21,6,235,Houston
2922,"Board Game",Toys,703.01,2023-01-17,4,219,"New York"
2923,T-shirt,Clothing,618.65,2023-01-03,3,44,Houston
2924,Jeans,Clothing,697.63,2023-05-19,8,256,"Los Angeles"
2925,"Art Book",Books,727.44,2023-04-26,1,129,"New York"
2926,Camera,Electronics,157.14,2023-01-28,3,500,"New York"
2927,"History Book",Books,880.35,2023-01-27,1,27,Miami
2928,"Science Book",Books,259.27,2023-06-18,9,334,Houston
2929,Bookshelf,Furniture,59.59,2023-02-02,8,61,Chicago
2930,"Fiction Book",Books,130.47,2023-04-22,7,310,"New York"
2931,Speaker,Electronics,180.52,2023-01-08,7,79,Miami
2932,"History Book",Books,676.51,2023-02-11,2,468,"Los Angeles"
2933,"Science Book",Books,282.10,2023-01-08,4,316,"New York"
2934,"Art Book",Books,231.92,2023-05-05,8,379,Chicago
2935,Tablet,Electronics,712.40,2023-06-11,4,15,"New York"
2936,T-shirt,Clothing,860.66,2023-01-23,1,399,Miami
2937,Keyboard,Electronics,307.93,2023-01-20,7,399,"New York"
2938,Keyboard,Electronics,711.18,2023-02-16,2,484,"Los Angeles"
2939,Laptop,Electronics,385.21,2023-04-17,9,127,Miami
2940,Shoes,Clothing,693.64,2023-01-01,10,324,Chicago
2941,Desk,Furniture,369.62,2023-05-13,6,306,"Los Angeles"
2942,Speaker,Electronics,550.19,2023-01-03,5,51,"Los Angeles"
2943,"Fiction Book",Books,533.48,2023-02-02,3,476,Miami
2944,Jacket,Clothing,320.41,2023-03-08,9,144,Houston
2945,Tablet,Electronics,63.20,2023-03-18,10,229,Chicago
2946,"Remote Control Car",Toys,903.68,2023-06-04,6,166,Miami
2947,T-shirt,Clothing,764.01,2023-04-08,5,252,"Los Angeles"
2948,"Science Book",Books,857.75,2023-04-19,5,182,Chicago
2949,Shoes,Clothing,871.82,2023-05-19,3,436,Houston
2950,"Non-fiction Book",Books,120.99,2023-06-29,7,78,Miami
2951,"Action Figure",Toys,943.06,2023-02-08,3,258,Miami
2952,Puzzle,Toys,727.26,2023-04-28,1,203,Miami
2953,"Remote Control Car",Toys,466.39,2023-06-16,3,182,"New York"
2954,Dress,Clothing,361.25,2023-04-15,9,204,Chicago
2955,Shoes,Clothing,815.63,2023-03-30,1,275,Houston
2956,Speaker,Electronics,644.79,2023-03-10,10,356,Houston
2957,Keyboard,Electronics,125.01,2023-02-07,7,325,"Los Angeles"
2958,Dress,Clothing,115.80,2023-01-12,10,307,"New York"
2959,Speaker,Electronics,477.99,2023-04-03,2,66,"Los Angeles"
2960,"Board Game",Toys,198.85,2023-02-28,1,68,Houston
2961,"Science Book",Books,151.62,2023-03-31,1,316,"New York"
2962,Jeans,Clothing,38.75,2023-02-15,2,467,"Los Angeles"
2963,Dress,Clothing,550.42,2023-06-25,3,89,"Los Angeles"
2964,Jeans,Clothing,510.88,2023-05-24,5,429,Miami
2965,Camera,Electronics,806.84,2023-04-02,2,65,"Los Angeles"
2966,"Board Game",Toys,356.74,2023-01-01,10,371,Miami
2967,Smartwatch,Electronics,332.33,2023-04-13,9,243,Miami
2968,Camera,Electronics,982.65,2023-02-24,6,439,Houston
2969,Puzzle,Toys,324.27,2023-05-07,6,277,"New York"
2970,"Table Lamp",Furniture,49.16,2023-04-25,1,109,"New York"
2971,T-shirt,Clothing,218.27,2023-05-22,3,4,"Los Angeles"
2972,Smartwatch,Electronics,250.78,2023-02-02,2,86,Chicago
2973,"Art Book",Books,314.65,2023-01-12,4,325,"New York"
2974,"Science Book",Books,123.69,2023-01-23,3,456,Houston
2975,Mouse,Electronics,229.62,2023-03-29,8,117,Miami
2976,Mouse,Electronics,326.49,2023-01-19,6,162,"New York"
2977,Desk,Furniture,606.68,2023-06-01,4,205,Miami
2978,Bookshelf,Furniture,234.66,2023-01-12,7,414,"Los Angeles"
2979,Headphones,Electronics,507.46,2023-01-28,3,384,"New York"
2980,"Coffee Table",Furniture,941.28,2023-04-14,1,287,Houston
2981,"Non-fiction Book",Books,921.00,2023-03-16,4,144,Chicago
2982,"Fiction Book",Books,366.46,2023-03-30,4,150,Chicago
2983,Nightstand,Furniture,43.39,2023-03-03,6,449,Houston
2984,Puzzle,Toys,382.66,2023-06-18,6,410,Chicago
2985,Tablet,Electronics,639.78,2023-04-06,8,26,"New York"
2986,Headphones,Electronics,246.04,2023-06-17,10,407,"Los Angeles"
2987,Keyboard,Electronics,948.10,2023-03-23,5,355,"Los Angeles"
2988,T-shirt,Clothing,658.58,2023-05-13,8,151,"Los Angeles"
2989,Tablet,Electronics,918.76,2023-06-10,7,389,Miami
2990,"Non-fiction Book",Books,386.41,2023-06-18,6,422,Houston
2991,T-shirt,Clothing,626.13,2023-06-10,6,115,Chicago
2992,Bed,Furniture,321.14,2023-02-07,1,378,Chicago
2993,Jacket,Clothing,280.08,2023-02-01,1,297,Miami
2994,"Art Book",Books,272.66,2023-05-08,8,269,Chicago
2995,"Science Book",Books,329.60,2023-01-03,1,186,Houston
2996,"Remote Control Car",Toys,318.37,2023-01-23,7,16,"New York"
2997,Shoes,Clothing,207.76,2023-02-25,10,351,Houston
2998,Dress,Clothing,485.89,2023-02-07,6,174,Miami
2999,"Science Book",Books,825.61,2023-03-15,6,282,"New York"
3000,Headphones,Electronics,748.33,2023-03-16,9,454,"New York"
3001,Dress,Clothing,603.61,2023-05-12,9,2,Chicago
3002,Shoes,Clothing,2.84,2023-03-06,8,413,Houston
3003,Shoes,Clothing,566.01,2023-05-31,5,472,"Los Angeles"
3004,Chair,Furniture,663.39,2023-06-01,3,282,"New York"
3005,Smartphone,Electronics,963.55,2023-04-27,4,402,Miami
3006,Jeans,Clothing,816.03,2023-03-19,7,95,Miami
3007,"Fiction Book",Books,409.44,2023-04-30,1,237,"New York"
3008,Camera,Electronics,89.77,2023-06-23,6,405,Chicago
3009,"Non-fiction Book",Books,665.93,2023-02-07,1,294,Miami
3010,Nightstand,Furniture,866.91,2023-04-05,1,296,Miami
3011,Shoes,Clothing,603.57,2023-04-21,3,197,"Los Angeles"
3012,"Action Figure",Toys,630.07,2023-06-03,4,144,"Los Angeles"
3013,"Art Book",Books,101.59,2023-06-04,10,160,Houston
3014,"Coffee Table",Furniture,869.78,2023-06-27,4,349,Chicago
3015,Sofa,Furniture,160.94,2023-01-18,1,383,Houston
3016,"Art Book",Books,269.85,2023-05-31,4,173,Houston
3017,Tablet,Electronics,215.43,2023-02-27,10,385,"New York"
3018,"History Book",Books,135.71,2023-04-30,10,306,"Los Angeles"
3019,"Non-fiction Book",Books,362.13,2023-01-13,3,47,Houston
3020,Headphones,Electronics,174.76,2023-05-03,9,202,"Los Angeles"
3021,Dress,Clothing,965.80,2023-03-03,9,8,Houston
3022,Desk,Furniture,828.23,2023-06-06,9,349,Miami
3023,Jeans,Clothing,574.45,2023-05-22,2,322,Houston
3024,Speaker,Electronics,116.23,2023-05-31,9,330,Houston
3025,Smartwatch,Electronics,231.23,2023-02-06,4,480,Miami
3026,Dress,Clothing,494.31,2023-05-25,6,141,Houston
3027,Laptop,Electronics,511.94,2023-01-11,8,308,Miami
3028,Keyboard,Electronics,581.53,2023-04-30,6,433,Houston
3029,Dress,Clothing,180.94,2023-03-04,2,455,Miami
3030,Camera,Electronics,628.16,2023-05-06,7,467,Miami
3031,Jacket,Clothing,74.51,2023-02-28,5,19,Miami
3032,"Fiction Book",Books,640.56,2023-02-05,1,389,Houston
3033,"Remote Control Car",Toys,543.96,2023-01-07,6,328,Houston
3034,Smartwatch,Electronics,915.46,2023-04-29,6,365,"New York"
3035,"Board Game",Toys,37.34,2023-03-31,4,193,Houston
3036,Puzzle,Toys,481.11,2023-01-02,6,459,Miami
3037,Bed,Furniture,928.18,2023-03-14,3,475,"New York"
3038,Wardrobe,Furniture,876.45,2023-06-21,2,423,Miami
3039,Shoes,Clothing,476.17,2023-03-20,8,207,Miami
3040,"Action Figure",Toys,29.70,2023-04-27,2,423,Houston
3041,Wardrobe,Furniture,649.44,2023-04-28,4,321,"Los Angeles"
3042,"Coffee Table",Furniture,29.89,2023-05-21,9,375,"Los Angeles"
3043,Laptop,Electronics,947.47,2023-03-17,3,9,"Los Angeles"
3044,Jacket,Clothing,272.74,2023-01-03,3,90,"New York"
3045,Nightstand,Furniture,15.07,2023-01-24,7,351,Houston
3046,Smartwatch,Electronics,985.38,2023-06-15,7,212,"Los Angeles"
3047,"Non-fiction Book",Books,869.56,2023-04-25,6,471,Miami
3048,Headphones,Electronics,250.22,2023-01-08,5,109,Houston
3049,"Science Book",Books,608.06,2023-03-12,2,245,"New York"
3050,"History Book",Books,966.62,2023-06-10,6,69,Miami
3051,Shoes,Clothing,819.23,2023-03-06,4,283,Miami
3052,T-shirt,Clothing,168.19,2023-03-08,4,285,Miami
3053,T-shirt,Clothing,678.86,2023-02-16,3,246,Houston
3054,"Remote Control Car",Toys,413.01,2023-03-20,10,176,Miami
3055,"Art Book",Books,524.15,2023-05-09,1,432,"Los Angeles"
3056,"Remote Control Car",Toys,655.16,2023-04-07,8,496,Houston
3057,"Board Game",Toys,875.82,2023-05-02,8,338,"New York"
3058,"Non-fiction Book",Books,304.56,2023-04-15,10,76,Miami
3059,"Art Book",Books,619.65,2023-02-23,7,110,"Los Angeles"
3060,Jacket,Clothing,425.66,2023-05-21,7,419,"Los Angeles"
3061,Doll,Toys,440.31,2023-01-05,9,472,"Los Angeles"
3062,"Science Book",Books,680.14,2023-05-15,7,97,Miami
3063,"Action Figure",Toys,205.43,2023-01-01,5,13,Miami
3064,Dress,Clothing,862.36,2023-01-06,6,346,Houston
3065,"Action Figure",Toys,459.14,2023-02-13,9,196,Chicago
3066,Nightstand,Furniture,704.82,2023-05-26,10,81,"New York"
3067,"Remote Control Car",Toys,963.64,2023-02-02,1,248,Chicago
3068,Puzzle,Toys,843.10,2023-02-16,8,33,"New York"
3069,Doll,Toys,296.41,2023-02-24,7,136,Chicago
3070,Jacket,Clothing,523.91,2023-03-04,2,421,Houston
3071,"Action Figure",Toys,189.07,2023-04-08,2,12,Houston
3072,Jacket,Clothing,844.22,2023-01-13,9,414,Houston
3073,Keyboard,Electronics,801.20,2023-05-09,2,323,Houston
3074,"Remote Control Car",Toys,381.43,2023-06-20,6,31,Chicago
3075,"Science Book",Books,858.79,2023-04-19,5,197,Houston
3076,Tablet,Electronics,131.49,2023-06-14,2,82,"Los Angeles"
3077,"Board Game",Toys,69.28,2023-05-13,5,96,Chicago
3078,"Board Game",Toys,210.73,2023-05-13,1,489,Houston
3079,"Board Game",Toys,450.92,2023-06-04,10,31,Chicago
3080,Jacket,Clothing,411.53,2023-05-18,6,287,"New York"
3081,Headphones,Electronics,580.33,2023-05-04,7,166,Houston
3082,Camera,Electronics,779.16,2023-03-08,5,190,Chicago
3083,Doll,Toys,846.55,2023-02-22,10,336,Houston
3084,Camera,Electronics,962.93,2023-01-28,9,448,Miami
3085,"History Book",Books,288.91,2023-04-01,7,348,Chicago
3086,"History Book",Books,691.91,2023-02-09,1,214,"New York"
3087,Keyboard,Electronics,741.74,2023-03-17,9,50,Miami
3088,Camera,Electronics,120.47,2023-06-19,4,432,"Los Angeles"
3089,"Remote Control Car",Toys,348.05,2023-02-08,1,251,Chicago
3090,"History Book",Books,993.17,2023-05-03,5,25,Miami
3091,"Action Figure",Toys,280.21,2023-06-19,9,272,"New York"
3092,"Remote Control Car",Toys,41.02,2023-03-26,3,375,"New York"
3093,"Remote Control Car",Toys,184.60,2023-03-17,6,226,Houston
3094,"Fiction Book",Books,849.98,2023-01-24,1,34,"New York"
3095,Keyboard,Electronics,955.96,2023-03-07,10,325,Chicago
3096,Laptop,Electronics,538.38,2023-02-12,6,78,"New York"
3097,"Art Book",Books,738.89,2023-02-09,9,355,Miami
3098,Jacket,Clothing,5.21,2023-06-18,7,241,Chicago
3099,"Non-fiction Book",Books,402.68,2023-01-13,2,263,"New York"
3100,Chair,Furniture,907.03,2023-06-23,1,279,Chicago
3101,"Action Figure",Toys,788.49,2023-04-15,6,493,"Los Angeles"
3102,Dress,Clothing,913.31,2023-02-03,2,213,Chicago
3103,Bookshelf,Furniture,639.50,2023-01-20,7,375,Miami
3104,Dresser,Furniture,247.77,2023-03-17,4,241,"Los Angeles"
3105,Wardrobe,Furniture,868.62,2023-06-19,1,325,Miami
3106,"Board Game",Toys,770.57,2023-03-16,8,304,Houston
3107,"Art Book",Books,637.00,2023-05-19,10,212,"Los Angeles"
3108,Smartwatch,Electronics,14.91,2023-01-17,5,409,Miami
3109,"Fiction Book",Books,908.12,2023-04-08,10,118,"Los Angeles"
3110,"Non-fiction Book",Books,494.99,2023-05-03,10,249,Houston
3111,Bookshelf,Furniture,687.58,2023-03-21,2,210,Houston
3112,"Remote Control Car",Toys,813.28,2023-02-09,7,298,"New York"
3113,Dresser,Furniture,998.27,2023-02-04,10,114,"Los Angeles"
3114,T-shirt,Clothing,979.86,2023-03-26,4,297,Houston
3115,Smartphone,Electronics,858.12,2023-02-17,8,449,"Los Angeles"
3116,"History Book",Books,980.61,2023-01-15,5,2,Houston
3117,"Coffee Table",Furniture,825.22,2023-05-21,5,409,Houston
3118,T-shirt,Clothing,60.12,2023-06-25,7,246,Chicago
3119,Jacket,Clothing,856.86,2023-01-19,10,187,"New York"
3120,Headphones,Electronics,39.68,2023-01-10,2,282,"Los Angeles"
3121,Desk,Furniture,423.77,2023-01-07,10,246,Houston
3122,"Remote Control Car",Toys,149.69,2023-02-23,1,175,Chicago
3123,"Remote Control Car",Toys,483.94,2023-06-04,9,330,Houston
3124,"Science Book",Books,620.60,2023-03-05,10,227,Chicago
3125,Dress,Clothing,65.12,2023-06-14,4,81,Houston
3126,"Action Figure",Toys,835.46,2023-01-06,7,51,Chicago
3127,"Science Book",Books,737.54,2023-01-09,1,484,Houston
3128,"Board Game",Toys,500.16,2023-01-14,9,84,"New York"
3129,Shoes,Clothing,919.62,2023-06-21,1,91,Miami
3130,"Board Game",Toys,459.34,2023-03-31,2,28,Miami
3131,Shoes,Clothing,987.23,2023-01-28,8,263,"Los Angeles"
3132,"Non-fiction Book",Books,798.36,2023-01-04,8,248,"Los Angeles"
3133,Speaker,Electronics,239.26,2023-02-24,9,46,"New York"
3134,Puzzle,Toys,900.92,2023-02-04,3,346,Houston
3135,Shoes,Clothing,402.74,2023-02-15,1,234,"Los Angeles"
3136,"Science Book",Books,501.54,2023-01-18,10,318,"Los Angeles"
3137,Tablet,Electronics,759.94,2023-01-03,8,461,"Los Angeles"
3138,Desk,Furniture,407.28,2023-05-17,6,288,"New York"
3139,Smartphone,Electronics,711.97,2023-04-10,7,254,Houston
3140,"Non-fiction Book",Books,720.13,2023-04-19,9,254,Miami
3141,Laptop,Electronics,972.79,2023-04-09,9,204,Houston
3142,Doll,Toys,155.11,2023-05-22,5,456,"Los Angeles"
3143,"Coffee Table",Furniture,887.35,2023-02-09,5,287,Chicago
3144,"Remote Control Car",Toys,745.50,2023-01-15,2,277,"Los Angeles"
3145,"Action Figure",Toys,228.27,2023-05-18,2,190,Chicago
3146,Desk,Furniture,557.20,2023-03-29,8,177,Chicago
3147,Sofa,Furniture,130.07,2023-06-25,5,244,Miami
3148,Dress,Clothing,911.85,2023-01-24,10,106,"Los Angeles"
3149,Doll,Toys,573.30,2023-02-16,6,31,Houston
3150,"Board Game",Toys,612.53,2023-05-18,10,307,"New York"
3151,"Science Book",Books,332.72,2023-01-11,3,130,Chicago
3152,Jacket,Clothing,441.50,2023-01-02,8,258,Chicago
3153,"Non-fiction Book",Books,457.00,2023-02-19,1,100,Miami
3154,"Table Lamp",Furniture,888.59,2023-05-19,2,328,Houston
3155,Jeans,Clothing,459.28,2023-01-25,3,39,Chicago
3156,Wardrobe,Furniture,344.80,2023-02-13,2,45,Miami
3157,Jacket,Clothing,207.90,2023-05-19,3,380,"New York"
3158,T-shirt,Clothing,741.03,2023-04-10,6,40,Houston
3159,Jeans,Clothing,205.37,2023-06-23,3,61,Miami
3160,"Fiction Book",Books,910.31,2023-01-13,7,425,Chicago
3161,Jeans,Clothing,818.66,2023-02-25,1,235,"New York"
3162,Keyboard,Electronics,576.95,2023-05-02,7,83,Miami
3163,Smartwatch,Electronics,161.40,2023-05-16,3,79,Miami
3164,Laptop,Electronics,290.27,2023-06-16,8,16,Miami
3165,Dresser,Furniture,707.95,2023-03-21,1,52,"Los Angeles"
3166,"Action Figure",Toys,707.29,2023-01-27,7,309,"Los Angeles"
3167,Jeans,Clothing,198.07,2023-01-25,1,22,Miami
3168,T-shirt,Clothing,582.57,2023-05-11,9,100,"Los Angeles"
3169,Chair,Furniture,996.55,2023-04-06,7,375,Houston
3170,Shoes,Clothing,632.85,2023-02-04,1,360,Chicago
3171,"Board Game",Toys,648.97,2023-05-13,8,252,"Los Angeles"
3172,Puzzle,Toys,32.96,2023-06-08,4,444,Chicago
3173,"Action Figure",Toys,777.06,2023-04-07,4,69,Houston
3174,"Art Book",Books,592.67,2023-01-01,3,90,"New York"
3175,Bookshelf,Furniture,421.62,2023-02-04,7,417,"New York"
3176,Monitor,Electronics,190.09,2023-06-26,4,367,Houston
3177,Mouse,Electronics,354.53,2023-02-01,9,264,"Los Angeles"
3178,Jacket,Clothing,807.47,2023-01-26,3,11,"Los Angeles"
3179,Headphones,Electronics,696.56,2023-01-16,4,234,"Los Angeles"
3180,Smartwatch,Electronics,725.48,2023-05-26,9,457,Miami
3181,Keyboard,Electronics,922.99,2023-03-05,10,467,Houston
3182,Jacket,Clothing,718.75,2023-04-19,9,262,"New York"
3183,Dress,Clothing,810.37,2023-04-30,9,223,Chicago
3184,Jacket,Clothing,279.67,2023-01-28,10,60,Miami
3185,"Remote Control Car",Toys,36.97,2023-03-03,6,487,"New York"
3186,Shoes,Clothing,938.01,2023-02-05,2,147,Miami
3187,"Fiction Book",Books,546.24,2023-01-30,2,211,Chicago
3188,Shoes,Clothing,762.31,2023-02-15,10,35,Chicago
3189,Camera,Electronics,284.58,2023-05-19,10,302,"New York"
3190,Jacket,Clothing,390.69,2023-01-17,3,99,"New York"
3191,Doll,Toys,363.78,2023-02-01,8,220,Miami
3192,"Non-fiction Book",Books,563.02,2023-05-07,9,494,Chicago
3193,Jacket,Clothing,561.42,2023-03-26,7,460,Chicago
3194,Bookshelf,Furniture,251.22,2023-01-14,7,459,Houston
3195,"History Book",Books,866.38,2023-03-27,8,217,Miami
3196,"Action Figure",Toys,14.35,2023-04-13,8,131,Miami
3197,"Board Game",Toys,962.79,2023-02-22,6,478,"New York"
3198,Dress,Clothing,602.78,2023-05-04,7,22,"Los Angeles"
3199,"Non-fiction Book",Books,158.04,2023-01-20,1,484,Houston
3200,T-shirt,Clothing,86.58,2023-02-13,10,27,"Los Angeles"
3201,"Remote Control Car",Toys,292.26,2023-04-17,1,314,Miami
3202,"Non-fiction Book",Books,819.77,2023-01-22,2,177,"Los Angeles"
3203,"Fiction Book",Books,611.05,2023-05-19,1,410,"New York"
3204,Shoes,Clothing,22.56,2023-02-09,1,257,Chicago
3205,"Non-fiction Book",Books,718.87,2023-03-14,9,67,"New York"
3206,Doll,Toys,472.45,2023-05-06,1,154,"Los Angeles"
3207,Jacket,Clothing,127.83,2023-03-18,8,229,"New York"
3208,"Action Figure",Toys,47.75,2023-06-08,3,311,"Los Angeles"
3209,Doll,Toys,216.08,2023-06-22,2,427,Miami
3210,Dress,Clothing,553.65,2023-03-08,2,434,Houston
3211,Keyboard,Electronics,763.28,2023-04-03,3,442,Chicago
3212,Smartphone,Electronics,610.02,2023-01-08,4,389,Houston
3213,Dresser,Furniture,246.77,2023-02-06,3,350,Houston
3214,Jeans,Clothing,910.28,2023-05-13,10,241,Chicago
3215,Shoes,Clothing,563.32,2023-03-03,1,41,"Los Angeles"
3216,Jeans,Clothing,739.80,2023-01-10,1,39,"Los Angeles"
3217,Doll,Toys,161.99,2023-01-23,2,172,"Los Angeles"
3218,Desk,Furniture,310.24,2023-02-17,4,77,Houston
3219,Shoes,Clothing,922.56,2023-06-08,7,294,Miami
3220,Chair,Furniture,876.69,2023-01-12,7,116,"New York"
3221,Puzzle,Toys,427.48,2023-05-27,8,229,Miami
3222,Desk,Furniture,929.38,2023-04-22,4,374,Houston
3223,"History Book",Books,887.70,2023-02-06,4,99,Miami
3224,Puzzle,Toys,53.92,2023-01-08,1,76,Chicago
3225,Jacket,Clothing,797.68,2023-01-08,9,481,"Los Angeles"
3226,Doll,Toys,791.28,2023-01-23,3,439,Houston
3227,Jacket,Clothing,338.82,2023-02-27,6,496,"New York"
3228,"Action Figure",Toys,993.29,2023-03-27,4,256,"Los Angeles"
3229,T-shirt,Clothing,827.73,2023-01-08,8,277,Chicago
3230,Camera,Electronics,926.80,2023-01-18,8,128,"New York"
3231,"Board Game",Toys,148.59,2023-04-02,1,453,"Los Angeles"
3232,"Science Book",Books,351.29,2023-03-06,8,337,"New York"
3233,Jeans,Clothing,113.75,2023-04-07,4,55,Chicago
3234,Dresser,Furniture,686.02,2023-03-09,9,491,Chicago
3235,Nightstand,Furniture,54.23,2023-03-09,8,229,"New York"
3236,Desk,Furniture,331.87,2023-04-09,8,6,Miami
3237,Nightstand,Furniture,21.50,2023-01-21,6,92,Chicago
3238,T-shirt,Clothing,263.50,2023-06-14,8,83,Chicago
3239,"Action Figure",Toys,868.89,2023-06-26,3,249,Houston
3240,"Non-fiction Book",Books,667.90,2023-03-11,10,264,Miami
3241,T-shirt,Clothing,757.09,2023-04-24,9,274,"New York"
3242,"Non-fiction Book",Books,563.81,2023-05-25,4,103,"New York"
3243,"Fiction Book",Books,969.76,2023-02-15,4,7,Miami
3244,"Remote Control Car",Toys,151.55,2023-03-02,3,67,Miami
3245,Dress,Clothing,222.24,2023-03-29,8,175,Chicago
3246,Nightstand,Furniture,769.92,2023-01-23,4,74,Miami
3247,"Art Book",Books,641.86,2023-03-13,1,46,"Los Angeles"
3248,Speaker,Electronics,121.46,2023-06-04,10,8,"Los Angeles"
3249,Shoes,Clothing,594.23,2023-03-13,3,431,Houston
3250,"Art Book",Books,917.08,2023-01-09,5,124,Miami
3251,Desk,Furniture,188.92,2023-06-15,1,186,Houston
3252,"History Book",Books,691.73,2023-04-22,1,125,"New York"
3253,Tablet,Electronics,660.08,2023-04-24,2,477,"Los Angeles"
3254,Dress,Clothing,749.26,2023-04-02,3,469,Miami
3255,"Coffee Table",Furniture,984.48,2023-05-09,7,462,Houston
3256,Laptop,Electronics,621.30,2023-04-10,9,411,Chicago
3257,"Art Book",Books,624.06,2023-03-15,2,306,Chicago
3258,"Remote Control Car",Toys,200.80,2023-01-02,5,72,Chicago
3259,"Art Book",Books,998.67,2023-01-06,2,347,Miami
3260,"Board Game",Toys,490.80,2023-02-01,5,248,"Los Angeles"
3261,Doll,Toys,155.73,2023-05-26,6,205,"Los Angeles"
3262,Dress,Clothing,884.03,2023-06-27,3,194,"New York"
3263,T-shirt,Clothing,905.29,2023-02-22,8,445,"New York"
3264,Dresser,Furniture,480.93,2023-03-30,1,305,Miami
3265,Smartwatch,Electronics,57.67,2023-02-08,9,419,Chicago
3266,Doll,Toys,940.90,2023-04-17,2,435,Miami
3267,Chair,Furniture,33.75,2023-05-21,9,362,"New York"
3268,"Art Book",Books,694.21,2023-04-19,10,433,Chicago
3269,Mouse,Electronics,541.08,2023-01-27,2,83,Chicago
3270,Puzzle,Toys,836.86,2023-02-11,7,254,Houston
3271,Shoes,Clothing,123.68,2023-05-12,3,123,"Los Angeles"
3272,Tablet,Electronics,869.35,2023-05-11,1,444,"Los Angeles"
3273,Bed,Furniture,224.09,2023-05-24,4,103,"New York"
3274,"Non-fiction Book",Books,617.61,2023-01-08,4,331,"Los Angeles"
3275,Tablet,Electronics,772.31,2023-01-09,10,202,"Los Angeles"
3276,Bookshelf,Furniture,225.60,2023-06-17,10,69,Houston
3277,Nightstand,Furniture,43.03,2023-03-11,8,395,Chicago
3278,T-shirt,Clothing,449.27,2023-02-01,6,73,"New York"
3279,Mouse,Electronics,171.53,2023-02-10,7,184,"New York"
3280,Puzzle,Toys,68.98,2023-06-23,7,69,Miami
3281,"Action Figure",Toys,387.66,2023-05-31,1,301,Miami
3282,"Board Game",Toys,169.49,2023-02-01,4,163,Chicago
3283,Jeans,Clothing,70.56,2023-02-18,2,435,Miami
3284,Smartwatch,Electronics,865.67,2023-03-22,7,447,Chicago
3285,"Action Figure",Toys,896.65,2023-01-09,6,275,"New York"
3286,Headphones,Electronics,801.90,2023-04-29,9,216,Chicago
3287,"Coffee Table",Furniture,982.57,2023-04-30,4,431,"New York"
3288,Bookshelf,Furniture,379.36,2023-06-28,9,94,Chicago
3289,Jacket,Clothing,666.91,2023-02-16,3,352,Houston
3290,Tablet,Electronics,364.74,2023-06-18,6,90,"New York"
3291,"Board Game",Toys,812.61,2023-03-19,8,128,"New York"
3292,"Board Game",Toys,491.22,2023-06-26,5,110,Miami
3293,Bookshelf,Furniture,593.12,2023-06-27,2,411,Houston
3294,"History Book",Books,923.51,2023-05-25,3,406,"Los Angeles"
3295,Speaker,Electronics,172.43,2023-01-06,7,35,Chicago
3296,Speaker,Electronics,426.00,2023-03-09,6,426,Chicago
3297,Puzzle,Toys,808.07,2023-01-17,1,424,"New York"
3298,Wardrobe,Furniture,562.21,2023-02-02,3,299,"Los Angeles"
3299,"Science Book",Books,874.36,2023-04-17,4,455,Chicago
3300,"Action Figure",Toys,850.02,2023-05-30,7,273,Miami
3301,Puzzle,Toys,446.74,2023-03-17,8,237,"New York"
3302,Wardrobe,Furniture,382.01,2023-03-21,1,485,Houston
3303,Jeans,Clothing,809.06,2023-03-05,4,299,Miami
3304,Speaker,Electronics,998.37,2023-02-19,4,22,"New York"
3305,Bed,Furniture,135.53,2023-03-10,5,152,"New York"
3306,Dresser,Furniture,108.18,2023-04-24,9,95,Chicago
3307,Doll,Toys,362.93,2023-01-16,4,215,"New York"
3308,Bed,Furniture,238.37,2023-05-20,2,257,"New York"
3309,"History Book",Books,943.40,2023-05-19,1,407,Miami
3310,Dress,Clothing,260.64,2023-04-26,5,81,Chicago
3311,Wardrobe,Furniture,455.32,2023-04-26,9,166,"New York"
3312,T-shirt,Clothing,432.51,2023-04-21,8,483,Chicago
3313,"Board Game",Toys,12.29,2023-04-13,8,148,"New York"
3314,Jeans,Clothing,758.57,2023-01-09,10,318,"Los Angeles"
3315,"Non-fiction Book",Books,842.57,2023-01-22,1,470,Chicago
3316,"Non-fiction Book",Books,283.36,2023-03-23,5,341,"New York"
3317,"Remote Control Car",Toys,400.65,2023-04-18,8,65,"Los Angeles"
3318,Keyboard,Electronics,979.46,2023-04-19,1,280,Chicago
3319,Bookshelf,Furniture,916.47,2023-04-29,6,367,"New York"
3320,"Remote Control Car",Toys,161.01,2023-03-01,2,446,Miami
3321,"Remote Control Car",Toys,77.96,2023-03-19,10,124,Chicago
3322,Puzzle,Toys,631.33,2023-02-19,5,303,Chicago
3323,Keyboard,Electronics,971.30,2023-04-25,3,186,"New York"
3324,"Table Lamp",Furniture,533.88,2023-01-18,9,66,Miami
3325,"Fiction Book",Books,320.04,2023-04-04,7,312,"Los Angeles"
3326,Laptop,Electronics,214.51,2023-05-02,8,342,"New York"
3327,Puzzle,Toys,358.18,2023-03-16,10,356,Chicago
3328,Doll,Toys,851.23,2023-04-01,10,118,"Los Angeles"
3329,"Remote Control Car",Toys,462.56,2023-05-02,10,452,Chicago
3330,Headphones,Electronics,439.65,2023-06-27,7,51,Houston
3331,Tablet,Electronics,130.94,2023-06-07,10,167,Houston
3332,T-shirt,Clothing,911.85,2023-03-25,6,262,Miami
3333,"Non-fiction Book",Books,752.25,2023-01-26,5,401,Houston
3334,Puzzle,Toys,963.37,2023-04-04,7,465,Chicago
3335,Monitor,Electronics,752.22,2023-05-06,3,43,Houston
3336,"Table Lamp",Furniture,546.77,2023-02-07,4,184,Houston
3337,Mouse,Electronics,510.87,2023-06-07,9,309,Chicago
3338,"Board Game",Toys,414.76,2023-02-26,4,321,"Los Angeles"
3339,Chair,Furniture,622.95,2023-04-26,4,367,Houston
3340,Camera,Electronics,628.37,2023-04-29,5,39,"New York"
3341,T-shirt,Clothing,145.37,2023-02-25,2,300,Houston
3342,"Fiction Book",Books,210.07,2023-01-05,5,201,Chicago
3343,Dress,Clothing,115.78,2023-02-01,6,79,"New York"
3344,Bed,Furniture,948.13,2023-03-27,6,109,Chicago
3345,"Remote Control Car",Toys,539.35,2023-02-07,5,265,"Los Angeles"
3346,Headphones,Electronics,344.03,2023-03-17,1,34,"New York"
3347,T-shirt,Clothing,197.09,2023-04-07,1,440,"New York"
3348,"Remote Control Car",Toys,183.20,2023-01-15,9,28,Houston
3349,Bed,Furniture,260.25,2023-01-01,3,49,Miami
3350,Puzzle,Toys,396.25,2023-04-19,9,146,Miami
3351,Mouse,Electronics,441.44,2023-04-09,5,212,Miami
3352,Camera,Electronics,978.92,2023-03-02,8,385,Chicago
3353,T-shirt,Clothing,881.77,2023-01-11,7,4,"New York"
3354,"History Book",Books,910.81,2023-02-19,7,174,Miami
3355,Laptop,Electronics,231.92,2023-05-24,3,38,Chicago
3356,Dresser,Furniture,709.49,2023-04-02,5,256,"Los Angeles"
3357,Headphones,Electronics,389.78,2023-04-24,10,22,"Los Angeles"
3358,Speaker,Electronics,372.06,2023-06-25,8,437,"New York"
3359,"Remote Control Car",Toys,605.66,2023-04-18,2,56,"New York"
3360,"History Book",Books,835.30,2023-03-07,4,239,Chicago
3361,"Science Book",Books,405.57,2023-03-12,8,278,Chicago
3362,Keyboard,Electronics,377.76,2023-03-18,10,358,Chicago
3363,"Art Book",Books,718.42,2023-04-22,10,436,Chicago
3364,Doll,Toys,239.57,2023-04-08,10,167,Houston
3365,T-shirt,Clothing,239.99,2023-06-07,7,340,Chicago
3366,Camera,Electronics,105.46,2023-01-08,10,190,"New York"
3367,"Science Book",Books,636.80,2023-06-25,10,472,Houston
3368,Monitor,Electronics,157.52,2023-06-01,8,79,Chicago
3369,Jeans,Clothing,362.09,2023-06-04,2,206,Chicago
3370,Laptop,Electronics,466.60,2023-06-02,9,321,Houston
3371,Jacket,Clothing,579.59,2023-06-24,2,326,Miami
3372,"Science Book",Books,305.57,2023-02-04,1,320,"New York"
3373,Shoes,Clothing,998.12,2023-03-24,3,51,Houston
3374,"Fiction Book",Books,278.68,2023-06-27,2,271,Chicago
3375,"Coffee Table",Furniture,577.28,2023-04-25,5,152,"New York"
3376,Smartwatch,Electronics,111.48,2023-04-21,8,387,Houston
3377,Headphones,Electronics,460.25,2023-06-12,2,467,"Los Angeles"
3378,"Non-fiction Book",Books,361.89,2023-01-15,4,144,Chicago
3379,"Non-fiction Book",Books,832.08,2023-03-31,10,207,"New York"
3380,"Table Lamp",Furniture,467.25,2023-05-20,5,30,Miami
3381,Laptop,Electronics,396.68,2023-03-26,2,166,"Los Angeles"
3382,Headphones,Electronics,471.61,2023-01-25,3,481,Miami
3383,Laptop,Electronics,725.18,2023-01-28,7,269,Miami
3384,"Board Game",Toys,590.43,2023-05-13,10,173,Miami
3385,Puzzle,Toys,828.34,2023-06-20,3,182,"New York"
3386,Jacket,Clothing,472.13,2023-01-26,4,38,Chicago
3387,Tablet,Electronics,28.02,2023-02-18,3,225,Chicago
3388,Tablet,Electronics,591.14,2023-03-05,10,431,"Los Angeles"
3389,Camera,Electronics,842.17,2023-04-12,4,407,"New York"
3390,Bookshelf,Furniture,597.50,2023-06-25,1,228,"New York"
3391,Doll,Toys,975.88,2023-06-07,5,317,Miami
3392,Tablet,Electronics,752.36,2023-01-15,2,227,Miami
3393,"Remote Control Car",Toys,61.76,2023-03-22,1,463,Chicago
3394,Jeans,Clothing,53.19,2023-02-15,1,360,"Los Angeles"
3395,T-shirt,Clothing,176.26,2023-04-28,8,341,"Los Angeles"
3396,Headphones,Electronics,373.54,2023-05-07,4,412,Miami
3397,Wardrobe,Furniture,16.05,2023-04-30,3,158,Houston
3398,Smartwatch,Electronics,406.64,2023-06-24,7,89,"New York"
3399,"Non-fiction Book",Books,237.42,2023-03-19,5,432,"New York"
3400,Dress,Clothing,390.44,2023-01-29,7,288,"New York"
3401,Dress,Clothing,729.70,2023-02-19,2,23,Houston
3402,Shoes,Clothing,450.56,2023-03-20,9,437,Miami
3403,"History Book",Books,640.94,2023-01-07,3,85,"New York"
3404,Doll,Toys,394.12,2023-03-01,5,193,Chicago
3405,Chair,Furniture,831.15,2023-04-29,9,33,Miami
3406,Dresser,Furniture,606.87,2023-06-26,1,220,Miami
3407,Jacket,Clothing,783.95,2023-06-17,3,327,Chicago
3408,Laptop,Electronics,409.47,2023-05-03,2,401,Chicago
3409,Smartphone,Electronics,113.79,2023-02-20,1,226,"New York"
3410,Speaker,Electronics,624.94,2023-02-21,6,455,Miami
3411,"Art Book",Books,16.45,2023-04-23,1,223,"New York"
3412,"Action Figure",Toys,382.34,2023-03-01,5,256,"New York"
3413,"History Book",Books,810.46,2023-02-06,6,125,Chicago
3414,"Action Figure",Toys,312.38,2023-04-03,7,287,"New York"
3415,Bed,Furniture,202.52,2023-05-21,4,98,"New York"
3416,"Fiction Book",Books,594.62,2023-04-27,5,153,"New York"
3417,"Board Game",Toys,59.50,2023-01-15,3,431,Houston
3418,"Non-fiction Book",Books,155.83,2023-01-29,4,76,Houston
3419,Shoes,Clothing,913.31,2023-01-07,5,37,"New York"
3420,Tablet,Electronics,994.48,2023-02-09,2,445,"New York"
3421,Doll,Toys,803.03,2023-01-09,9,484,"Los Angeles"
3422,Puzzle,Toys,696.99,2023-02-28,6,328,Houston
3423,Dress,Clothing,991.94,2023-03-19,2,276,"Los Angeles"
3424,"Non-fiction Book",Books,648.04,2023-03-05,9,10,Houston
3425,Speaker,Electronics,329.13,2023-05-10,6,420,Chicago
3426,Jeans,Clothing,721.96,2023-06-11,4,465,Houston
3427,Shoes,Clothing,352.71,2023-03-02,7,64,Houston
3428,Dresser,Furniture,935.67,2023-06-02,5,296,Houston
3429,Shoes,Clothing,972.09,2023-01-02,2,300,Houston
3430,"Coffee Table",Furniture,592.30,2023-06-01,5,286,Houston
3431,"Coffee Table",Furniture,773.12,2023-04-26,9,254,Miami
3432,Puzzle,Toys,794.03,2023-06-19,4,432,"Los Angeles"
3433,"Board Game",Toys,115.69,2023-06-13,3,144,Miami
3434,Wardrobe,Furniture,369.06,2023-03-05,7,135,"Los Angeles"
3435,"Board Game",Toys,77.23,2023-05-03,2,423,Houston
3436,"Board Game",Toys,534.59,2023-03-01,1,112,Miami
3437,Bookshelf,Furniture,173.95,2023-05-02,9,117,Houston
3438,Nightstand,Furniture,641.68,2023-03-11,10,423,"Los Angeles"
3439,Jeans,Clothing,559.36,2023-01-01,4,345,Chicago
3440,Smartphone,Electronics,916.43,2023-04-05,9,418,Chicago
3441,Smartphone,Electronics,922.11,2023-03-18,4,275,Houston
3442,Shoes,Clothing,33.27,2023-02-25,5,133,"New York"
3443,Sofa,Furniture,684.44,2023-04-06,7,212,"Los Angeles"
3444,Bookshelf,Furniture,958.91,2023-05-19,10,256,Houston
3445,"Art Book",Books,274.11,2023-04-18,2,20,Houston
3446,"Coffee Table",Furniture,555.29,2023-04-16,3,313,"Los Angeles"
3447,T-shirt,Clothing,579.98,2023-05-05,8,238,"Los Angeles"
3448,Doll,Toys,949.33,2023-06-18,9,171,"Los Angeles"
3449,Smartwatch,Electronics,945.39,2023-06-05,5,413,Houston
3450,"Board Game",Toys,648.29,2023-05-31,3,324,Chicago
3451,"Non-fiction Book",Books,111.54,2023-05-02,1,95,Miami
3452,T-shirt,Clothing,892.51,2023-02-09,5,210,Miami
3453,"Board Game",Toys,145.21,2023-03-22,8,326,Miami
3454,Sofa,Furniture,929.01,2023-01-08,5,18,Miami
3455,"Coffee Table",Furniture,41.97,2023-06-07,3,327,Chicago
3456,T-shirt,Clothing,151.69,2023-02-27,2,349,"New York"
3457,Dresser,Furniture,131.97,2023-05-03,10,482,Miami
3458,Keyboard,Electronics,560.99,2023-04-12,2,488,Chicago
3459,Shoes,Clothing,151.51,2023-01-04,7,88,Miami
3460,Camera,Electronics,56.72,2023-04-19,9,180,"Los Angeles"
3461,T-shirt,Clothing,453.93,2023-06-06,10,164,Houston
3462,Nightstand,Furniture,578.85,2023-01-07,5,31,"New York"
3463,Doll,Toys,754.88,2023-06-25,7,83,Miami
3464,Wardrobe,Furniture,101.15,2023-01-04,9,473,"Los Angeles"
3465,"Art Book",Books,12.41,2023-03-28,4,180,Houston
3466,Dress,Clothing,708.79,2023-02-01,8,123,Miami
3467,Mouse,Electronics,314.33,2023-01-07,3,68,Miami
3468,Sofa,Furniture,790.45,2023-01-18,2,159,"Los Angeles"
3469,Smartphone,Electronics,737.55,2023-04-18,8,65,"Los Angeles"
3470,Keyboard,Electronics,196.29,2023-04-07,1,405,Miami
3471,Dress,Clothing,605.65,2023-04-24,4,421,"New York"
3472,Nightstand,Furniture,948.35,2023-06-02,5,234,"New York"
3473,"Coffee Table",Furniture,52.49,2023-01-06,10,414,"New York"
3474,Jacket,Clothing,120.31,2023-04-04,3,303,"Los Angeles"
3475,"Action Figure",Toys,332.11,2023-01-30,9,341,Miami
3476,Dress,Clothing,205.43,2023-04-03,10,118,"Los Angeles"
3477,Doll,Toys,956.52,2023-06-09,6,69,"New York"
3478,"Fiction Book",Books,547.72,2023-03-31,9,332,Miami
3479,Tablet,Electronics,628.17,2023-04-04,8,493,Miami
3480,Camera,Electronics,256.23,2023-04-22,4,406,"New York"
3481,"Remote Control Car",Toys,471.60,2023-03-10,5,151,"New York"
3482,Bookshelf,Furniture,665.26,2023-03-17,1,114,Miami
3483,Jeans,Clothing,585.58,2023-01-31,1,468,Chicago
3484,Desk,Furniture,438.94,2023-01-13,1,489,Houston
3485,Doll,Toys,640.17,2023-03-07,10,220,Chicago
3486,Camera,Electronics,904.86,2023-01-19,8,321,Miami
3487,Wardrobe,Furniture,220.39,2023-05-06,9,21,Houston
3488,Jeans,Clothing,839.38,2023-03-17,6,344,Houston
3489,Sofa,Furniture,392.88,2023-02-23,4,309,"New York"
3490,Camera,Electronics,872.56,2023-06-12,9,395,"Los Angeles"
3491,"Board Game",Toys,83.23,2023-05-31,10,43,Houston
3492,Mouse,Electronics,412.61,2023-03-15,9,407,Houston
3493,"Art Book",Books,353.87,2023-06-24,8,481,Chicago
3494,Jeans,Clothing,916.49,2023-04-24,5,75,Chicago
3495,Tablet,Electronics,774.25,2023-01-20,3,412,Chicago
3496,"Art Book",Books,580.91,2023-02-09,4,72,Houston
3497,"History Book",Books,542.06,2023-03-27,8,161,"Los Angeles"
3498,"Action Figure",Toys,589.38,2023-06-16,9,280,"New York"
3499,Wardrobe,Furniture,466.87,2023-05-12,3,59,Houston
3500,"History Book",Books,919.15,2023-02-25,8,17,Houston
3501,Puzzle,Toys,379.73,2023-04-16,8,101,Houston
3502,Jacket,Clothing,324.19,2023-02-18,4,5,Miami
3503,"Art Book",Books,543.44,2023-05-26,4,286,Houston
3504,"Fiction Book",Books,494.30,2023-02-18,9,287,"Los Angeles"
3505,Dress,Clothing,325.56,2023-01-06,2,372,"Los Angeles"
3506,Puzzle,Toys,473.43,2023-04-10,4,28,"Los Angeles"
3507,Smartwatch,Electronics,890.97,2023-04-17,3,296,"New York"
3508,Doll,Toys,599.86,2023-01-26,10,54,Miami
3509,"Non-fiction Book",Books,630.84,2023-06-28,1,191,Houston
3510,Bed,Furniture,174.99,2023-04-26,7,222,"New York"
3511,"History Book",Books,391.04,2023-06-20,6,500,"Los Angeles"
3512,Dress,Clothing,674.55,2023-01-27,8,54,Chicago
3513,"Non-fiction Book",Books,513.95,2023-04-16,4,79,Houston
3514,"History Book",Books,54.45,2023-03-07,7,99,"New York"
3515,Jeans,Clothing,840.15,2023-03-28,9,493,"Los Angeles"
3516,Desk,Furniture,116.59,2023-03-23,10,102,"Los Angeles"
3517,"Fiction Book",Books,961.12,2023-04-24,3,203,"Los Angeles"
3518,Keyboard,Electronics,322.61,2023-01-23,7,481,Miami
3519,Tablet,Electronics,811.17,2023-03-02,3,105,"Los Angeles"
3520,"Remote Control Car",Toys,514.32,2023-06-15,1,259,Chicago
3521,Dress,Clothing,591.88,2023-04-25,4,36,"New York"
3522,"History Book",Books,523.67,2023-04-10,2,145,Miami
3523,Shoes,Clothing,276.77,2023-03-28,6,228,Chicago
3524,Nightstand,Furniture,16.92,2023-01-18,5,415,Miami
3525,"Remote Control Car",Toys,599.05,2023-03-17,4,124,"Los Angeles"
3526,"Board Game",Toys,200.79,2023-02-11,6,55,Miami
3527,Doll,Toys,363.59,2023-01-12,3,460,Miami
3528,Puzzle,Toys,777.52,2023-05-26,7,36,"Los Angeles"
3529,Smartwatch,Electronics,108.23,2023-04-02,3,307,"Los Angeles"
3530,Laptop,Electronics,779.55,2023-02-25,2,24,Houston
3531,Smartwatch,Electronics,875.41,2023-03-20,6,217,Chicago
3532,Desk,Furniture,332.86,2023-03-27,4,215,"New York"
3533,Doll,Toys,80.38,2023-03-04,6,231,Miami
3534,"History Book",Books,725.10,2023-03-25,2,182,"Los Angeles"
3535,"Science Book",Books,992.72,2023-05-09,6,390,"New York"
3536,"Table Lamp",Furniture,376.28,2023-03-06,7,93,Miami
3537,Dresser,Furniture,205.67,2023-01-27,2,96,Chicago
3538,"Coffee Table",Furniture,896.31,2023-02-08,4,104,Miami
3539,Monitor,Electronics,874.48,2023-02-01,3,394,"New York"
3540,Sofa,Furniture,454.29,2023-03-10,6,274,"New York"
3541,"Board Game",Toys,836.74,2023-04-01,1,266,Houston
3542,Shoes,Clothing,589.74,2023-03-16,3,121,"Los Angeles"
3543,Doll,Toys,907.19,2023-05-01,7,59,Houston
3544,Nightstand,Furniture,36.48,2023-03-09,8,323,Miami
3545,"Board Game",Toys,37.76,2023-04-13,8,2,Houston
3546,Doll,Toys,315.97,2023-06-20,8,52,"New York"
3547,Jacket,Clothing,965.44,2023-06-12,7,170,Miami
3548,Desk,Furniture,178.35,2023-05-24,5,406,Houston
3549,Desk,Furniture,502.02,2023-03-05,3,131,Chicago
3550,"Non-fiction Book",Books,478.79,2023-02-24,1,226,"New York"
3551,Doll,Toys,422.11,2023-03-31,3,284,"Los Angeles"
3552,Nightstand,Furniture,708.94,2023-05-19,8,144,"Los Angeles"
3553,Shoes,Clothing,449.54,2023-05-29,8,233,Miami
3554,Desk,Furniture,185.16,2023-05-09,1,492,Miami
3555,Dresser,Furniture,570.93,2023-06-10,8,46,"New York"
3556,"Art Book",Books,311.21,2023-06-16,7,344,"Los Angeles"
3557,"History Book",Books,893.78,2023-04-18,4,379,Miami
3558,"Board Game",Toys,110.25,2023-02-22,2,391,Chicago
3559,Keyboard,Electronics,626.48,2023-05-26,2,222,Houston
3560,Keyboard,Electronics,31.15,2023-05-15,7,478,Miami
3561,Dress,Clothing,514.06,2023-06-10,10,475,Miami
3562,"Action Figure",Toys,373.52,2023-04-28,2,363,"Los Angeles"
3563,"Remote Control Car",Toys,762.62,2023-01-22,4,78,Miami
3564,Puzzle,Toys,337.13,2023-02-23,5,254,"New York"
3565,"Board Game",Toys,403.70,2023-05-02,2,390,Chicago
3566,"Non-fiction Book",Books,692.68,2023-03-05,7,156,Chicago
3567,"Non-fiction Book",Books,875.67,2023-04-30,7,216,"New York"
3568,"Coffee Table",Furniture,283.54,2023-01-10,5,465,"Los Angeles"
3569,Smartwatch,Electronics,963.72,2023-05-11,8,248,"Los Angeles"
3570,"Board Game",Toys,169.33,2023-01-31,4,104,"New York"
3571,T-shirt,Clothing,859.92,2023-02-15,7,320,"New York"
3572,"Remote Control Car",Toys,830.59,2023-03-29,10,93,"New York"
3573,Monitor,Electronics,483.80,2023-02-11,7,404,Miami
3574,"Table Lamp",Furniture,797.18,2023-03-19,8,230,"New York"
3575,"Action Figure",Toys,34.82,2023-05-29,1,288,Miami
3576,Shoes,Clothing,422.01,2023-01-27,5,468,"Los Angeles"
3577,Dress,Clothing,917.54,2023-02-14,5,340,Miami
3578,"Science Book",Books,493.33,2023-06-25,5,48,"Los Angeles"
3579,Monitor,Electronics,612.33,2023-01-09,5,451,"Los Angeles"
3580,"Science Book",Books,792.05,2023-02-17,10,449,Houston
3581,"Non-fiction Book",Books,680.29,2023-03-11,9,138,Houston
3582,"History Book",Books,125.99,2023-04-13,5,331,Miami
3583,Dress,Clothing,246.64,2023-05-08,9,444,"New York"
3584,Jeans,Clothing,69.12,2023-03-22,1,394,Miami
3585,"Action Figure",Toys,916.27,2023-01-23,9,12,Chicago
3586,Desk,Furniture,579.42,2023-04-19,3,269,Miami
3587,"Non-fiction Book",Books,143.85,2023-05-27,7,378,Miami
3588,Mouse,Electronics,682.41,2023-05-17,8,209,Miami
3589,Speaker,Electronics,563.20,2023-06-04,7,216,"Los Angeles"
3590,Jeans,Clothing,836.13,2023-03-23,8,220,Miami
3591,Bed,Furniture,696.41,2023-01-05,1,48,"Los Angeles"
3592,Jacket,Clothing,972.73,2023-04-28,4,409,"New York"
3593,"Fiction Book",Books,379.06,2023-05-17,7,484,Miami
3594,T-shirt,Clothing,0.69,2023-04-16,10,473,Miami
3595,"Science Book",Books,790.97,2023-02-26,3,42,Houston
3596,"Non-fiction Book",Books,18.84,2023-03-10,9,31,Houston
3597,"Non-fiction Book",Books,613.41,2023-06-22,10,430,Chicago
3598,"Non-fiction Book",Books,4.12,2023-02-26,6,447,Houston
3599,Tablet,Electronics,56.02,2023-03-22,1,17,Miami
3600,T-shirt,Clothing,541.35,2023-04-11,2,56,"New York"
3601,Tablet,Electronics,138.53,2023-05-26,7,335,Chicago
3602,Jacket,Clothing,557.86,2023-03-21,6,177,"New York"
3603,"Fiction Book",Books,503.26,2023-01-22,1,33,"New York"
3604,Mouse,Electronics,358.98,2023-01-19,5,420,Miami
3605,Keyboard,Electronics,321.11,2023-01-24,7,18,"New York"
3606,T-shirt,Clothing,825.18,2023-06-23,4,434,"Los Angeles"
3607,"Fiction Book",Books,294.98,2023-01-13,5,25,Miami
3608,Nightstand,Furniture,738.20,2023-06-05,1,455,"Los Angeles"
3609,Shoes,Clothing,477.37,2023-06-27,5,258,"New York"
3610,Doll,Toys,37.14,2023-01-16,4,197,Miami
3611,"Science Book",Books,38.20,2023-06-25,8,462,"Los Angeles"
3612,"Art Book",Books,859.10,2023-05-31,7,274,Miami
3613,"Board Game",Toys,113.10,2023-06-26,6,419,Chicago
3614,Speaker,Electronics,324.20,2023-06-03,3,423,"Los Angeles"
3615,Wardrobe,Furniture,871.02,2023-06-16,1,139,"Los Angeles"
3616,"Board Game",Toys,196.01,2023-02-03,4,89,Miami
3617,"History Book",Books,2.36,2023-04-22,1,280,Chicago
3618,Smartwatch,Electronics,903.85,2023-05-04,8,299,Houston
3619,Keyboard,Electronics,558.05,2023-04-14,3,164,"New York"
3620,Laptop,Electronics,716.39,2023-01-16,3,105,"New York"
3621,Keyboard,Electronics,523.26,2023-03-10,4,250,Chicago
3622,Camera,Electronics,840.00,2023-05-19,4,167,Houston
3623,T-shirt,Clothing,882.31,2023-03-02,1,68,Chicago
3624,T-shirt,Clothing,402.16,2023-06-23,7,80,Miami
3625,Wardrobe,Furniture,320.50,2023-06-24,9,271,"New York"
3626,Jacket,Clothing,710.06,2023-04-04,5,412,Houston
3627,Puzzle,Toys,271.86,2023-04-04,8,203,Houston
3628,"Action Figure",Toys,288.92,2023-02-19,6,387,"Los Angeles"
3629,Speaker,Electronics,376.90,2023-06-19,6,48,Houston
3630,Bed,Furniture,333.74,2023-02-20,5,97,Houston
3631,Monitor,Electronics,462.39,2023-02-10,8,28,"New York"
3632,Speaker,Electronics,636.19,2023-03-11,1,482,Houston
3633,"Remote Control Car",Toys,965.57,2023-01-31,10,99,"New York"
3634,Dresser,Furniture,565.12,2023-06-07,7,398,Miami
3635,Sofa,Furniture,764.94,2023-06-29,7,209,"New York"
3636,Puzzle,Toys,793.84,2023-05-13,3,136,Chicago
3637,Jeans,Clothing,813.24,2023-02-07,6,174,Miami
3638,"History Book",Books,505.35,2023-03-01,2,376,"Los Angeles"
3639,Bookshelf,Furniture,139.74,2023-04-10,4,17,"New York"
3640,"Art Book",Books,308.07,2023-06-23,9,266,"New York"
3641,T-shirt,Clothing,316.79,2023-02-10,2,126,Houston
3642,"Science Book",Books,262.02,2023-06-07,6,132,Chicago
3643,Smartphone,Electronics,610.24,2023-01-01,2,451,Miami
3644,Mouse,Electronics,481.02,2023-05-18,4,324,"New York"
3645,Jacket,Clothing,778.50,2023-04-01,2,217,Chicago
3646,"Science Book",Books,921.43,2023-06-01,5,333,"New York"
3647,Tablet,Electronics,120.65,2023-05-29,8,190,Chicago
3648,"Fiction Book",Books,143.67,2023-03-23,9,406,Chicago
3649,Desk,Furniture,29.34,2023-01-24,6,205,"Los Angeles"
3650,"Art Book",Books,986.40,2023-01-07,3,481,"New York"
3651,Doll,Toys,498.66,2023-05-02,9,181,"New York"
3652,"Non-fiction Book",Books,595.20,2023-05-27,3,478,Miami
3653,Doll,Toys,402.01,2023-06-03,1,365,Chicago
3654,Mouse,Electronics,90.85,2023-06-03,10,203,"New York"
3655,Speaker,Electronics,497.90,2023-05-20,4,321,"New York"
3656,Headphones,Electronics,457.32,2023-06-13,2,48,Miami
3657,"Non-fiction Book",Books,140.72,2023-01-15,10,361,Houston
3658,"Remote Control Car",Toys,223.88,2023-05-08,9,108,Chicago
3659,"Fiction Book",Books,411.46,2023-05-15,5,127,Houston
3660,Smartphone,Electronics,151.07,2023-04-06,2,197,"Los Angeles"
3661,"Science Book",Books,981.45,2023-04-25,3,147,Houston
3662,"Remote Control Car",Toys,175.17,2023-01-14,9,488,"Los Angeles"
3663,Doll,Toys,665.71,2023-04-13,9,297,"Los Angeles"
3664,Keyboard,Electronics,61.26,2023-06-01,1,304,Miami
3665,"Remote Control Car",Toys,867.73,2023-03-28,9,283,Chicago
3666,"Coffee Table",Furniture,461.74,2023-01-22,3,326,Houston
3667,Dresser,Furniture,194.23,2023-01-15,9,435,Miami
3668,"Non-fiction Book",Books,729.07,2023-01-06,10,365,Houston
3669,Jacket,Clothing,343.22,2023-06-07,4,78,Houston
3670,Smartphone,Electronics,204.30,2023-06-01,7,240,Chicago
3671,Shoes,Clothing,650.92,2023-05-10,7,37,Chicago
3672,Doll,Toys,600.56,2023-02-07,3,279,"New York"
3673,"Non-fiction Book",Books,738.26,2023-04-09,6,461,"New York"
3674,Jacket,Clothing,672.09,2023-02-27,6,474,Miami
3675,Smartwatch,Electronics,880.66,2023-03-22,6,310,"Los Angeles"
3676,"History Book",Books,555.08,2023-04-01,9,381,"Los Angeles"
3677,"Remote Control Car",Toys,501.07,2023-06-23,4,319,"Los Angeles"
3678,Dress,Clothing,786.46,2023-04-28,10,289,"New York"
3679,Speaker,Electronics,445.86,2023-03-15,7,126,"New York"
3680,Laptop,Electronics,161.66,2023-03-28,10,82,"New York"
3681,"History Book",Books,939.03,2023-05-19,1,398,Miami
3682,Sofa,Furniture,661.79,2023-04-10,8,89,Chicago
3683,Jeans,Clothing,410.57,2023-01-09,1,447,Chicago
3684,Jeans,Clothing,246.45,2023-01-20,9,362,"New York"
3685,"Fiction Book",Books,523.48,2023-02-01,4,494,"New York"
3686,Camera,Electronics,600.72,2023-04-03,8,139,"New York"
3687,"Art Book",Books,761.15,2023-06-27,7,162,Houston
3688,Sofa,Furniture,473.69,2023-05-01,10,316,"Los Angeles"
3689,Puzzle,Toys,388.22,2023-06-29,9,56,"New York"
3690,Monitor,Electronics,526.92,2023-03-28,9,321,Houston
3691,"Remote Control Car",Toys,391.04,2023-06-28,8,461,"Los Angeles"
3692,T-shirt,Clothing,17.44,2023-04-19,10,27,"Los Angeles"
3693,Jacket,Clothing,100.01,2023-02-12,9,370,"New York"
3694,"Board Game",Toys,545.25,2023-03-08,3,477,"New York"
3695,"Science Book",Books,377.88,2023-02-14,1,368,"Los Angeles"
3696,"Science Book",Books,565.10,2023-01-26,1,340,"Los Angeles"
3697,"Fiction Book",Books,559.74,2023-04-11,2,430,Miami
3698,"Table Lamp",Furniture,831.63,2023-04-06,2,125,Houston
3699,"Board Game",Toys,563.72,2023-03-12,3,101,"New York"
3700,Nightstand,Furniture,732.01,2023-06-11,3,358,Houston
3701,Dress,Clothing,557.69,2023-04-02,9,398,"Los Angeles"
3702,Dress,Clothing,814.09,2023-04-25,8,416,Miami
3703,Keyboard,Electronics,182.40,2023-04-08,2,76,"Los Angeles"
3704,Tablet,Electronics,981.76,2023-02-21,5,293,Chicago
3705,Jeans,Clothing,179.41,2023-05-24,5,446,"New York"
3706,"Non-fiction Book",Books,713.56,2023-03-21,1,481,Houston
3707,Dresser,Furniture,355.57,2023-05-24,10,81,"New York"
3708,Doll,Toys,367.06,2023-02-10,1,198,Miami
3709,Jacket,Clothing,887.72,2023-03-16,4,370,Chicago
3710,Desk,Furniture,470.52,2023-01-17,1,473,Chicago
3711,Speaker,Electronics,198.71,2023-02-09,5,407,Chicago
3712,Jacket,Clothing,703.41,2023-04-26,1,275,Chicago
3713,"Art Book",Books,956.00,2023-05-22,1,452,"Los Angeles"
3714,Keyboard,Electronics,137.75,2023-02-04,6,66,"New York"
3715,"History Book",Books,489.72,2023-01-30,4,144,"Los Angeles"
3716,Puzzle,Toys,457.71,2023-02-25,2,430,Miami
3717,Jeans,Clothing,844.40,2023-02-26,1,123,"New York"
3718,Puzzle,Toys,421.88,2023-05-20,7,373,Miami
3719,Tablet,Electronics,643.76,2023-04-03,7,337,Chicago
3720,Mouse,Electronics,157.71,2023-02-03,5,392,Chicago
3721,Monitor,Electronics,410.98,2023-06-08,2,105,Chicago
3722,Mouse,Electronics,877.13,2023-04-16,4,388,Miami
3723,Jeans,Clothing,330.87,2023-05-01,4,376,Houston
3724,Chair,Furniture,208.82,2023-03-22,7,358,Houston
3725,Dress,Clothing,167.44,2023-01-24,2,199,Chicago
3726,Sofa,Furniture,223.08,2023-03-02,1,40,"Los Angeles"
3727,Jeans,Clothing,879.69,2023-04-29,7,133,"Los Angeles"
3728,Keyboard,Electronics,100.85,2023-01-02,8,329,"New York"
3729,Jacket,Clothing,774.35,2023-03-28,1,465,Chicago
3730,Bed,Furniture,180.81,2023-04-14,4,475,Houston
3731,"Action Figure",Toys,568.32,2023-05-20,2,259,"New York"
3732,"Action Figure",Toys,497.47,2023-03-24,9,317,Houston
3733,Doll,Toys,382.57,2023-02-17,2,48,Miami
3734,Jeans,Clothing,188.88,2023-01-13,8,341,"New York"
3735,Bookshelf,Furniture,758.42,2023-05-21,7,389,"New York"
3736,"History Book",Books,510.58,2023-02-18,9,160,"New York"
3737,"History Book",Books,846.42,2023-01-03,6,308,Chicago
3738,Jeans,Clothing,917.44,2023-04-27,5,235,Miami
3739,Headphones,Electronics,463.43,2023-01-15,1,400,Miami
3740,Jeans,Clothing,596.68,2023-05-23,2,248,Miami
3741,Bed,Furniture,687.78,2023-06-19,7,170,Miami
3742,Mouse,Electronics,954.11,2023-06-29,2,313,Houston
3743,Doll,Toys,710.41,2023-05-03,3,185,Miami
3744,Doll,Toys,138.01,2023-04-27,9,92,Chicago
3745,"Art Book",Books,785.97,2023-01-15,1,486,Houston
3746,"Science Book",Books,17.32,2023-05-20,9,376,"Los Angeles"
3747,"Table Lamp",Furniture,987.99,2023-02-06,1,324,"New York"
3748,T-shirt,Clothing,63.01,2023-01-07,10,416,"New York"
3749,Shoes,Clothing,654.61,2023-05-27,2,51,"New York"
3750,Jeans,Clothing,200.71,2023-05-30,6,134,Houston
3751,Shoes,Clothing,825.81,2023-03-08,4,377,Houston
3752,"Remote Control Car",Toys,837.51,2023-02-27,1,255,"Los Angeles"
3753,"Fiction Book",Books,151.25,2023-03-26,9,36,Houston
3754,Mouse,Electronics,313.87,2023-06-29,1,111,Miami
3755,Sofa,Furniture,405.63,2023-03-08,7,9,"Los Angeles"
3756,Keyboard,Electronics,329.75,2023-02-06,1,276,Houston
3757,"Fiction Book",Books,766.12,2023-03-24,1,322,"Los Angeles"
3758,Camera,Electronics,830.58,2023-05-07,1,478,Houston
3759,"Remote Control Car",Toys,394.94,2023-01-05,10,289,"New York"
3760,"Science Book",Books,323.07,2023-01-09,3,84,"New York"
3761,"Science Book",Books,652.45,2023-04-06,7,441,"Los Angeles"
3762,"Remote Control Car",Toys,543.91,2023-01-08,6,393,"New York"
3763,T-shirt,Clothing,665.48,2023-02-07,1,287,Houston
3764,Camera,Electronics,400.61,2023-02-25,4,401,Miami
3765,Jeans,Clothing,335.67,2023-04-30,4,316,"New York"
3766,"Board Game",Toys,304.13,2023-01-26,8,252,"New York"
3767,Desk,Furniture,296.38,2023-03-05,9,152,Miami
3768,Jeans,Clothing,391.76,2023-02-18,2,38,Miami
3769,Doll,Toys,949.22,2023-04-21,3,121,Chicago
3770,Mouse,Electronics,788.10,2023-02-01,6,44,Miami
3771,Smartwatch,Electronics,175.93,2023-06-09,9,399,"Los Angeles"
3772,Speaker,Electronics,324.90,2023-05-06,6,248,Miami
3773,Camera,Electronics,677.05,2023-06-25,9,173,"New York"
3774,"Non-fiction Book",Books,192.33,2023-01-17,9,71,"New York"
3775,"Action Figure",Toys,891.09,2023-02-04,3,405,"Los Angeles"
3776,"History Book",Books,522.73,2023-03-29,9,432,Houston
3777,Camera,Electronics,319.24,2023-06-29,1,74,Houston
3778,Doll,Toys,572.95,2023-02-08,4,60,Chicago
3779,Desk,Furniture,342.94,2023-04-01,5,440,Miami
3780,Chair,Furniture,14.79,2023-05-05,5,6,Miami
3781,"Board Game",Toys,692.15,2023-06-05,3,321,Chicago
3782,"Table Lamp",Furniture,757.68,2023-01-04,9,46,Miami
3783,Shoes,Clothing,619.54,2023-04-07,9,258,"New York"
3784,"Board Game",Toys,460.72,2023-06-14,2,87,"Los Angeles"
3785,Keyboard,Electronics,18.28,2023-05-12,6,400,"Los Angeles"
3786,"Science Book",Books,556.86,2023-03-02,1,27,"Los Angeles"
3787,"Action Figure",Toys,9.42,2023-03-30,5,323,Miami
3788,Doll,Toys,264.48,2023-02-13,5,170,Chicago
3789,Nightstand,Furniture,134.03,2023-05-06,1,177,Chicago
3790,Jacket,Clothing,173.29,2023-05-19,4,177,Houston
3791,"Science Book",Books,537.33,2023-06-24,3,142,Houston
3792,"Fiction Book",Books,934.69,2023-01-24,9,416,Houston
3793,"Non-fiction Book",Books,591.78,2023-01-11,6,219,Houston
3794,"Art Book",Books,274.28,2023-04-30,5,222,Houston
3795,T-shirt,Clothing,997.35,2023-05-13,7,124,"New York"
3796,Camera,Electronics,853.24,2023-06-03,8,480,Houston
3797,Jacket,Clothing,504.12,2023-04-29,8,464,"Los Angeles"
3798,"Science Book",Books,833.83,2023-03-17,6,368,Miami
3799,Monitor,Electronics,112.47,2023-04-08,4,110,Miami
3800,Bed,Furniture,449.09,2023-06-05,10,123,"Los Angeles"
3801,"Board Game",Toys,496.95,2023-02-06,6,26,Houston
3802,Smartwatch,Electronics,35.45,2023-01-22,5,48,"New York"
3803,"History Book",Books,108.65,2023-04-10,5,290,Chicago
3804,Keyboard,Electronics,57.38,2023-01-05,10,364,Houston
3805,Dress,Clothing,286.19,2023-04-25,4,322,"Los Angeles"
3806,Jacket,Clothing,882.47,2023-03-08,2,421,Houston
3807,"Non-fiction Book",Books,984.89,2023-05-15,8,307,Houston
3808,"Board Game",Toys,584.54,2023-03-24,6,140,Miami
3809,Keyboard,Electronics,830.24,2023-05-13,2,383,"Los Angeles"
3810,"Remote Control Car",Toys,381.47,2023-03-21,1,5,Miami
3811,Monitor,Electronics,390.25,2023-05-22,8,248,"New York"
3812,Desk,Furniture,509.82,2023-02-20,9,233,Houston
3813,Bed,Furniture,162.19,2023-04-03,1,420,Miami
3814,"Coffee Table",Furniture,627.35,2023-06-25,10,23,"Los Angeles"
3815,Smartwatch,Electronics,29.58,2023-02-04,9,417,Chicago
3816,Headphones,Electronics,668.22,2023-01-06,2,325,Houston
3817,Camera,Electronics,947.71,2023-02-23,7,147,Chicago
3818,"Remote Control Car",Toys,844.87,2023-03-24,8,230,Miami
3819,Shoes,Clothing,642.34,2023-04-20,2,350,"New York"
3820,"Board Game",Toys,330.33,2023-06-25,9,234,Houston
3821,Keyboard,Electronics,859.12,2023-06-27,4,390,Miami
3822,"Action Figure",Toys,975.44,2023-03-11,1,448,Chicago
3823,Jeans,Clothing,558.83,2023-01-27,1,444,"Los Angeles"
3824,Jacket,Clothing,485.11,2023-01-07,8,283,Houston
3825,T-shirt,Clothing,663.04,2023-05-21,10,136,Chicago
3826,Headphones,Electronics,361.79,2023-04-22,1,127,"New York"
3827,Bed,Furniture,594.82,2023-04-28,5,197,Chicago
3828,"Science Book",Books,410.59,2023-05-02,2,334,Miami
3829,"Non-fiction Book",Books,418.15,2023-03-06,6,304,Chicago
3830,Bookshelf,Furniture,615.29,2023-01-24,9,326,Miami
3831,Keyboard,Electronics,890.21,2023-06-23,2,400,Chicago
3832,Shoes,Clothing,591.04,2023-03-27,6,287,"New York"
3833,"Art Book",Books,387.16,2023-03-15,9,110,Chicago
3834,T-shirt,Clothing,703.00,2023-03-26,3,420,Chicago
3835,"Fiction Book",Books,672.33,2023-06-12,6,417,Houston
3836,"Science Book",Books,409.73,2023-04-15,7,308,"New York"
3837,T-shirt,Clothing,217.85,2023-05-12,10,391,Miami
3838,Dresser,Furniture,425.28,2023-01-28,5,4,Chicago
3839,"Fiction Book",Books,951.64,2023-04-29,5,123,Miami
3840,"Art Book",Books,480.52,2023-04-22,7,190,Miami
3841,"Non-fiction Book",Books,492.31,2023-04-26,8,340,"Los Angeles"
3842,Speaker,Electronics,541.21,2023-05-12,1,476,Houston
3843,Dress,Clothing,171.24,2023-02-11,7,256,Houston
3844,"Fiction Book",Books,114.19,2023-06-28,7,72,Miami
3845,"Non-fiction Book",Books,504.47,2023-03-17,6,318,Chicago
3846,Chair,Furniture,856.26,2023-06-01,7,319,"Los Angeles"
3847,Shoes,Clothing,770.03,2023-02-04,7,344,Chicago
3848,Chair,Furniture,953.64,2023-02-08,3,207,Chicago
3849,Doll,Toys,12.21,2023-06-25,9,116,Houston
3850,"Fiction Book",Books,721.70,2023-02-16,2,424,Miami
3851,"Non-fiction Book",Books,289.94,2023-03-25,5,412,Houston
3852,Shoes,Clothing,506.43,2023-04-16,5,128,"New York"
3853,Jacket,Clothing,985.76,2023-05-01,4,459,Chicago
3854,Jacket,Clothing,623.23,2023-05-24,2,79,Chicago
3855,"Remote Control Car",Toys,509.37,2023-01-24,2,133,Miami
3856,Doll,Toys,361.98,2023-05-07,5,5,Houston
3857,"Remote Control Car",Toys,868.95,2023-05-09,10,327,"Los Angeles"
3858,"Remote Control Car",Toys,102.92,2023-01-10,10,326,"Los Angeles"
3859,Doll,Toys,826.31,2023-02-15,8,110,Houston
3860,"Action Figure",Toys,251.38,2023-05-19,1,82,Chicago
3861,Tablet,Electronics,676.59,2023-05-03,4,399,Miami
3862,Mouse,Electronics,529.23,2023-01-12,8,210,Miami
3863,Jeans,Clothing,909.75,2023-06-07,7,306,"New York"
3864,"Non-fiction Book",Books,207.47,2023-02-08,5,307,Houston
3865,"Science Book",Books,374.46,2023-03-01,6,331,Houston
3866,Jacket,Clothing,953.77,2023-04-12,10,52,Houston
3867,"Board Game",Toys,686.45,2023-01-09,2,366,"New York"
3868,Shoes,Clothing,534.30,2023-05-04,9,51,"New York"
3869,"Science Book",Books,737.64,2023-06-21,6,458,Miami
3870,"Non-fiction Book",Books,846.24,2023-03-31,10,100,"New York"
3871,Desk,Furniture,234.01,2023-01-11,6,397,"New York"
3872,T-shirt,Clothing,863.33,2023-01-10,7,93,Miami
3873,Mouse,Electronics,453.44,2023-05-04,1,177,Chicago
3874,Shoes,Clothing,188.98,2023-01-27,2,177,"Los Angeles"
3875,Chair,Furniture,344.56,2023-03-14,10,358,Houston
3876,"Remote Control Car",Toys,867.73,2023-03-29,9,311,Houston
3877,Jeans,Clothing,914.82,2023-05-28,4,155,Chicago
3878,Shoes,Clothing,428.37,2023-02-08,8,129,Miami
3879,"Remote Control Car",Toys,907.09,2023-04-30,7,18,"Los Angeles"
3880,"Non-fiction Book",Books,227.99,2023-03-16,4,362,Chicago
3881,Headphones,Electronics,530.10,2023-04-06,1,340,"Los Angeles"
3882,Smartphone,Electronics,776.36,2023-05-14,4,340,"Los Angeles"
3883,Bookshelf,Furniture,87.57,2023-03-11,7,108,"New York"
3884,Jacket,Clothing,96.98,2023-02-02,7,278,Miami
3885,"Remote Control Car",Toys,503.00,2023-06-21,3,230,Chicago
3886,Laptop,Electronics,296.24,2023-01-14,5,87,Chicago
3887,"Art Book",Books,672.61,2023-04-19,10,56,Houston
3888,"History Book",Books,751.42,2023-03-14,8,296,Houston
3889,"Fiction Book",Books,458.92,2023-01-19,2,188,Chicago
3890,Dresser,Furniture,558.27,2023-06-09,8,32,"New York"
3891,Nightstand,Furniture,991.02,2023-01-24,7,486,Miami
3892,Nightstand,Furniture,993.05,2023-01-05,2,336,Miami
3893,Shoes,Clothing,833.61,2023-04-06,2,106,Chicago
3894,Bookshelf,Furniture,927.23,2023-05-10,9,445,"New York"
3895,T-shirt,Clothing,842.57,2023-01-30,3,496,"New York"
3896,"Table Lamp",Furniture,507.57,2023-01-05,7,466,Miami
3897,Jacket,Clothing,390.84,2023-05-05,3,149,Houston
3898,Jeans,Clothing,826.83,2023-03-19,7,57,Chicago
3899,Dresser,Furniture,715.65,2023-04-01,4,141,"Los Angeles"
3900,Doll,Toys,596.60,2023-02-23,7,289,Miami
3901,Nightstand,Furniture,93.32,2023-04-02,3,416,"Los Angeles"
3902,Speaker,Electronics,261.92,2023-03-13,3,413,Chicago
3903,Speaker,Electronics,612.65,2023-01-19,7,27,"Los Angeles"
3904,Headphones,Electronics,505.06,2023-02-12,7,284,Miami
3905,"History Book",Books,791.04,2023-04-29,10,312,"Los Angeles"
3906,"Board Game",Toys,651.52,2023-05-30,3,263,"New York"
3907,Dress,Clothing,870.77,2023-06-15,10,107,"New York"
3908,"Science Book",Books,419.86,2023-03-30,2,231,Houston
3909,Dresser,Furniture,898.39,2023-05-04,8,294,Houston
3910,Puzzle,Toys,275.03,2023-03-23,5,417,Miami
3911,"Non-fiction Book",Books,856.45,2023-04-20,5,270,"Los Angeles"
3912,"Fiction Book",Books,879.40,2023-02-19,8,412,Miami
3913,Laptop,Electronics,11.80,2023-05-12,7,419,"Los Angeles"
3914,Dresser,Furniture,980.94,2023-01-18,6,237,Houston
3915,Keyboard,Electronics,795.16,2023-05-07,2,276,"Los Angeles"
3916,Mouse,Electronics,498.09,2023-05-17,4,116,"Los Angeles"
3917,T-shirt,Clothing,360.73,2023-05-24,10,79,"New York"
3918,"History Book",Books,535.50,2023-03-03,1,229,"New York"
3919,"Fiction Book",Books,831.86,2023-05-12,2,271,"Los Angeles"
3920,"Art Book",Books,858.54,2023-06-07,9,211,Houston
3921,Keyboard,Electronics,82.23,2023-06-27,7,217,"New York"
3922,Bookshelf,Furniture,700.48,2023-03-24,2,283,"Los Angeles"
3923,"Non-fiction Book",Books,875.87,2023-02-27,10,451,Chicago
3924,Bed,Furniture,543.55,2023-03-05,2,281,Chicago
3925,T-shirt,Clothing,181.84,2023-04-05,1,427,"New York"
3926,Jeans,Clothing,345.46,2023-04-30,3,225,"Los Angeles"
3927,Dress,Clothing,84.37,2023-05-27,9,306,Houston
3928,Dresser,Furniture,271.33,2023-03-22,5,381,Chicago
3929,Dress,Clothing,272.47,2023-05-30,4,86,Miami
3930,"Non-fiction Book",Books,294.42,2023-03-30,6,184,"New York"
3931,Jeans,Clothing,142.70,2023-04-25,8,457,"Los Angeles"
3932,"Non-fiction Book",Books,478.25,2023-04-18,6,464,"New York"
3933,Sofa,Furniture,554.50,2023-06-25,3,74,"New York"
3934,Headphones,Electronics,790.06,2023-04-30,10,399,"New York"
3935,Keyboard,Electronics,995.99,2023-03-28,5,326,Miami
3936,Laptop,Electronics,734.44,2023-02-01,7,423,"Los Angeles"
3937,Shoes,Clothing,764.72,2023-02-19,1,304,Houston
3938,Camera,Electronics,320.73,2023-06-18,8,404,Miami
3939,"Remote Control Car",Toys,89.14,2023-04-09,5,356,"New York"
3940,Dress,Clothing,501.04,2023-02-01,4,137,"Los Angeles"
3941,"Non-fiction Book",Books,832.21,2023-01-18,10,326,"Los Angeles"
3942,Jacket,Clothing,674.18,2023-03-25,3,37,Chicago
3943,Dresser,Furniture,446.15,2023-03-09,6,274,"New York"
3944,Headphones,Electronics,577.65,2023-05-05,8,303,Miami
3945,"Coffee Table",Furniture,132.70,2023-03-05,4,361,Chicago
3946,T-shirt,Clothing,174.21,2023-03-05,3,105,"Los Angeles"
3947,"Art Book",Books,671.79,2023-03-09,9,114,Chicago
3948,"Remote Control Car",Toys,236.96,2023-02-07,4,488,Miami
3949,"Science Book",Books,857.79,2023-04-15,4,423,"Los Angeles"
3950,"Board Game",Toys,870.57,2023-06-06,8,31,"New York"
3951,Bed,Furniture,50.11,2023-06-29,9,68,"Los Angeles"
3952,"Science Book",Books,258.79,2023-01-10,5,132,Miami
3953,T-shirt,Clothing,738.91,2023-03-30,3,389,"New York"
3954,Sofa,Furniture,90.43,2023-05-28,9,359,"New York"
3955,Nightstand,Furniture,89.26,2023-04-12,6,13,Chicago
3956,Dress,Clothing,606.88,2023-03-01,9,63,"New York"
3957,Dress,Clothing,567.91,2023-01-31,2,118,Houston
3958,"Board Game",Toys,598.37,2023-04-10,10,113,"New York"
3959,Wardrobe,Furniture,503.87,2023-06-10,10,43,Chicago
3960,Jeans,Clothing,576.11,2023-01-11,6,335,Houston
3961,Smartphone,Electronics,638.14,2023-01-11,4,378,Houston
3962,Doll,Toys,586.81,2023-02-28,9,168,"New York"
3963,Shoes,Clothing,121.90,2023-06-23,5,216,Houston
3964,T-shirt,Clothing,148.97,2023-03-14,6,294,"Los Angeles"
3965,Shoes,Clothing,114.78,2023-05-10,3,58,Miami
3966,"Fiction Book",Books,381.80,2023-04-20,9,335,Houston
3967,Chair,Furniture,139.32,2023-02-09,7,369,Houston
3968,Tablet,Electronics,40.99,2023-04-03,5,371,"Los Angeles"
3969,T-shirt,Clothing,526.24,2023-01-26,2,84,Chicago
3970,Doll,Toys,225.93,2023-04-03,9,459,Miami
3971,Doll,Toys,55.86,2023-03-13,9,428,Miami
3972,"Art Book",Books,290.68,2023-06-02,4,160,Chicago
3973,Jacket,Clothing,923.50,2023-05-11,9,54,Miami
3974,Dress,Clothing,429.53,2023-03-14,8,185,Houston
3975,Shoes,Clothing,686.32,2023-03-24,3,419,Chicago
3976,"Non-fiction Book",Books,581.87,2023-05-29,4,198,Miami
3977,Camera,Electronics,877.12,2023-06-16,10,90,Miami
3978,Headphones,Electronics,235.95,2023-01-12,7,418,"Los Angeles"
3979,Bed,Furniture,244.01,2023-06-17,10,379,"New York"
3980,Speaker,Electronics,554.01,2023-01-01,4,383,Houston
3981,Jeans,Clothing,565.42,2023-02-04,3,382,"New York"
3982,"History Book",Books,260.03,2023-02-07,3,323,Chicago
3983,"Table Lamp",Furniture,598.88,2023-03-02,9,182,"New York"
3984,"Remote Control Car",Toys,802.27,2023-02-26,2,422,Houston
3985,Headphones,Electronics,145.58,2023-03-29,10,269,Houston
3986,"Remote Control Car",Toys,380.49,2023-01-07,1,17,"New York"
3987,Bookshelf,Furniture,890.15,2023-03-01,10,459,Houston
3988,Jeans,Clothing,365.49,2023-05-23,9,466,"New York"
3989,Dress,Clothing,19.97,2023-04-01,5,390,Chicago
3990,"Coffee Table",Furniture,67.60,2023-01-03,9,174,"New York"
3991,Shoes,Clothing,196.63,2023-02-19,8,77,"Los Angeles"
3992,Shoes,Clothing,231.56,2023-03-31,8,248,"New York"
3993,Doll,Toys,833.61,2023-02-11,7,283,Miami
3994,"History Book",Books,283.52,2023-03-27,6,113,Chicago
3995,Doll,Toys,447.20,2023-03-17,8,249,"Los Angeles"
3996,"History Book",Books,645.31,2023-06-29,1,116,"New York"
3997,T-shirt,Clothing,120.12,2023-03-05,4,466,Chicago
3998,Jeans,Clothing,494.58,2023-06-01,8,43,"Los Angeles"
3999,Monitor,Electronics,892.05,2023-02-17,7,206,"New York"
4000,Shoes,Clothing,718.40,2023-01-30,7,410,"New York"
4001,Smartphone,Electronics,124.28,2023-03-15,7,31,"Los Angeles"
4002,Dress,Clothing,357.46,2023-01-07,1,190,Houston
4003,Puzzle,Toys,619.40,2023-01-21,8,87,Houston
4004,Chair,Furniture,83.57,2023-05-30,10,31,Chicago
4005,"History Book",Books,154.16,2023-06-07,10,467,Miami
4006,"Board Game",Toys,634.71,2023-06-07,5,359,"New York"
4007,"Fiction Book",Books,540.23,2023-02-15,7,222,"Los Angeles"
4008,Camera,Electronics,949.59,2023-01-18,7,475,Houston
4009,Tablet,Electronics,24.20,2023-02-17,3,217,Chicago
4010,"Remote Control Car",Toys,105.42,2023-05-15,5,443,"New York"
4011,Speaker,Electronics,460.94,2023-03-30,1,469,Chicago
4012,Bed,Furniture,352.02,2023-02-25,5,231,Miami
4013,Doll,Toys,746.74,2023-05-06,3,54,Miami
4014,"Science Book",Books,998.79,2023-04-14,9,351,Miami
4015,Smartphone,Electronics,851.73,2023-01-26,2,193,Chicago
4016,Camera,Electronics,242.91,2023-04-19,3,290,"New York"
4017,Jacket,Clothing,780.52,2023-05-23,7,376,Miami
4018,Smartphone,Electronics,846.79,2023-01-15,9,13,Chicago
4019,"Fiction Book",Books,514.65,2023-01-13,8,386,Chicago
4020,Headphones,Electronics,555.03,2023-04-18,4,393,Miami
4021,Shoes,Clothing,500.01,2023-06-29,5,239,Miami
4022,Smartwatch,Electronics,931.65,2023-05-22,2,133,Miami
4023,"Action Figure",Toys,268.46,2023-02-08,3,342,Houston
4024,Monitor,Electronics,666.73,2023-02-16,3,325,"Los Angeles"
4025,Speaker,Electronics,830.08,2023-02-03,5,343,"New York"
4026,Bed,Furniture,99.97,2023-02-14,10,457,Houston
4027,Monitor,Electronics,290.81,2023-03-21,4,182,Houston
4028,"Action Figure",Toys,871.53,2023-01-03,5,94,Houston
4029,Dress,Clothing,91.13,2023-06-24,6,476,"New York"
4030,Dresser,Furniture,229.80,2023-01-31,2,120,Houston
4031,Camera,Electronics,410.40,2023-03-05,6,303,Chicago
4032,Sofa,Furniture,321.28,2023-06-06,4,140,"Los Angeles"
4033,Jacket,Clothing,923.72,2023-04-13,1,344,"Los Angeles"
4034,"Action Figure",Toys,636.13,2023-06-13,7,241,Chicago
4035,Doll,Toys,388.91,2023-02-12,1,151,Chicago
4036,"Science Book",Books,75.71,2023-04-21,9,215,Chicago
4037,"Non-fiction Book",Books,588.10,2023-01-19,8,222,Miami
4038,Jacket,Clothing,506.50,2023-05-12,2,219,Miami
4039,"Non-fiction Book",Books,863.01,2023-05-05,9,130,Houston
4040,"Non-fiction Book",Books,854.88,2023-01-21,10,328,"Los Angeles"
4041,Jeans,Clothing,955.11,2023-01-11,5,493,Houston
4042,Smartphone,Electronics,609.96,2023-06-21,10,424,Chicago
4043,Jeans,Clothing,74.05,2023-03-15,9,420,Houston
4044,Chair,Furniture,76.41,2023-05-25,8,253,"New York"
4045,Sofa,Furniture,388.99,2023-01-10,2,189,Chicago
4046,"History Book",Books,134.92,2023-05-26,7,367,Houston
4047,"Fiction Book",Books,213.90,2023-06-16,10,93,Miami
4048,Smartphone,Electronics,574.21,2023-05-28,4,211,Miami
4049,"Fiction Book",Books,899.08,2023-01-09,6,296,"Los Angeles"
4050,"Art Book",Books,537.90,2023-05-17,2,321,Houston
4051,Wardrobe,Furniture,949.56,2023-03-03,9,131,Houston
4052,Doll,Toys,443.73,2023-04-12,5,352,"New York"
4053,Sofa,Furniture,385.94,2023-01-29,7,332,Chicago
4054,Smartwatch,Electronics,609.93,2023-01-27,9,17,Chicago
4055,Sofa,Furniture,34.47,2023-04-10,7,308,"New York"
4056,"Non-fiction Book",Books,241.41,2023-03-06,1,116,Miami
4057,Speaker,Electronics,194.22,2023-01-27,2,136,Miami
4058,Doll,Toys,353.13,2023-04-29,3,94,"Los Angeles"
4059,"Science Book",Books,332.16,2023-02-28,7,62,Houston
4060,Shoes,Clothing,288.76,2023-05-02,6,255,"New York"
4061,"Art Book",Books,33.24,2023-02-14,2,451,"New York"
4062,"Action Figure",Toys,61.45,2023-06-01,1,324,"New York"
4063,"Fiction Book",Books,226.13,2023-06-22,2,356,"New York"
4064,Puzzle,Toys,12.44,2023-06-12,5,313,Houston
4065,"History Book",Books,254.35,2023-01-20,8,291,Chicago
4066,Mouse,Electronics,700.18,2023-05-23,9,475,"New York"
4067,"Remote Control Car",Toys,142.85,2023-06-02,9,264,"New York"
4068,Sofa,Furniture,245.69,2023-03-17,4,270,Houston
4069,Dress,Clothing,267.43,2023-05-09,8,330,"New York"
4070,Keyboard,Electronics,900.43,2023-02-04,3,327,Chicago
4071,"Art Book",Books,239.45,2023-04-21,4,433,"Los Angeles"
4072,Puzzle,Toys,931.43,2023-03-17,4,132,Chicago
4073,Nightstand,Furniture,5.57,2023-02-07,1,266,Chicago
4074,Monitor,Electronics,999.25,2023-01-07,2,434,Houston
4075,Monitor,Electronics,259.01,2023-03-04,10,353,Houston
4076,Bookshelf,Furniture,945.76,2023-04-29,5,174,"Los Angeles"
4077,"Non-fiction Book",Books,405.84,2023-02-05,8,137,"New York"
4078,Wardrobe,Furniture,130.63,2023-01-11,9,138,Houston
4079,"Science Book",Books,227.50,2023-05-07,9,25,Houston
4080,"Art Book",Books,189.55,2023-04-06,1,430,"New York"
4081,Dress,Clothing,222.45,2023-03-20,6,131,Houston
4082,Speaker,Electronics,421.75,2023-03-10,7,43,Chicago
4083,Monitor,Electronics,453.83,2023-01-17,1,110,Houston
4084,Sofa,Furniture,425.04,2023-02-17,1,217,"New York"
4085,"Action Figure",Toys,308.39,2023-01-04,2,425,Houston
4086,"Board Game",Toys,66.80,2023-04-21,9,282,"New York"
4087,Tablet,Electronics,655.45,2023-04-23,2,474,"Los Angeles"
4088,Desk,Furniture,42.21,2023-01-30,7,491,Miami
4089,Tablet,Electronics,18.48,2023-02-08,1,194,Miami
4090,Dress,Clothing,310.62,2023-06-17,8,432,"New York"
4091,Puzzle,Toys,81.37,2023-04-14,7,191,"New York"
4092,Monitor,Electronics,418.62,2023-01-12,1,90,Houston
4093,"Art Book",Books,446.14,2023-03-02,4,363,Chicago
4094,"Art Book",Books,222.26,2023-03-27,8,74,Chicago
4095,Jacket,Clothing,205.53,2023-05-25,4,279,Houston
4096,Nightstand,Furniture,772.36,2023-06-22,5,224,Miami
4097,"Remote Control Car",Toys,888.65,2023-05-08,9,122,Chicago
4098,Bed,Furniture,514.34,2023-02-09,6,37,Houston
4099,Shoes,Clothing,517.54,2023-05-07,10,348,Chicago
4100,Puzzle,Toys,561.19,2023-06-07,7,427,"New York"
4101,Desk,Furniture,332.15,2023-03-30,5,427,Miami
4102,"Non-fiction Book",Books,988.51,2023-01-29,9,349,Miami
4103,"Fiction Book",Books,871.20,2023-02-05,4,153,"Los Angeles"
4104,"Remote Control Car",Toys,236.71,2023-04-26,6,304,Chicago
4105,"Non-fiction Book",Books,937.68,2023-06-22,10,36,"Los Angeles"
4106,"Non-fiction Book",Books,716.70,2023-03-29,3,495,"New York"
4107,Shoes,Clothing,815.49,2023-04-29,9,108,Chicago
4108,Tablet,Electronics,489.67,2023-05-30,7,456,Chicago
4109,Puzzle,Toys,922.15,2023-04-06,9,412,Chicago
4110,"Remote Control Car",Toys,340.39,2023-05-08,6,263,"New York"
4111,Shoes,Clothing,516.23,2023-01-02,5,194,Chicago
4112,Desk,Furniture,352.42,2023-04-18,10,430,Chicago
4113,"Action Figure",Toys,959.79,2023-03-04,9,127,Houston
4114,"Non-fiction Book",Books,403.00,2023-02-01,7,375,Houston
4115,"Art Book",Books,969.86,2023-06-05,5,227,"New York"
4116,"Action Figure",Toys,541.71,2023-05-07,9,186,"New York"
4117,"Fiction Book",Books,341.89,2023-03-15,1,422,"New York"
4118,Chair,Furniture,710.28,2023-01-24,6,97,Chicago
4119,T-shirt,Clothing,492.46,2023-06-10,10,132,"Los Angeles"
4120,"Remote Control Car",Toys,131.95,2023-02-10,8,12,Miami
4121,Sofa,Furniture,950.37,2023-01-19,7,19,"New York"
4122,"Non-fiction Book",Books,183.94,2023-01-07,7,496,"New York"
4123,Jeans,Clothing,991.40,2023-01-05,2,321,Houston
4124,"Board Game",Toys,826.05,2023-03-27,9,3,"Los Angeles"
4125,"Action Figure",Toys,79.15,2023-01-04,9,131,Houston
4126,"History Book",Books,593.40,2023-04-18,2,94,"Los Angeles"
4127,Camera,Electronics,798.52,2023-03-11,6,240,Miami
4128,"History Book",Books,882.59,2023-01-24,10,291,Miami
4129,Puzzle,Toys,698.81,2023-03-26,3,439,Houston
4130,Jeans,Clothing,898.88,2023-05-28,4,252,"Los Angeles"
4131,Desk,Furniture,497.15,2023-03-15,6,234,Houston
4132,Nightstand,Furniture,862.80,2023-04-21,5,256,"New York"
4133,Dresser,Furniture,456.24,2023-03-18,8,231,"New York"
4134,"Board Game",Toys,700.47,2023-06-28,9,156,Miami
4135,"Remote Control Car",Toys,564.48,2023-01-27,1,360,Chicago
4136,Sofa,Furniture,65.62,2023-05-01,2,380,"Los Angeles"
4137,Wardrobe,Furniture,352.65,2023-01-13,4,144,Chicago
4138,"Board Game",Toys,664.54,2023-01-15,5,393,Houston
4139,Nightstand,Furniture,988.21,2023-01-30,9,387,"Los Angeles"
4140,Smartphone,Electronics,848.67,2023-06-25,4,353,Chicago
4141,"Science Book",Books,698.51,2023-06-17,6,15,Chicago
4142,Keyboard,Electronics,737.95,2023-03-07,7,460,Houston
4143,Mouse,Electronics,215.02,2023-03-16,5,467,"Los Angeles"
4144,"Remote Control Car",Toys,344.45,2023-01-26,7,455,Chicago
4145,Keyboard,Electronics,3.18,2023-05-24,10,240,Chicago
4146,Doll,Toys,540.52,2023-06-09,9,200,Chicago
4147,"Non-fiction Book",Books,958.16,2023-05-10,8,250,"Los Angeles"
4148,"Action Figure",Toys,456.04,2023-01-03,7,203,Miami
4149,T-shirt,Clothing,546.44,2023-04-08,1,390,Houston
4150,Puzzle,Toys,290.97,2023-04-26,4,366,Houston
4151,Smartwatch,Electronics,879.98,2023-03-20,6,225,Chicago
4152,"Non-fiction Book",Books,382.05,2023-02-05,9,313,Chicago
4153,Headphones,Electronics,288.22,2023-02-21,6,491,"New York"
4154,Smartwatch,Electronics,199.69,2023-06-26,4,299,"New York"
4155,Jeans,Clothing,74.76,2023-03-20,10,219,"Los Angeles"
4156,Nightstand,Furniture,525.04,2023-05-25,5,403,Houston
4157,Laptop,Electronics,738.92,2023-01-29,6,202,"Los Angeles"
4158,Bookshelf,Furniture,79.16,2023-02-24,3,225,Chicago
4159,Puzzle,Toys,334.83,2023-03-17,1,75,Chicago
4160,Speaker,Electronics,415.20,2023-02-16,1,245,"Los Angeles"
4161,"Remote Control Car",Toys,760.98,2023-01-05,9,96,"Los Angeles"
4162,"Coffee Table",Furniture,465.23,2023-01-30,5,343,"New York"
4163,Jeans,Clothing,953.93,2023-05-31,4,63,Houston
4164,"Action Figure",Toys,463.29,2023-05-18,5,411,Miami
4165,"Non-fiction Book",Books,925.29,2023-06-14,8,120,Miami
4166,Chair,Furniture,856.94,2023-05-25,5,386,Chicago
4167,Dress,Clothing,83.79,2023-01-02,8,475,"Los Angeles"
4168,Puzzle,Toys,753.62,2023-04-15,7,250,Chicago
4169,Dresser,Furniture,256.43,2023-03-28,7,338,Chicago
4170,T-shirt,Clothing,722.25,2023-03-22,1,33,"New York"
4171,"Coffee Table",Furniture,240.28,2023-06-10,8,34,"New York"
4172,Wardrobe,Furniture,392.34,2023-04-09,6,91,"Los Angeles"
4173,Shoes,Clothing,218.36,2023-02-10,5,361,"New York"
4174,"Art Book",Books,225.60,2023-04-16,3,270,Miami
4175,"Action Figure",Toys,505.46,2023-02-21,10,338,Houston
4176,Bed,Furniture,213.78,2023-06-01,6,126,Chicago
4177,Sofa,Furniture,733.13,2023-06-02,1,329,"New York"
4178,"Remote Control Car",Toys,612.40,2023-04-06,9,217,Houston
4179,T-shirt,Clothing,183.19,2023-04-09,2,129,Houston
4180,"Board Game",Toys,813.17,2023-03-25,9,479,"New York"
4181,Mouse,Electronics,883.27,2023-04-26,6,411,Chicago
4182,Puzzle,Toys,290.04,2023-02-04,1,433,"New York"
4183,"Non-fiction Book",Books,808.71,2023-06-06,10,8,"Los Angeles"
4184,Jeans,Clothing,474.56,2023-02-19,10,438,Chicago
4185,Laptop,Electronics,119.76,2023-02-13,9,286,"Los Angeles"
4186,"Science Book",Books,311.64,2023-02-04,1,270,Houston
4187,Jacket,Clothing,312.61,2023-02-08,2,486,Chicago
4188,T-shirt,Clothing,307.97,2023-01-01,1,234,"New York"
4189,"Remote Control Car",Toys,474.80,2023-03-14,6,388,"New York"
4190,Tablet,Electronics,856.56,2023-04-18,5,119,Miami
4191,Camera,Electronics,929.53,2023-06-29,3,21,Chicago
4192,"Fiction Book",Books,458.93,2023-05-27,7,21,"New York"
4193,Shoes,Clothing,339.94,2023-06-06,4,22,"Los Angeles"
4194,Doll,Toys,282.75,2023-05-02,6,311,Chicago
4195,"Fiction Book",Books,9.63,2023-06-21,8,425,"New York"
4196,Jacket,Clothing,570.82,2023-06-19,1,108,"New York"
4197,Jacket,Clothing,106.65,2023-02-10,8,158,"New York"
4198,Doll,Toys,763.23,2023-05-24,7,33,"Los Angeles"
4199,Mouse,Electronics,765.53,2023-01-08,10,203,"Los Angeles"
4200,"Coffee Table",Furniture,533.57,2023-04-12,3,188,"Los Angeles"
4201,Smartwatch,Electronics,894.62,2023-04-21,4,64,Chicago
4202,"Action Figure",Toys,664.22,2023-01-24,7,446,Chicago
4203,"Non-fiction Book",Books,104.53,2023-05-11,4,167,Houston
4204,Puzzle,Toys,465.01,2023-06-26,6,311,Chicago
4205,"Action Figure",Toys,478.72,2023-02-05,6,58,Miami
4206,Jeans,Clothing,351.92,2023-05-16,8,147,"Los Angeles"
4207,"Art Book",Books,267.34,2023-04-12,1,204,Miami
4208,"Non-fiction Book",Books,953.01,2023-04-18,2,426,Miami
4209,"Non-fiction Book",Books,310.89,2023-04-09,9,217,Houston
4210,Sofa,Furniture,495.94,2023-05-01,9,162,"New York"
4211,Monitor,Electronics,641.67,2023-01-14,5,39,"New York"
4212,"Art Book",Books,119.60,2023-06-16,3,249,Houston
4213,Mouse,Electronics,279.32,2023-05-19,1,355,Chicago
4214,T-shirt,Clothing,233.91,2023-04-23,5,105,Houston
4215,Bed,Furniture,925.78,2023-03-19,4,272,Houston
4216,Dress,Clothing,838.03,2023-06-04,8,183,Chicago
4217,Dresser,Furniture,609.90,2023-01-21,8,178,Chicago
4218,"Art Book",Books,443.23,2023-03-24,10,218,"Los Angeles"
4219,Headphones,Electronics,587.51,2023-04-09,10,126,"Los Angeles"
4220,Doll,Toys,670.63,2023-04-26,2,26,Houston
4221,Desk,Furniture,567.11,2023-05-09,9,92,"Los Angeles"
4222,Tablet,Electronics,229.96,2023-03-01,10,399,"New York"
4223,Keyboard,Electronics,883.62,2023-06-29,4,364,Houston
4224,Doll,Toys,277.72,2023-02-28,8,466,"Los Angeles"
4225,"Art Book",Books,599.84,2023-01-04,4,223,"Los Angeles"
4226,Bed,Furniture,220.22,2023-06-07,8,462,Chicago
4227,"Art Book",Books,317.01,2023-06-29,1,115,"New York"
4228,Dresser,Furniture,430.89,2023-01-15,2,167,"Los Angeles"
4229,Shoes,Clothing,80.46,2023-04-01,3,452,Houston
4230,"Fiction Book",Books,624.34,2023-05-31,3,486,Miami
4231,"Remote Control Car",Toys,609.46,2023-03-03,9,197,"Los Angeles"
4232,Desk,Furniture,0.70,2023-06-09,5,268,"Los Angeles"
4233,Headphones,Electronics,322.55,2023-02-27,7,125,"Los Angeles"
4234,Doll,Toys,735.04,2023-06-15,4,110,Miami
4235,Puzzle,Toys,725.23,2023-04-20,9,263,"New York"
4236,Dress,Clothing,956.18,2023-02-22,6,10,"Los Angeles"
4237,"History Book",Books,424.27,2023-06-09,2,38,Miami
4238,Jacket,Clothing,567.27,2023-01-04,4,463,Chicago
4239,Jacket,Clothing,511.20,2023-02-25,10,35,"Los Angeles"
4240,Jacket,Clothing,656.46,2023-02-26,7,47,Houston
4241,Puzzle,Toys,761.36,2023-05-03,2,302,Houston
4242,Dresser,Furniture,276.93,2023-03-28,6,188,"New York"
4243,"Board Game",Toys,456.06,2023-04-02,2,148,Miami
4244,Tablet,Electronics,147.36,2023-06-25,5,95,Houston
4245,"Action Figure",Toys,258.61,2023-05-29,4,144,"Los Angeles"
4246,Smartphone,Electronics,3.08,2023-06-22,8,11,Houston
4247,"Science Book",Books,504.31,2023-05-29,7,319,"Los Angeles"
4248,"Non-fiction Book",Books,469.68,2023-04-03,2,101,Chicago
4249,Bed,Furniture,657.83,2023-06-06,4,142,"Los Angeles"
4250,Shoes,Clothing,823.68,2023-03-21,8,180,Chicago
4251,"Board Game",Toys,881.77,2023-06-21,2,373,"Los Angeles"
4252,Shoes,Clothing,387.06,2023-03-23,1,68,"Los Angeles"
4253,Jeans,Clothing,249.11,2023-02-05,3,327,Chicago
4254,Dress,Clothing,507.69,2023-01-29,3,407,"Los Angeles"
4255,Monitor,Electronics,613.09,2023-01-02,3,5,Chicago
4256,Smartphone,Electronics,244.81,2023-06-21,1,141,"Los Angeles"
4257,"History Book",Books,706.75,2023-01-30,7,481,Houston
4258,"History Book",Books,320.56,2023-03-12,1,419,"New York"
4259,Sofa,Furniture,154.77,2023-01-09,8,368,"Los Angeles"
4260,Jacket,Clothing,843.53,2023-01-22,1,493,Houston
4261,"Fiction Book",Books,193.95,2023-06-13,10,67,Houston
4262,Bookshelf,Furniture,962.67,2023-04-28,4,457,Chicago
4263,T-shirt,Clothing,613.13,2023-01-12,5,81,"Los Angeles"
4264,Jeans,Clothing,103.23,2023-04-09,5,269,"Los Angeles"
4265,Chair,Furniture,842.29,2023-06-05,8,185,Chicago
4266,"Coffee Table",Furniture,95.55,2023-02-06,8,8,Miami
4267,Jacket,Clothing,939.97,2023-05-02,6,382,"New York"
4268,Jacket,Clothing,906.20,2023-04-28,6,368,"New York"
4269,Tablet,Electronics,159.78,2023-06-18,2,91,"Los Angeles"
4270,Tablet,Electronics,24.83,2023-03-22,2,228,Houston
4271,"History Book",Books,446.05,2023-02-18,1,126,"Los Angeles"
4272,Desk,Furniture,207.71,2023-06-12,9,356,Miami
4273,Sofa,Furniture,959.45,2023-01-23,8,179,Chicago
4274,"History Book",Books,609.67,2023-06-06,6,465,"New York"
4275,"Remote Control Car",Toys,782.68,2023-02-26,3,88,"Los Angeles"
4276,Shoes,Clothing,821.54,2023-04-05,2,110,Houston
4277,Jeans,Clothing,492.28,2023-03-07,4,312,"New York"
4278,Dress,Clothing,58.73,2023-04-27,1,188,Houston
4279,Bookshelf,Furniture,981.82,2023-05-27,2,80,Chicago
4280,"Non-fiction Book",Books,37.86,2023-03-30,4,111,"New York"
4281,"Science Book",Books,645.56,2023-03-23,4,161,Chicago
4282,Tablet,Electronics,153.59,2023-01-13,9,140,Houston
4283,"Fiction Book",Books,906.73,2023-01-03,4,345,Chicago
4284,Puzzle,Toys,420.01,2023-01-16,2,270,"Los Angeles"
4285,Jacket,Clothing,486.15,2023-01-10,9,452,"New York"
4286,"Fiction Book",Books,679.15,2023-06-25,9,129,Houston
4287,Tablet,Electronics,991.98,2023-01-27,8,165,"Los Angeles"
4288,"Board Game",Toys,623.12,2023-05-02,6,268,"New York"
4289,Smartphone,Electronics,887.20,2023-03-03,1,106,Miami
4290,"Remote Control Car",Toys,141.40,2023-05-09,2,275,"Los Angeles"
4291,Laptop,Electronics,632.94,2023-05-12,8,284,Chicago
4292,Bookshelf,Furniture,49.50,2023-02-10,10,90,Miami
4293,Nightstand,Furniture,494.73,2023-05-07,1,37,"Los Angeles"
4294,Mouse,Electronics,392.70,2023-03-19,10,264,Houston
4295,Smartwatch,Electronics,612.19,2023-02-01,1,334,"Los Angeles"
4296,Camera,Electronics,10.19,2023-03-23,3,415,Chicago
4297,"Fiction Book",Books,340.06,2023-03-28,4,266,Chicago
4298,"Non-fiction Book",Books,95.79,2023-05-08,3,64,Miami
4299,Smartwatch,Electronics,937.57,2023-05-29,3,15,"Los Angeles"
4300,Smartphone,Electronics,883.48,2023-02-03,3,450,Houston
4301,Desk,Furniture,40.57,2023-01-19,4,332,"New York"
4302,"Art Book",Books,710.12,2023-05-11,5,134,Miami
4303,T-shirt,Clothing,178.76,2023-03-11,4,387,Houston
4304,Nightstand,Furniture,115.06,2023-05-10,3,70,Miami
4305,Smartphone,Electronics,637.77,2023-01-24,8,174,Chicago
4306,Dress,Clothing,569.56,2023-02-01,2,177,"Los Angeles"
4307,Camera,Electronics,937.47,2023-01-23,9,341,Miami
4308,"Fiction Book",Books,71.12,2023-01-14,2,278,"Los Angeles"
4309,"Board Game",Toys,631.09,2023-05-25,2,89,Chicago
4310,Laptop,Electronics,332.19,2023-02-03,10,34,Chicago
4311,"Non-fiction Book",Books,135.43,2023-03-29,1,306,"New York"
4312,Sofa,Furniture,312.94,2023-06-15,7,286,Miami
4313,Jeans,Clothing,744.72,2023-06-02,10,210,"New York"
4314,Bed,Furniture,186.87,2023-04-12,3,288,"New York"
4315,"Remote Control Car",Toys,917.04,2023-06-14,9,145,"New York"
4316,Bed,Furniture,166.58,2023-04-16,5,197,Houston
4317,Speaker,Electronics,974.95,2023-01-29,9,420,Houston
4318,Shoes,Clothing,566.43,2023-03-02,10,420,"Los Angeles"
4319,"Remote Control Car",Toys,233.88,2023-05-14,1,435,"Los Angeles"
4320,"Fiction Book",Books,251.90,2023-06-08,7,305,"New York"
4321,"Art Book",Books,708.01,2023-05-17,7,55,Chicago
4322,"Table Lamp",Furniture,262.90,2023-04-10,10,132,"Los Angeles"
4323,Speaker,Electronics,941.32,2023-05-09,8,273,Chicago
4324,"Action Figure",Toys,859.30,2023-06-11,10,440,Houston
4325,"Fiction Book",Books,625.22,2023-06-04,5,254,"Los Angeles"
4326,Puzzle,Toys,350.39,2023-06-19,7,215,"New York"
4327,"Art Book",Books,44.29,2023-05-20,8,169,Chicago
4328,Jacket,Clothing,135.71,2023-04-23,8,348,"Los Angeles"
4329,Shoes,Clothing,695.58,2023-05-29,1,344,"Los Angeles"
4330,"Fiction Book",Books,16.35,2023-04-03,6,55,Miami
4331,Jeans,Clothing,137.96,2023-05-31,8,182,Chicago
4332,Sofa,Furniture,357.13,2023-06-19,7,208,"New York"
4333,"Table Lamp",Furniture,672.83,2023-04-29,3,198,"New York"
4334,Dress,Clothing,648.94,2023-05-23,1,361,Chicago
4335,T-shirt,Clothing,940.92,2023-03-05,10,320,"Los Angeles"
4336,Puzzle,Toys,491.90,2023-03-20,8,113,"New York"
4337,"Coffee Table",Furniture,676.19,2023-01-26,7,470,Houston
4338,Shoes,Clothing,671.27,2023-05-06,5,162,"New York"
4339,Puzzle,Toys,121.17,2023-03-16,8,152,"Los Angeles"
4340,Camera,Electronics,456.98,2023-04-17,6,108,"Los Angeles"
4341,"Art Book",Books,901.37,2023-01-11,6,353,Miami
4342,"Action Figure",Toys,527.89,2023-04-05,1,311,Miami
4343,Monitor,Electronics,727.52,2023-03-27,3,289,"Los Angeles"
4344,"Science Book",Books,421.03,2023-04-29,1,80,Houston
4345,Tablet,Electronics,122.39,2023-05-23,6,297,"New York"
4346,Smartphone,Electronics,42.25,2023-06-22,7,255,Chicago
4347,Smartwatch,Electronics,971.84,2023-01-05,3,469,"New York"
4348,Jacket,Clothing,714.31,2023-03-29,3,2,"New York"
4349,"Art Book",Books,780.35,2023-01-04,8,369,Chicago
4350,"Remote Control Car",Toys,141.23,2023-06-16,3,134,Houston
4351,"Science Book",Books,639.12,2023-03-28,5,4,Chicago
4352,Doll,Toys,172.78,2023-06-15,1,289,Houston
4353,"Science Book",Books,134.85,2023-03-01,3,132,Chicago
4354,Keyboard,Electronics,256.82,2023-06-06,6,146,Houston
4355,"Non-fiction Book",Books,652.02,2023-02-08,2,438,"New York"
4356,"Non-fiction Book",Books,666.93,2023-02-15,3,270,Miami
4357,"Action Figure",Toys,581.81,2023-04-21,4,389,Miami
4358,Bed,Furniture,699.37,2023-01-06,1,111,Miami
4359,Puzzle,Toys,957.71,2023-04-20,2,19,Houston
4360,Desk,Furniture,807.02,2023-05-17,4,294,Miami
4361,Sofa,Furniture,117.82,2023-06-14,3,143,Miami
4362,Mouse,Electronics,214.89,2023-03-11,3,157,Houston
4363,Jeans,Clothing,848.94,2023-04-03,1,290,Miami
4364,Bed,Furniture,217.22,2023-04-28,7,34,Chicago
4365,Dress,Clothing,485.48,2023-05-19,4,321,"New York"
4366,Chair,Furniture,946.62,2023-02-27,8,407,Miami
4367,Dress,Clothing,616.50,2023-05-02,6,323,Houston
4368,Speaker,Electronics,329.90,2023-05-16,8,325,Miami
4369,T-shirt,Clothing,647.70,2023-01-11,4,255,Chicago
4370,Tablet,Electronics,863.27,2023-03-26,8,213,Miami
4371,Puzzle,Toys,986.94,2023-06-02,3,388,"New York"
4372,Monitor,Electronics,349.69,2023-05-10,6,281,"New York"
4373,Bed,Furniture,777.48,2023-03-24,10,208,"New York"
4374,"Fiction Book",Books,408.28,2023-04-29,1,170,Chicago
4375,T-shirt,Clothing,765.75,2023-04-26,10,294,"Los Angeles"
4376,Sofa,Furniture,974.26,2023-02-05,1,392,Houston
4377,Monitor,Electronics,453.33,2023-02-15,10,378,"New York"
4378,Laptop,Electronics,392.56,2023-04-21,9,324,Chicago
4379,"Fiction Book",Books,519.34,2023-01-23,1,496,Houston
4380,"Fiction Book",Books,923.17,2023-01-09,5,83,Chicago
4381,"Non-fiction Book",Books,374.50,2023-06-18,6,470,"New York"
4382,T-shirt,Clothing,829.50,2023-01-12,9,496,Chicago
4383,Wardrobe,Furniture,366.60,2023-03-15,10,237,Chicago
4384,Nightstand,Furniture,3.95,2023-01-05,2,231,Miami
4385,Jacket,Clothing,208.37,2023-05-13,1,30,"New York"
4386,T-shirt,Clothing,822.66,2023-06-18,3,104,Chicago
4387,Jeans,Clothing,33.85,2023-02-08,10,75,Miami
4388,"Remote Control Car",Toys,204.39,2023-01-07,6,377,"New York"
4389,Puzzle,Toys,778.80,2023-05-01,1,14,"New York"
4390,T-shirt,Clothing,19.34,2023-05-26,10,243,Chicago
4391,Doll,Toys,895.25,2023-03-15,4,278,Houston
4392,Doll,Toys,514.14,2023-06-11,10,25,"Los Angeles"
4393,"Action Figure",Toys,728.26,2023-03-27,2,234,Miami
4394,"History Book",Books,780.21,2023-05-06,2,319,Houston
4395,"Remote Control Car",Toys,1.68,2023-02-27,6,472,Miami
4396,Monitor,Electronics,478.41,2023-03-16,7,470,Houston
4397,Laptop,Electronics,367.25,2023-03-21,2,135,Miami
4398,Mouse,Electronics,387.98,2023-03-02,6,292,"Los Angeles"
4399,Laptop,Electronics,646.25,2023-05-17,9,2,Chicago
4400,Wardrobe,Furniture,364.36,2023-03-11,9,24,Houston
4401,Shoes,Clothing,621.56,2023-01-31,10,232,"Los Angeles"
4402,Bookshelf,Furniture,777.17,2023-06-21,5,128,"New York"
4403,Bed,Furniture,259.26,2023-01-03,3,215,"Los Angeles"
4404,Monitor,Electronics,461.00,2023-03-13,7,422,"Los Angeles"
4405,T-shirt,Clothing,735.35,2023-04-27,1,102,Miami
4406,Monitor,Electronics,511.75,2023-04-22,6,487,"New York"
4407,"Remote Control Car",Toys,93.12,2023-04-21,8,58,"New York"
4408,"History Book",Books,314.69,2023-04-21,2,405,Houston
4409,Doll,Toys,842.19,2023-03-09,4,338,"Los Angeles"
4410,T-shirt,Clothing,753.93,2023-02-01,7,285,Miami
4411,Sofa,Furniture,312.34,2023-06-21,9,151,"New York"
4412,Mouse,Electronics,600.56,2023-02-10,4,463,Houston
4413,Jacket,Clothing,283.24,2023-01-08,4,329,"Los Angeles"
4414,Speaker,Electronics,401.83,2023-01-27,6,118,Chicago
4415,Speaker,Electronics,506.12,2023-04-15,4,66,Chicago
4416,"Coffee Table",Furniture,885.01,2023-02-08,5,229,"New York"
4417,"History Book",Books,288.00,2023-02-24,7,167,Houston
4418,"Art Book",Books,446.02,2023-05-03,1,120,"New York"
4419,T-shirt,Clothing,810.12,2023-01-02,7,46,Chicago
4420,"Non-fiction Book",Books,835.78,2023-02-01,4,147,"Los Angeles"
4421,"Remote Control Car",Toys,198.48,2023-03-30,9,394,"Los Angeles"
4422,Jacket,Clothing,527.89,2023-05-10,1,429,"Los Angeles"
4423,Doll,Toys,994.05,2023-01-16,5,490,Chicago
4424,"Board Game",Toys,110.29,2023-06-25,6,415,Chicago
4425,Doll,Toys,608.26,2023-01-30,1,254,Chicago
4426,Laptop,Electronics,298.55,2023-01-08,4,228,"Los Angeles"
4427,Sofa,Furniture,707.24,2023-04-29,2,428,Houston
4428,Sofa,Furniture,364.93,2023-01-06,1,116,Miami
4429,Mouse,Electronics,574.93,2023-02-01,2,99,Chicago
4430,Laptop,Electronics,424.09,2023-04-12,6,20,Chicago
4431,"History Book",Books,517.81,2023-03-24,8,164,Chicago
4432,Laptop,Electronics,445.04,2023-05-29,9,261,"Los Angeles"
4433,Jacket,Clothing,230.17,2023-06-24,2,412,Houston
4434,Puzzle,Toys,619.80,2023-01-04,3,57,Miami
4435,Doll,Toys,298.66,2023-05-21,1,337,"Los Angeles"
4436,"History Book",Books,394.92,2023-05-19,7,497,Miami
4437,"Remote Control Car",Toys,196.85,2023-04-09,2,50,"New York"
4438,Puzzle,Toys,375.56,2023-06-15,5,320,Houston
4439,"Remote Control Car",Toys,46.69,2023-04-02,5,256,"Los Angeles"
4440,Mouse,Electronics,444.32,2023-04-12,5,352,"New York"
4441,Chair,Furniture,8.18,2023-04-06,7,284,Miami
4442,"Action Figure",Toys,732.65,2023-02-13,10,137,"Los Angeles"
4443,Smartphone,Electronics,40.58,2023-01-24,6,146,Miami
4444,Chair,Furniture,647.68,2023-06-04,4,67,Houston
4445,"Action Figure",Toys,197.86,2023-04-21,5,253,"New York"
4446,Smartphone,Electronics,169.92,2023-04-16,5,160,"Los Angeles"
4447,"Art Book",Books,31.20,2023-04-05,6,53,Miami
4448,Dresser,Furniture,266.95,2023-03-28,6,280,Miami
4449,"Table Lamp",Furniture,748.90,2023-01-27,5,5,Chicago
4450,"Board Game",Toys,790.81,2023-04-14,6,409,Chicago
4451,Desk,Furniture,264.96,2023-01-25,9,35,Houston
4452,Tablet,Electronics,314.10,2023-05-05,6,281,"Los Angeles"
4453,Dress,Clothing,893.81,2023-02-02,3,277,"New York"
4454,"Action Figure",Toys,577.24,2023-05-20,2,166,"Los Angeles"
4455,Nightstand,Furniture,722.53,2023-05-14,6,261,Miami
4456,Chair,Furniture,313.15,2023-06-29,1,136,"New York"
4457,Laptop,Electronics,418.38,2023-04-13,6,140,Houston
4458,Smartphone,Electronics,910.76,2023-02-20,7,277,Houston
4459,Puzzle,Toys,309.27,2023-04-24,3,95,"Los Angeles"
4460,Puzzle,Toys,791.50,2023-05-29,8,151,"Los Angeles"
4461,Dresser,Furniture,608.22,2023-06-25,1,138,"Los Angeles"
4462,Dress,Clothing,324.23,2023-06-28,10,496,Miami
4463,"Board Game",Toys,935.36,2023-01-22,8,294,Chicago
4464,Smartwatch,Electronics,26.30,2023-02-04,9,419,Chicago
4465,Laptop,Electronics,495.99,2023-06-11,10,136,"Los Angeles"
4466,Monitor,Electronics,432.81,2023-01-23,4,145,Chicago
4467,Bed,Furniture,167.60,2023-03-31,10,200,"New York"
4468,Keyboard,Electronics,674.65,2023-01-28,8,131,"New York"
4469,Jacket,Clothing,749.50,2023-04-27,10,485,Miami
4470,"Non-fiction Book",Books,763.07,2023-06-06,1,339,"Los Angeles"
4471,Mouse,Electronics,489.68,2023-06-11,1,226,"New York"
4472,Shoes,Clothing,832.45,2023-04-22,7,83,"New York"
4473,Jacket,Clothing,253.33,2023-06-11,8,463,Chicago
4474,Jeans,Clothing,524.39,2023-06-25,3,277,Miami
4475,"Fiction Book",Books,486.81,2023-06-24,4,30,"New York"
4476,"Table Lamp",Furniture,568.76,2023-02-11,5,268,"Los Angeles"
4477,Mouse,Electronics,254.85,2023-05-11,9,58,"New York"
4478,"Non-fiction Book",Books,764.65,2023-05-16,5,32,Miami
4479,Jeans,Clothing,540.17,2023-04-20,5,148,"Los Angeles"
4480,Smartphone,Electronics,19.00,2023-05-30,1,482,Chicago
4481,"Board Game",Toys,338.23,2023-06-24,9,149,Miami
4482,Puzzle,Toys,718.78,2023-04-03,5,267,Chicago
4483,Jeans,Clothing,614.98,2023-03-16,3,446,Houston
4484,"Coffee Table",Furniture,85.90,2023-02-03,7,428,"Los Angeles"
4485,T-shirt,Clothing,605.62,2023-06-10,7,240,Chicago
4486,Speaker,Electronics,516.83,2023-05-07,10,335,Chicago
4487,"Table Lamp",Furniture,486.22,2023-05-30,7,467,Houston
4488,"Table Lamp",Furniture,917.10,2023-06-17,10,367,Miami
4489,Shoes,Clothing,965.66,2023-01-09,4,283,Houston
4490,Desk,Furniture,545.38,2023-03-26,7,44,"Los Angeles"
4491,Jeans,Clothing,701.03,2023-06-08,4,434,Chicago
4492,Dress,Clothing,843.41,2023-05-07,10,393,Miami
4493,Shoes,Clothing,140.40,2023-05-17,4,271,Houston
4494,Dress,Clothing,66.27,2023-06-02,1,299,Miami
4495,"Art Book",Books,359.98,2023-01-16,4,220,"New York"
4496,Dress,Clothing,260.51,2023-01-16,7,471,Houston
4497,Tablet,Electronics,73.26,2023-03-28,2,242,Miami
4498,Puzzle,Toys,608.48,2023-01-30,1,264,Houston
4499,Jacket,Clothing,274.75,2023-01-11,5,94,Chicago
4500,Keyboard,Electronics,366.91,2023-03-15,10,263,Houston
4501,Chair,Furniture,716.37,2023-02-12,1,227,"New York"
4502,Shoes,Clothing,88.43,2023-05-10,4,265,Houston
4503,Shoes,Clothing,863.91,2023-04-18,4,65,Chicago
4504,Smartphone,Electronics,739.21,2023-05-02,2,352,"New York"
4505,Bookshelf,Furniture,645.07,2023-02-18,5,156,"Los Angeles"
4506,Dress,Clothing,72.74,2023-06-08,2,126,Houston
4507,"Action Figure",Toys,315.31,2023-01-03,2,316,Houston
4508,"Remote Control Car",Toys,408.62,2023-01-14,2,245,"New York"
4509,"Fiction Book",Books,784.00,2023-03-31,2,62,"Los Angeles"
4510,Puzzle,Toys,543.03,2023-05-27,5,364,"Los Angeles"
4511,Dress,Clothing,909.90,2023-01-20,9,367,"Los Angeles"
4512,"Remote Control Car",Toys,185.62,2023-06-17,2,370,"Los Angeles"
4513,"Fiction Book",Books,441.45,2023-06-29,7,159,Chicago
4514,Keyboard,Electronics,975.24,2023-04-21,2,427,Miami
4515,"Art Book",Books,389.30,2023-02-19,3,109,Chicago
4516,"History Book",Books,25.38,2023-05-20,9,363,"New York"
4517,"Non-fiction Book",Books,566.12,2023-04-29,7,19,"Los Angeles"
4518,"History Book",Books,337.91,2023-03-31,5,426,Miami
4519,"Art Book",Books,662.92,2023-03-23,3,31,Chicago
4520,Smartphone,Electronics,950.62,2023-04-26,4,412,"New York"
4521,"Action Figure",Toys,945.17,2023-03-15,3,425,Chicago
4522,Dress,Clothing,783.74,2023-04-28,9,273,"New York"
4523,Dress,Clothing,883.22,2023-06-22,2,418,Houston
4524,Desk,Furniture,337.19,2023-04-23,2,327,Miami
4525,"Fiction Book",Books,277.67,2023-06-27,1,265,"Los Angeles"
4526,Headphones,Electronics,369.86,2023-04-06,6,71,"New York"
4527,Doll,Toys,825.59,2023-02-08,6,152,Houston
4528,"Remote Control Car",Toys,888.81,2023-05-30,5,489,"Los Angeles"
4529,Laptop,Electronics,383.98,2023-04-15,8,484,Houston
4530,Smartphone,Electronics,634.91,2023-01-14,5,85,Chicago
4531,Jeans,Clothing,329.74,2023-04-04,6,221,Chicago
4532,"Science Book",Books,8.85,2023-05-09,6,288,"Los Angeles"
4533,Shoes,Clothing,591.37,2023-03-27,7,302,"New York"
4534,Tablet,Electronics,875.27,2023-04-07,1,357,"Los Angeles"
4535,"Science Book",Books,37.74,2023-06-10,4,20,"New York"
4536,"Fiction Book",Books,400.81,2023-04-29,2,261,"Los Angeles"
4537,"Remote Control Car",Toys,443.02,2023-04-24,9,124,Houston
4538,Camera,Electronics,98.08,2023-01-01,8,274,Houston
4539,Desk,Furniture,81.69,2023-02-23,3,151,Houston
4540,Camera,Electronics,34.14,2023-05-03,3,228,"Los Angeles"
4541,Dress,Clothing,515.49,2023-03-06,3,77,"New York"
4542,"Non-fiction Book",Books,735.12,2023-04-17,8,498,Houston
4543,Jacket,Clothing,4.77,2023-05-21,9,75,"New York"
4544,"History Book",Books,586.06,2023-04-12,1,315,Miami
4545,"Board Game",Toys,839.52,2023-05-12,2,242,"New York"
4546,"Fiction Book",Books,403.49,2023-06-05,1,449,"New York"
4547,Wardrobe,Furniture,311.58,2023-01-12,4,337,"Los Angeles"
4548,Bookshelf,Furniture,131.02,2023-04-15,6,403,Chicago
4549,Camera,Electronics,60.33,2023-05-14,6,209,Chicago
4550,"Coffee Table",Furniture,829.88,2023-01-04,6,469,Miami
4551,"Science Book",Books,27.52,2023-03-03,7,35,Chicago
4552,Wardrobe,Furniture,469.22,2023-05-21,5,78,"Los Angeles"
4553,Puzzle,Toys,873.65,2023-02-07,5,238,"New York"
4554,Keyboard,Electronics,903.77,2023-01-14,7,44,Chicago
4555,"Board Game",Toys,813.14,2023-03-16,7,480,Miami
4556,Jacket,Clothing,284.76,2023-02-07,2,159,"New York"
4557,Headphones,Electronics,105.34,2023-03-10,6,421,Chicago
4558,Dress,Clothing,499.67,2023-02-14,8,447,"Los Angeles"
4559,"Art Book",Books,158.38,2023-01-28,3,493,"New York"
4560,"Table Lamp",Furniture,686.87,2023-05-25,10,163,Houston
4561,"Board Game",Toys,574.77,2023-03-09,2,325,Houston
4562,Doll,Toys,6.75,2023-06-19,7,282,Houston
4563,Wardrobe,Furniture,390.99,2023-03-31,4,51,Chicago
4564,Dress,Clothing,303.36,2023-06-22,9,250,Miami
4565,Puzzle,Toys,104.43,2023-02-21,2,376,"Los Angeles"
4566,"Fiction Book",Books,957.33,2023-02-07,2,112,Houston
4567,Nightstand,Furniture,540.93,2023-06-22,2,10,Chicago
4568,"Art Book",Books,484.97,2023-04-26,8,403,Houston
4569,Jeans,Clothing,961.89,2023-06-05,5,304,Houston
4570,"History Book",Books,795.85,2023-01-28,4,189,Houston
4571,Puzzle,Toys,914.33,2023-04-14,2,446,"New York"
4572,"Science Book",Books,373.69,2023-02-20,3,293,"New York"
4573,Jacket,Clothing,41.77,2023-06-14,5,220,Miami
4574,Speaker,Electronics,317.16,2023-05-21,10,215,"Los Angeles"
4575,Headphones,Electronics,563.12,2023-03-22,6,202,"Los Angeles"
4576,"Fiction Book",Books,470.73,2023-01-23,3,341,Houston
4577,"Remote Control Car",Toys,722.72,2023-01-14,3,432,Houston
4578,"Science Book",Books,340.32,2023-02-16,3,266,Miami
4579,"Non-fiction Book",Books,844.65,2023-04-06,2,15,Houston
4580,"Science Book",Books,21.88,2023-05-14,7,18,"Los Angeles"
4581,Doll,Toys,280.27,2023-05-01,6,281,"Los Angeles"
4582,"Non-fiction Book",Books,814.29,2023-01-11,9,39,Miami
4583,Doll,Toys,301.29,2023-05-28,2,265,"New York"
4584,"Fiction Book",Books,856.81,2023-05-20,4,97,"New York"
4585,"Non-fiction Book",Books,306.79,2023-05-09,7,59,Houston
4586,"Action Figure",Toys,163.75,2023-03-28,10,36,Houston
4587,Tablet,Electronics,316.22,2023-05-07,6,334,Houston
4588,Wardrobe,Furniture,227.58,2023-04-03,9,467,Miami
4589,Mouse,Electronics,389.36,2023-03-03,6,359,Miami
4590,Shoes,Clothing,841.19,2023-04-05,2,472,Chicago
4591,Headphones,Electronics,201.59,2023-05-13,1,98,Houston
4592,Laptop,Electronics,717.32,2023-01-03,10,301,"Los Angeles"
4593,Dresser,Furniture,610.52,2023-01-02,3,43,Houston
4594,Jeans,Clothing,357.38,2023-04-21,10,60,Houston
4595,"Art Book",Books,958.27,2023-02-21,6,478,"New York"
4596,Dress,Clothing,89.21,2023-05-21,7,412,"Los Angeles"
4597,"Non-fiction Book",Books,132.01,2023-03-29,1,379,Houston
4598,Smartphone,Electronics,298.90,2023-02-24,7,101,"New York"
4599,Speaker,Electronics,661.06,2023-03-08,9,109,Chicago
4600,"Board Game",Toys,423.46,2023-03-15,8,289,Houston
4601,"Coffee Table",Furniture,750.02,2023-04-07,5,282,Chicago
4602,Puzzle,Toys,115.94,2023-03-09,6,285,"Los Angeles"
4603,Jeans,Clothing,556.22,2023-05-10,10,253,Houston
4604,Keyboard,Electronics,917.65,2023-02-06,3,357,Houston
4605,"Non-fiction Book",Books,992.08,2023-02-23,6,308,Chicago
4606,Monitor,Electronics,854.15,2023-01-22,1,433,"New York"
4607,Chair,Furniture,786.20,2023-03-20,9,405,Chicago
4608,Dress,Clothing,219.42,2023-04-11,2,14,Houston
4609,Jeans,Clothing,785.69,2023-02-06,7,326,"Los Angeles"
4610,Shoes,Clothing,389.89,2023-04-09,6,74,"New York"
4611,Doll,Toys,752.17,2023-06-10,3,164,"New York"
4612,Headphones,Electronics,418.85,2023-05-11,4,335,"Los Angeles"
4613,Sofa,Furniture,806.62,2023-02-03,6,494,Chicago
4614,Laptop,Electronics,740.30,2023-01-19,3,85,Miami
4615,"Table Lamp",Furniture,752.22,2023-02-07,8,173,"Los Angeles"
4616,"Non-fiction Book",Books,233.05,2023-03-24,6,281,"New York"
4617,Jacket,Clothing,388.37,2023-01-22,5,406,Houston
4618,Bookshelf,Furniture,887.36,2023-02-27,10,349,Houston
4619,Wardrobe,Furniture,898.14,2023-01-14,7,61,Houston
4620,"Non-fiction Book",Books,69.83,2023-01-29,6,190,"New York"
4621,"Non-fiction Book",Books,592.64,2023-05-22,2,209,Houston
4622,Doll,Toys,431.55,2023-06-23,6,380,"Los Angeles"
4623,"Fiction Book",Books,373.80,2023-03-31,4,179,Houston
4624,"Table Lamp",Furniture,736.00,2023-01-14,2,295,Chicago
4625,Jeans,Clothing,954.33,2023-05-29,3,437,Chicago
4626,Laptop,Electronics,232.52,2023-05-12,10,283,Miami
4627,Camera,Electronics,769.41,2023-02-26,3,204,"Los Angeles"
4628,Puzzle,Toys,299.54,2023-01-20,7,474,Houston
4629,Puzzle,Toys,296.20,2023-04-04,8,6,Miami
4630,Shoes,Clothing,748.72,2023-01-30,6,163,Miami
4631,"Art Book",Books,55.01,2023-05-10,5,474,Chicago
4632,Jeans,Clothing,713.50,2023-05-19,8,116,"New York"
4633,Jeans,Clothing,892.04,2023-05-02,7,231,"Los Angeles"
4634,"History Book",Books,586.12,2023-05-20,2,110,Houston
4635,"Coffee Table",Furniture,83.48,2023-02-02,7,384,Miami
4636,"Action Figure",Toys,497.42,2023-03-03,3,19,Chicago
4637,"Science Book",Books,481.64,2023-01-01,6,395,"Los Angeles"
4638,"Action Figure",Toys,428.38,2023-06-17,4,17,"New York"
4639,Desk,Furniture,666.48,2023-01-12,4,185,Miami
4640,Dress,Clothing,407.89,2023-03-08,7,483,Miami
4641,Laptop,Electronics,842.29,2023-04-29,8,401,Houston
4642,Bookshelf,Furniture,751.74,2023-05-14,5,35,Miami
4643,"Non-fiction Book",Books,172.82,2023-02-13,7,380,Houston
4644,Desk,Furniture,743.48,2023-03-20,10,237,Chicago
4645,Camera,Electronics,856.81,2023-06-05,8,78,Chicago
4646,Monitor,Electronics,83.14,2023-03-20,10,169,Miami
4647,Jacket,Clothing,344.51,2023-03-18,2,113,Miami
4648,Jacket,Clothing,104.49,2023-03-30,2,105,Houston
4649,Shoes,Clothing,562.15,2023-02-21,8,416,Miami
4650,Bookshelf,Furniture,19.90,2023-01-11,3,21,Chicago
4651,"Coffee Table",Furniture,33.87,2023-06-17,6,497,"Los Angeles"
4652,Dress,Clothing,170.92,2023-02-22,10,400,"New York"
4653,Jeans,Clothing,968.90,2023-05-25,2,94,Chicago
4654,"Coffee Table",Furniture,934.48,2023-03-10,1,171,Chicago
4655,Smartphone,Electronics,983.05,2023-05-29,2,213,Chicago
4656,"Science Book",Books,489.55,2023-06-27,5,187,Chicago
4657,Mouse,Electronics,195.54,2023-02-28,1,104,Miami
4658,Monitor,Electronics,619.47,2023-01-15,6,227,Houston
4659,"Board Game",Toys,19.86,2023-03-26,3,492,"New York"
4660,T-shirt,Clothing,447.88,2023-05-05,2,223,Miami
4661,"Table Lamp",Furniture,879.91,2023-05-26,5,296,Houston
4662,"Board Game",Toys,485.81,2023-01-10,8,423,Miami
4663,Dress,Clothing,666.86,2023-06-05,4,28,"Los Angeles"
4664,Bookshelf,Furniture,232.66,2023-06-25,2,489,"Los Angeles"
4665,"Art Book",Books,353.70,2023-06-15,6,474,"New York"
4666,"Non-fiction Book",Books,890.93,2023-06-02,6,162,Miami
4667,Jacket,Clothing,208.44,2023-06-03,7,333,"Los Angeles"
4668,"Board Game",Toys,918.49,2023-06-20,10,12,"New York"
4669,"Action Figure",Toys,457.64,2023-01-26,4,108,"New York"
4670,"Remote Control Car",Toys,66.01,2023-04-14,7,317,"New York"
4671,"Remote Control Car",Toys,544.18,2023-02-16,7,237,Chicago
4672,"Fiction Book",Books,468.18,2023-01-10,9,94,"Los Angeles"
4673,Monitor,Electronics,471.89,2023-03-08,5,496,Houston
4674,Dress,Clothing,125.81,2023-01-01,7,78,Miami
4675,"Remote Control Car",Toys,79.44,2023-03-31,3,344,Houston
4676,Jacket,Clothing,996.84,2023-05-11,7,28,"Los Angeles"
4677,Dress,Clothing,922.31,2023-01-30,1,410,Miami
4678,Mouse,Electronics,677.57,2023-05-03,4,426,"New York"
4679,Camera,Electronics,66.54,2023-05-29,10,60,Miami
4680,Puzzle,Toys,973.84,2023-05-18,10,113,Chicago
4681,Dresser,Furniture,222.87,2023-01-17,9,367,"Los Angeles"
4682,Mouse,Electronics,616.51,2023-03-13,2,259,"New York"
4683,Dresser,Furniture,527.93,2023-05-11,1,45,"Los Angeles"
4684,Camera,Electronics,766.17,2023-03-01,4,365,Houston
4685,Puzzle,Toys,699.14,2023-03-21,2,102,Houston
4686,"Board Game",Toys,419.09,2023-05-26,8,261,"Los Angeles"
4687,"Science Book",Books,222.84,2023-06-03,6,195,"New York"
4688,"Fiction Book",Books,138.76,2023-04-04,2,167,"New York"
4689,"Art Book",Books,557.33,2023-01-12,7,11,"New York"
4690,"Board Game",Toys,463.50,2023-04-11,4,151,"Los Angeles"
4691,"History Book",Books,976.49,2023-06-29,1,170,Chicago
4692,Jacket,Clothing,481.36,2023-01-20,2,95,Houston
4693,"Fiction Book",Books,926.00,2023-02-01,1,454,"Los Angeles"
4694,"Science Book",Books,673.61,2023-05-15,8,176,Chicago
4695,"Remote Control Car",Toys,678.81,2023-05-06,5,74,"Los Angeles"
4696,Dress,Clothing,660.84,2023-06-23,9,123,Houston
4697,Puzzle,Toys,724.10,2023-03-12,8,392,Chicago
4698,Desk,Furniture,180.52,2023-05-25,5,1,Chicago
4699,"Fiction Book",Books,390.04,2023-04-10,6,157,Houston
4700,"Board Game",Toys,384.51,2023-04-13,7,366,Chicago
4701,"Fiction Book",Books,141.33,2023-03-18,8,142,"Los Angeles"
4702,Jacket,Clothing,196.30,2023-05-14,2,185,Chicago
4703,Chair,Furniture,844.88,2023-05-13,2,237,Miami
4704,Desk,Furniture,197.40,2023-05-18,3,400,"Los Angeles"
4705,Dresser,Furniture,138.62,2023-05-26,7,370,Houston
4706,"Non-fiction Book",Books,365.35,2023-06-08,4,444,Chicago
4707,"Action Figure",Toys,754.32,2023-03-20,10,166,Miami
4708,Chair,Furniture,590.05,2023-04-14,1,386,Chicago
4709,Shoes,Clothing,522.98,2023-02-06,5,323,Miami
4710,Dress,Clothing,405.95,2023-03-15,9,440,Miami
4711,Monitor,Electronics,723.99,2023-04-05,5,349,"New York"
4712,Jeans,Clothing,822.66,2023-02-17,9,218,Houston
4713,Puzzle,Toys,468.49,2023-03-16,7,40,Chicago
4714,"History Book",Books,34.54,2023-01-28,7,447,Chicago
4715,Dress,Clothing,600.19,2023-04-25,4,469,Chicago
4716,Headphones,Electronics,511.10,2023-02-17,8,78,Chicago
4717,Dress,Clothing,8.74,2023-03-23,3,424,Chicago
4718,Mouse,Electronics,746.43,2023-01-09,1,440,"Los Angeles"
4719,Chair,Furniture,32.32,2023-05-02,3,171,Miami
4720,Dress,Clothing,84.56,2023-06-29,8,354,"Los Angeles"
4721,Jeans,Clothing,164.70,2023-06-14,1,347,"Los Angeles"
4722,"Action Figure",Toys,280.07,2023-03-09,1,499,Miami
4723,T-shirt,Clothing,206.27,2023-03-22,7,387,Miami
4724,"Non-fiction Book",Books,567.30,2023-06-13,9,247,Miami
4725,Smartphone,Electronics,926.37,2023-03-06,1,488,Miami
4726,Nightstand,Furniture,953.16,2023-06-03,4,217,Miami
4727,Shoes,Clothing,97.84,2023-04-16,7,237,Chicago
4728,"Non-fiction Book",Books,960.24,2023-02-01,10,199,"New York"
4729,"Remote Control Car",Toys,383.99,2023-02-22,4,346,Chicago
4730,Shoes,Clothing,795.12,2023-03-22,9,436,Miami
4731,T-shirt,Clothing,98.39,2023-01-17,2,278,"Los Angeles"
4732,"History Book",Books,478.08,2023-02-10,8,416,"New York"
4733,"History Book",Books,808.70,2023-02-06,6,182,"New York"
4734,Tablet,Electronics,895.58,2023-05-30,5,417,Houston
4735,Bed,Furniture,138.20,2023-03-10,5,141,Miami
4736,Puzzle,Toys,966.16,2023-04-17,1,285,Houston
4737,Dress,Clothing,696.40,2023-02-11,1,297,Houston
4738,Mouse,Electronics,239.33,2023-04-03,9,371,"New York"
4739,Shoes,Clothing,807.58,2023-04-10,4,496,Miami
4740,"Board Game",Toys,557.87,2023-03-30,8,252,"New York"
4741,Laptop,Electronics,505.40,2023-01-06,7,55,Houston
4742,"Fiction Book",Books,792.67,2023-06-09,1,331,"New York"
4743,Dress,Clothing,535.89,2023-03-07,3,497,"Los Angeles"
4744,Shoes,Clothing,818.32,2023-03-10,5,69,"Los Angeles"
4745,Speaker,Electronics,120.42,2023-05-27,7,23,"New York"
4746,Dress,Clothing,394.94,2023-05-09,4,390,Houston
4747,"Coffee Table",Furniture,364.45,2023-05-07,5,15,Miami
4748,Bed,Furniture,615.18,2023-05-14,9,26,Houston
4749,Bed,Furniture,352.23,2023-03-13,10,253,Houston
4750,"Remote Control Car",Toys,237.77,2023-05-01,7,58,Houston
4751,Headphones,Electronics,76.94,2023-02-13,10,112,"New York"
4752,Headphones,Electronics,822.97,2023-05-14,3,492,"New York"
4753,Doll,Toys,893.91,2023-03-06,2,237,"New York"
4754,"History Book",Books,402.31,2023-05-21,7,74,Houston
4755,"Art Book",Books,50.83,2023-04-30,2,404,Chicago
4756,Sofa,Furniture,134.79,2023-06-10,1,295,Houston
4757,Mouse,Electronics,183.15,2023-02-19,9,153,"New York"
4758,Bed,Furniture,224.09,2023-05-28,5,348,"New York"
4759,"Board Game",Toys,332.27,2023-06-27,10,346,Houston
4760,Sofa,Furniture,667.58,2023-03-27,4,214,"New York"
4761,Doll,Toys,465.60,2023-05-07,2,240,"New York"
4762,"History Book",Books,149.07,2023-05-04,10,436,"Los Angeles"
4763,Dresser,Furniture,156.12,2023-05-29,7,397,"New York"
4764,"Fiction Book",Books,951.42,2023-02-13,4,23,"New York"
4765,"Art Book",Books,206.68,2023-04-03,10,119,"Los Angeles"
4766,"Board Game",Toys,591.18,2023-04-21,4,344,Chicago
4767,Shoes,Clothing,181.43,2023-01-21,1,370,Houston
4768,Tablet,Electronics,16.80,2023-03-15,1,391,Miami
4769,Smartphone,Electronics,984.52,2023-04-27,3,219,"Los Angeles"
4770,Dress,Clothing,597.42,2023-05-11,9,498,Chicago
4771,Bed,Furniture,280.79,2023-06-20,10,343,Houston
4772,T-shirt,Clothing,395.68,2023-04-06,5,371,"Los Angeles"
4773,"Table Lamp",Furniture,869.86,2023-05-07,10,211,"Los Angeles"
4774,"Non-fiction Book",Books,158.61,2023-01-13,9,89,"Los Angeles"
4775,"Art Book",Books,463.28,2023-04-02,2,94,Chicago
4776,"Board Game",Toys,108.26,2023-02-23,2,450,"New York"
4777,T-shirt,Clothing,924.58,2023-04-02,8,158,"Los Angeles"
4778,Jeans,Clothing,930.03,2023-06-22,10,47,Chicago
4779,Monitor,Electronics,310.13,2023-03-25,5,302,Miami
4780,"Coffee Table",Furniture,210.78,2023-05-05,9,498,Chicago
4781,"Art Book",Books,206.28,2023-03-25,7,28,"Los Angeles"
4782,"Remote Control Car",Toys,404.41,2023-04-15,7,332,"Los Angeles"
4783,Desk,Furniture,172.46,2023-05-03,9,221,Chicago
4784,Dresser,Furniture,597.01,2023-06-28,2,455,"New York"
4785,Dresser,Furniture,145.66,2023-06-01,8,162,"Los Angeles"
4786,Shoes,Clothing,662.82,2023-05-09,6,400,"Los Angeles"
4787,"Fiction Book",Books,841.56,2023-02-01,4,98,Miami
4788,Speaker,Electronics,113.66,2023-05-30,8,256,"New York"
4789,"Coffee Table",Furniture,60.37,2023-01-05,10,320,"Los Angeles"
4790,"Board Game",Toys,934.95,2023-01-07,4,403,Miami
4791,"Action Figure",Toys,702.70,2023-02-04,9,343,Miami
4792,Wardrobe,Furniture,496.60,2023-06-02,8,106,Houston
4793,Bookshelf,Furniture,902.41,2023-02-28,10,330,Chicago
4794,Dress,Clothing,293.82,2023-02-11,3,314,"Los Angeles"
4795,"Action Figure",Toys,271.23,2023-06-09,7,218,"Los Angeles"
4796,Bed,Furniture,448.12,2023-06-05,10,142,Chicago
4797,Dress,Clothing,771.24,2023-02-27,3,253,Houston
4798,"Science Book",Books,778.14,2023-01-30,5,442,Miami
4799,Dresser,Furniture,367.86,2023-05-28,10,260,Houston
4800,Jacket,Clothing,625.58,2023-02-18,5,295,Chicago
4801,"Non-fiction Book",Books,953.26,2023-01-08,4,333,"Los Angeles"
4802,Bed,Furniture,686.39,2023-06-25,9,103,Chicago
4803,Camera,Electronics,70.22,2023-05-11,5,476,Chicago
4804,T-shirt,Clothing,309.05,2023-01-05,2,458,Miami
4805,Camera,Electronics,921.37,2023-06-21,1,92,Miami
4806,Puzzle,Toys,121.86,2023-03-04,4,411,Miami
4807,Jeans,Clothing,246.53,2023-02-18,6,92,"New York"
4808,Smartphone,Electronics,946.13,2023-04-21,3,131,Houston
4809,Jeans,Clothing,39.02,2023-03-09,8,362,"Los Angeles"
4810,Wardrobe,Furniture,182.61,2023-03-08,3,191,"New York"
4811,"Board Game",Toys,944.17,2023-01-20,8,114,"New York"
4812,Dresser,Furniture,197.11,2023-01-14,8,363,"Los Angeles"
4813,Headphones,Electronics,272.35,2023-02-10,4,463,Houston
4814,Dress,Clothing,410.71,2023-02-21,2,60,"New York"
4815,"Non-fiction Book",Books,860.14,2023-01-29,3,311,Chicago
4816,Bed,Furniture,9.67,2023-05-28,1,425,"New York"
4817,"History Book",Books,797.29,2023-01-26,4,68,Houston
4818,Bookshelf,Furniture,739.56,2023-05-05,3,36,Houston
4819,Smartwatch,Electronics,70.28,2023-02-15,1,253,"Los Angeles"
4820,"Table Lamp",Furniture,590.32,2023-03-16,4,150,Chicago
4821,"Remote Control Car",Toys,105.27,2023-04-14,6,60,Miami
4822,Headphones,Electronics,434.77,2023-06-24,6,407,Chicago
4823,"Non-fiction Book",Books,262.08,2023-03-26,6,171,"New York"
4824,Sofa,Furniture,259.29,2023-04-25,5,51,"Los Angeles"
4825,Smartphone,Electronics,756.93,2023-04-15,7,240,Chicago
4826,"Remote Control Car",Toys,840.12,2023-04-12,4,431,"Los Angeles"
4827,Chair,Furniture,207.60,2023-03-21,6,326,Chicago
4828,Bed,Furniture,292.23,2023-01-02,2,399,Chicago
4829,Camera,Electronics,189.40,2023-02-24,10,426,"Los Angeles"
4830,Shoes,Clothing,336.90,2023-06-16,7,153,Houston
4831,Jeans,Clothing,900.62,2023-05-14,1,432,"Los Angeles"
4832,"History Book",Books,652.31,2023-06-29,1,92,Miami
4833,T-shirt,Clothing,663.90,2023-02-13,3,151,Miami
4834,Jeans,Clothing,299.74,2023-06-07,5,381,"Los Angeles"
4835,Shoes,Clothing,427.45,2023-04-21,8,26,Miami
4836,Dress,Clothing,983.42,2023-04-06,7,433,"Los Angeles"
4837,"History Book",Books,381.64,2023-05-30,1,283,Houston
4838,Nightstand,Furniture,876.40,2023-04-16,3,371,Miami
4839,"Science Book",Books,443.47,2023-04-04,3,396,"New York"
4840,Sofa,Furniture,346.20,2023-06-14,6,426,Houston
4841,Puzzle,Toys,43.96,2023-05-28,10,200,"New York"
4842,Headphones,Electronics,80.21,2023-02-06,8,156,"New York"
4843,Smartwatch,Electronics,59.58,2023-03-10,8,251,"Los Angeles"
4844,Mouse,Electronics,280.75,2023-06-05,5,413,Houston
4845,"Board Game",Toys,553.80,2023-03-19,5,54,"New York"
4846,Smartwatch,Electronics,466.60,2023-04-06,3,311,"Los Angeles"
4847,Laptop,Electronics,383.72,2023-04-18,9,178,"Los Angeles"
4848,Desk,Furniture,28.34,2023-01-08,2,233,Miami
4849,Dress,Clothing,704.32,2023-02-16,2,45,Miami
4850,Chair,Furniture,385.47,2023-04-21,10,377,"New York"
4851,"Art Book",Books,857.27,2023-05-22,4,212,"New York"
4852,Puzzle,Toys,852.76,2023-06-27,4,425,"New York"
4853,Wardrobe,Furniture,637.80,2023-04-02,7,285,Miami
4854,Bookshelf,Furniture,36.25,2023-01-13,3,500,"Los Angeles"
4855,Desk,Furniture,918.78,2023-04-16,2,71,"New York"
4856,Bed,Furniture,963.34,2023-04-10,9,370,"New York"
4857,Laptop,Electronics,608.90,2023-04-11,10,86,Miami
4858,Laptop,Electronics,257.35,2023-05-20,1,78,Chicago
4859,"Board Game",Toys,259.04,2023-06-25,1,257,"Los Angeles"
4860,"Action Figure",Toys,209.52,2023-06-18,1,252,"Los Angeles"
4861,Mouse,Electronics,293.99,2023-06-15,8,435,"New York"
4862,"Table Lamp",Furniture,286.59,2023-05-01,5,241,Miami
4863,Headphones,Electronics,330.94,2023-03-31,6,9,Chicago
4864,"Board Game",Toys,542.17,2023-03-31,9,422,Houston
4865,Jacket,Clothing,284.94,2023-01-22,8,171,Chicago
4866,Dress,Clothing,632.32,2023-03-23,4,239,"Los Angeles"
4867,"Action Figure",Toys,239.37,2023-01-18,8,284,Chicago
4868,"Remote Control Car",Toys,51.08,2023-03-13,9,7,Chicago
4869,"History Book",Books,228.41,2023-02-12,5,380,"Los Angeles"
4870,Dresser,Furniture,141.00,2023-06-03,9,336,Miami
4871,Speaker,Electronics,376.29,2023-01-22,5,10,Houston
4872,Bed,Furniture,169.03,2023-04-25,7,244,"Los Angeles"
4873,Dress,Clothing,475.88,2023-01-29,4,189,Houston
4874,"Non-fiction Book",Books,164.71,2023-01-08,8,215,"New York"
4875,"History Book",Books,695.46,2023-01-15,4,184,Miami
4876,Dresser,Furniture,342.71,2023-06-06,4,472,Houston
4877,Tablet,Electronics,775.21,2023-02-05,7,345,Chicago
4878,Chair,Furniture,657.64,2023-06-19,8,401,Miami
4879,"Non-fiction Book",Books,577.45,2023-05-14,10,302,"New York"
4880,Puzzle,Toys,876.92,2023-03-15,5,417,Miami
4881,Smartphone,Electronics,548.19,2023-05-11,10,343,Chicago
4882,Shoes,Clothing,445.77,2023-02-15,10,418,Chicago
4883,Jacket,Clothing,785.75,2023-05-22,6,267,Miami
4884,Keyboard,Electronics,39.76,2023-06-11,4,54,Chicago
4885,"Board Game",Toys,236.40,2023-06-15,9,311,Chicago
4886,Jeans,Clothing,918.16,2023-04-26,5,201,Houston
4887,Doll,Toys,268.70,2023-02-19,6,37,Houston
4888,"Board Game",Toys,913.52,2023-01-10,6,204,Chicago
4889,Nightstand,Furniture,977.59,2023-06-23,9,297,"Los Angeles"
4890,T-shirt,Clothing,356.58,2023-05-17,8,145,"Los Angeles"
4891,"Science Book",Books,405.58,2023-04-10,6,34,Houston
4892,Bed,Furniture,461.92,2023-06-04,9,464,Miami
4893,Puzzle,Toys,849.18,2023-01-20,10,313,"New York"
4894,"Action Figure",Toys,513.76,2023-03-20,7,456,Houston
4895,Desk,Furniture,40.47,2023-01-17,4,208,"New York"
4896,Laptop,Electronics,455.26,2023-06-10,1,378,Chicago
4897,Desk,Furniture,317.53,2023-03-17,2,223,Miami
4898,"Fiction Book",Books,379.61,2023-04-19,9,270,"New York"
4899,"Remote Control Car",Toys,876.78,2023-05-19,3,371,"New York"
4900,Mouse,Electronics,216.45,2023-03-28,8,155,"Los Angeles"
4901,Shoes,Clothing,585.79,2023-03-13,3,460,Miami
4902,Puzzle,Toys,744.09,2023-04-30,1,204,Miami
4903,"Science Book",Books,151.51,2023-02-17,9,256,Miami
4904,"Coffee Table",Furniture,766.33,2023-04-13,6,14,Chicago
4905,Bed,Furniture,173.44,2023-03-24,8,266,"Los Angeles"
4906,Puzzle,Toys,831.48,2023-06-28,5,165,"Los Angeles"
4907,Wardrobe,Furniture,334.16,2023-01-14,4,308,Miami
4908,Laptop,Electronics,847.29,2023-05-05,10,256,Miami
4909,Shoes,Clothing,364.13,2023-06-21,7,258,Chicago
4910,Bed,Furniture,481.01,2023-01-23,2,278,"Los Angeles"
4911,Bookshelf,Furniture,545.92,2023-05-04,9,478,"Los Angeles"
4912,Puzzle,Toys,292.65,2023-04-17,1,333,"New York"
4913,Bookshelf,Furniture,758.38,2023-05-23,7,29,"Los Angeles"
4914,"Action Figure",Toys,611.50,2023-05-20,1,422,"New York"
4915,Speaker,Electronics,549.12,2023-06-13,9,374,"New York"
4916,Camera,Electronics,343.08,2023-01-19,5,71,"Los Angeles"
4917,"Fiction Book",Books,799.92,2023-06-27,6,357,Miami
4918,"Science Book",Books,512.40,2023-01-06,7,476,Miami
4919,"Non-fiction Book",Books,618.28,2023-03-28,6,177,"New York"
4920,Bed,Furniture,385.17,2023-03-27,3,323,Chicago
4921,"Action Figure",Toys,24.35,2023-04-05,6,74,"New York"
4922,Laptop,Electronics,531.85,2023-01-30,3,313,Chicago
4923,"Table Lamp",Furniture,780.75,2023-01-25,4,122,"Los Angeles"
4924,Sofa,Furniture,257.59,2023-03-19,4,287,Houston
4925,Camera,Electronics,112.98,2023-01-13,1,447,"Los Angeles"
4926,Bookshelf,Furniture,659.39,2023-03-07,9,42,Miami
4927,Nightstand,Furniture,549.01,2023-01-04,5,86,Chicago
4928,Headphones,Electronics,702.20,2023-02-01,8,136,"New York"
4929,Jacket,Clothing,895.24,2023-02-17,7,202,"New York"
4930,Chair,Furniture,707.91,2023-02-07,10,490,"New York"
4931,"Fiction Book",Books,602.39,2023-04-15,1,368,"Los Angeles"
4932,"Science Book",Books,131.84,2023-02-20,10,76,Houston
4933,"Table Lamp",Furniture,531.45,2023-01-16,9,456,"New York"
4934,Dress,Clothing,916.04,2023-01-14,7,429,Chicago
4935,"History Book",Books,112.96,2023-02-01,6,100,"Los Angeles"
4936,Nightstand,Furniture,58.91,2023-03-30,3,490,"New York"
4937,Headphones,Electronics,422.83,2023-05-16,5,117,Houston
4938,"Non-fiction Book",Books,486.38,2023-04-09,3,372,Miami
4939,Tablet,Electronics,914.18,2023-05-03,7,139,"Los Angeles"
4940,Keyboard,Electronics,971.57,2023-03-21,3,70,Miami
4941,"Art Book",Books,332.97,2023-01-14,4,308,Miami
4942,Tablet,Electronics,57.56,2023-04-18,9,135,Miami
4943,"Art Book",Books,330.50,2023-06-21,8,495,Houston
4944,Sofa,Furniture,449.23,2023-04-12,5,337,Miami
4945,"History Book",Books,499.43,2023-02-26,1,198,Houston
4946,"Fiction Book",Books,462.34,2023-01-01,7,46,Chicago
4947,"Art Book",Books,954.81,2023-02-23,7,95,"New York"
4948,Doll,Toys,23.28,2023-01-05,1,79,Houston
4949,"Art Book",Books,553.42,2023-05-27,5,333,"New York"
4950,Chair,Furniture,134.11,2023-01-20,2,159,"Los Angeles"
4951,Headphones,Electronics,483.88,2023-02-06,6,98,"Los Angeles"
4952,"Board Game",Toys,122.70,2023-06-19,4,428,"Los Angeles"
4953,"Fiction Book",Books,160.07,2023-03-31,1,265,Houston
4954,T-shirt,Clothing,464.39,2023-02-02,6,490,"Los Angeles"
4955,"Remote Control Car",Toys,90.98,2023-01-02,8,420,Miami
4956,Puzzle,Toys,624.94,2023-02-09,3,207,Chicago
4957,"Action Figure",Toys,21.98,2023-05-09,5,160,"New York"
4958,"Art Book",Books,400.07,2023-03-13,8,382,Chicago
4959,Doll,Toys,761.22,2023-06-08,2,456,"Los Angeles"
4960,Sofa,Furniture,119.34,2023-05-30,9,263,"Los Angeles"
4961,Shoes,Clothing,706.80,2023-01-03,10,373,Miami
4962,"Board Game",Toys,264.08,2023-06-23,1,141,"Los Angeles"
4963,"Science Book",Books,27.64,2023-06-17,6,39,Houston
4964,Keyboard,Electronics,155.95,2023-02-25,1,243,"New York"
4965,Jacket,Clothing,884.82,2023-04-03,10,487,"New York"
4966,"Remote Control Car",Toys,930.36,2023-06-14,8,67,"Los Angeles"
4967,Bed,Furniture,379.31,2023-04-08,6,111,Chicago
4968,Bed,Furniture,405.90,2023-04-15,7,332,"Los Angeles"
4969,Chair,Furniture,596.12,2023-04-02,8,91,Houston
4970,"Board Game",Toys,350.67,2023-04-07,7,246,Chicago
4971,Jacket,Clothing,316.26,2023-02-18,4,95,Houston
4972,Smartwatch,Electronics,633.04,2023-02-18,5,212,Houston
4973,Jacket,Clothing,587.42,2023-06-13,8,60,"Los Angeles"
4974,Smartwatch,Electronics,145.81,2023-04-24,8,349,"Los Angeles"
4975,Shoes,Clothing,553.98,2023-02-08,4,172,Chicago
4976,"Science Book",Books,569.55,2023-03-14,3,148,Chicago
4977,"Action Figure",Toys,984.48,2023-03-07,9,146,Miami
4978,Dresser,Furniture,535.73,2023-05-18,3,389,"Los Angeles"
4979,Puzzle,Toys,15.38,2023-06-04,3,300,"Los Angeles"
4980,"Science Book",Books,279.54,2023-01-06,4,236,Chicago
4981,"Fiction Book",Books,293.59,2023-02-24,7,157,Houston
4982,Chair,Furniture,161.18,2023-03-01,2,442,Miami
4983,"Non-fiction Book",Books,946.33,2023-06-21,10,388,"New York"
4984,Mouse,Electronics,138.38,2023-01-21,2,207,Houston
4985,Doll,Toys,967.07,2023-06-24,10,411,"Los Angeles"
4986,"Board Game",Toys,149.35,2023-01-17,1,376,Houston
4987,T-shirt,Clothing,976.33,2023-05-01,5,26,"New York"
4988,Puzzle,Toys,17.36,2023-05-11,6,348,Houston
4989,"Fiction Book",Books,893.87,2023-06-09,8,50,"Los Angeles"
4990,Puzzle,Toys,241.14,2023-05-31,5,409,Houston
4991,"Remote Control Car",Toys,563.40,2023-01-16,8,223,"New York"
4992,"Science Book",Books,125.46,2023-02-25,2,443,Miami
4993,Monitor,Electronics,604.34,2023-01-02,3,33,Houston
4994,Speaker,Electronics,174.08,2023-01-02,6,295,"Los Angeles"
4995,Monitor,Electronics,448.32,2023-02-07,7,423,"New York"
4996,Keyboard,Electronics,578.52,2023-04-27,5,254,"New York"
4997,"Remote Control Car",Toys,930.89,2023-01-06,4,335,"Los Angeles"
4998,Dress,Clothing,746.75,2023-03-23,1,401,Miami
4999,Speaker,Electronics,242.34,2023-03-20,5,457,"Los Angeles"
5000,Dress,Clothing,871.02,2023-01-13,8,205,Miami
5001,Laptop,Electronics,243.44,2023-05-24,3,417,Chicago
5002,"Fiction Book",Books,137.14,2023-04-20,7,148,Houston
5003,Speaker,Electronics,156.17,2023-01-04,7,55,Houston
5004,"Board Game",Toys,179.41,2023-01-30,3,447,Houston
5005,Dress,Clothing,203.29,2023-03-17,5,93,Chicago
5006,"Non-fiction Book",Books,594.99,2023-06-05,6,68,"New York"
5007,"Art Book",Books,662.35,2023-06-12,6,479,"New York"
5008,Smartwatch,Electronics,329.03,2023-04-11,9,174,"Los Angeles"
5009,Shoes,Clothing,684.74,2023-05-23,9,43,Houston
5010,Jeans,Clothing,138.32,2023-05-01,10,334,Chicago
5011,"History Book",Books,405.30,2023-01-02,9,41,Miami
5012,Dress,Clothing,101.78,2023-01-03,8,365,"Los Angeles"
5013,"History Book",Books,754.34,2023-06-23,6,431,Houston
5014,"Science Book",Books,616.23,2023-03-22,4,273,Chicago
5015,Wardrobe,Furniture,430.58,2023-03-31,2,218,Houston
5016,"Fiction Book",Books,255.87,2023-06-10,7,361,Chicago
5017,"History Book",Books,880.91,2023-01-02,5,494,Houston
5018,"Fiction Book",Books,540.12,2023-03-14,4,354,"Los Angeles"
5019,"Remote Control Car",Toys,351.75,2023-06-04,3,312,"Los Angeles"
5020,Tablet,Electronics,174.45,2023-06-29,5,185,Chicago
5021,Camera,Electronics,140.20,2023-02-01,5,350,"New York"
5022,"Fiction Book",Books,603.48,2023-04-07,9,400,"Los Angeles"
5023,Dresser,Furniture,322.30,2023-04-19,1,190,Houston
5024,"History Book",Books,702.27,2023-04-29,2,474,"New York"
5025,Headphones,Electronics,509.56,2023-03-04,2,473,"New York"
5026,"Remote Control Car",Toys,758.88,2023-02-05,8,487,Houston
5027,"Non-fiction Book",Books,849.80,2023-01-09,7,172,Houston
5028,Keyboard,Electronics,96.38,2023-01-21,3,14,"Los Angeles"
5029,Dress,Clothing,77.16,2023-06-04,1,349,"Los Angeles"
5030,Jacket,Clothing,70.89,2023-01-24,5,413,Houston
5031,T-shirt,Clothing,905.70,2023-02-24,8,21,Miami
5032,Camera,Electronics,167.94,2023-02-04,5,361,"Los Angeles"
5033,"Action Figure",Toys,811.97,2023-04-26,8,439,"New York"
5034,Doll,Toys,679.85,2023-04-05,6,187,"New York"
5035,Bed,Furniture,393.66,2023-03-30,3,465,Miami
5036,"Coffee Table",Furniture,126.68,2023-03-01,3,196,"New York"
5037,Shoes,Clothing,183.34,2023-02-02,4,124,"New York"
5038,Camera,Electronics,952.66,2023-02-20,6,437,Houston
5039,Laptop,Electronics,438.88,2023-05-26,8,99,Miami
5040,Shoes,Clothing,144.52,2023-06-28,6,318,Houston
5041,Speaker,Electronics,195.28,2023-02-02,4,51,Chicago
5042,"Coffee Table",Furniture,32.20,2023-06-07,3,374,Miami
5043,Wardrobe,Furniture,266.42,2023-05-25,3,361,Miami
5044,Dress,Clothing,103.32,2023-01-08,9,172,"New York"
5045,Mouse,Electronics,550.56,2023-06-25,3,77,"New York"
5046,Monitor,Electronics,180.53,2023-06-21,3,126,Chicago
5047,Laptop,Electronics,237.61,2023-05-09,9,81,"Los Angeles"
5048,"Science Book",Books,241.68,2023-06-22,1,208,Miami
5049,Dresser,Furniture,518.63,2023-04-16,4,38,"Los Angeles"
5050,Smartphone,Electronics,654.35,2023-01-30,9,389,"Los Angeles"
5051,"Table Lamp",Furniture,817.71,2023-03-22,8,283,Chicago
5052,"Fiction Book",Books,438.25,2023-06-02,10,33,Chicago
5053,"Non-fiction Book",Books,998.73,2023-06-11,5,377,"Los Angeles"
5054,Sofa,Furniture,766.53,2023-06-19,5,114,Miami
5055,"Board Game",Toys,896.79,2023-01-07,5,166,"New York"
5056,Doll,Toys,388.30,2023-01-31,7,442,"Los Angeles"
5057,Chair,Furniture,176.54,2023-02-22,10,377,Miami
5058,"Science Book",Books,286.57,2023-01-05,3,108,"Los Angeles"
5059,"Board Game",Toys,737.74,2023-02-17,2,398,Houston
5060,"History Book",Books,348.05,2023-04-28,3,62,Miami
5061,Dress,Clothing,931.88,2023-02-13,5,191,Houston
5062,Monitor,Electronics,698.08,2023-03-07,8,271,Chicago
5063,"Board Game",Toys,65.21,2023-01-17,3,39,Chicago
5064,"Non-fiction Book",Books,952.68,2023-05-05,6,434,Chicago
5065,Dresser,Furniture,247.02,2023-03-15,4,144,Chicago
5066,"Non-fiction Book",Books,347.54,2023-05-09,6,250,Miami
5067,Mouse,Electronics,372.80,2023-03-06,7,152,Chicago
5068,T-shirt,Clothing,241.31,2023-05-10,9,84,"Los Angeles"
5069,"History Book",Books,765.09,2023-04-02,3,374,Miami
5070,"Fiction Book",Books,976.77,2023-03-11,1,451,Chicago
5071,"History Book",Books,411.49,2023-01-22,4,232,"Los Angeles"
5072,"Art Book",Books,665.10,2023-03-16,1,84,Chicago
5073,Dress,Clothing,720.86,2023-03-12,9,413,Houston
5074,Smartwatch,Electronics,569.11,2023-01-04,4,448,"Los Angeles"
5075,Doll,Toys,957.17,2023-06-10,6,155,Houston
5076,"Remote Control Car",Toys,915.17,2023-06-19,10,474,Miami
5077,T-shirt,Clothing,461.20,2023-02-21,1,164,Chicago
5078,"History Book",Books,581.27,2023-05-19,2,122,Miami
5079,"Art Book",Books,980.30,2023-03-25,4,265,Chicago
5080,"Remote Control Car",Toys,892.82,2023-05-16,1,56,"Los Angeles"
5081,"Coffee Table",Furniture,564.12,2023-04-29,7,40,Chicago
5082,T-shirt,Clothing,694.99,2023-02-19,3,284,"New York"
5083,Dresser,Furniture,48.04,2023-03-19,10,354,Chicago
5084,Jeans,Clothing,747.32,2023-05-31,10,83,"New York"
5085,"Fiction Book",Books,483.74,2023-02-04,6,7,Chicago
5086,Shoes,Clothing,207.96,2023-02-11,6,493,"Los Angeles"
5087,"Non-fiction Book",Books,336.15,2023-06-16,7,126,Chicago
5088,T-shirt,Clothing,685.45,2023-03-08,8,413,Houston
5089,Bed,Furniture,145.72,2023-03-17,7,20,"Los Angeles"
5090,"Action Figure",Toys,905.72,2023-01-11,6,322,Chicago
5091,"Fiction Book",Books,942.56,2023-04-27,5,39,"New York"
5092,"History Book",Books,797.75,2023-05-11,3,7,"Los Angeles"
5093,"Science Book",Books,300.20,2023-01-09,4,299,Miami
5094,"Board Game",Toys,300.32,2023-05-14,9,416,Houston
5095,Keyboard,Electronics,670.48,2023-01-27,8,79,Houston
5096,"Science Book",Books,535.82,2023-01-24,1,415,"New York"
5097,Shoes,Clothing,304.87,2023-01-22,7,57,Chicago
5098,Headphones,Electronics,757.49,2023-03-24,1,379,Houston
5099,Desk,Furniture,624.14,2023-06-16,8,9,Miami
5100,"Board Game",Toys,396.04,2023-04-16,8,473,Chicago
5101,"Art Book",Books,821.10,2023-01-27,3,487,"New York"
5102,Smartwatch,Electronics,870.79,2023-03-10,4,179,Miami
5103,Desk,Furniture,54.30,2023-02-14,1,295,Houston
5104,Puzzle,Toys,355.28,2023-05-24,10,89,"New York"
5105,Mouse,Electronics,52.58,2023-05-04,3,157,Houston
5106,"Science Book",Books,701.64,2023-05-09,5,70,"Los Angeles"
5107,Sofa,Furniture,338.12,2023-01-10,3,43,Houston
5108,Smartwatch,Electronics,11.49,2023-06-27,10,275,"New York"
5109,Dress,Clothing,155.84,2023-01-24,2,259,"New York"
5110,"Fiction Book",Books,956.26,2023-02-08,2,167,"New York"
5111,Shoes,Clothing,960.83,2023-02-19,5,303,Chicago
5112,Keyboard,Electronics,15.67,2023-05-29,1,466,Chicago
5113,Desk,Furniture,482.97,2023-02-17,9,288,"Los Angeles"
5114,Shoes,Clothing,229.20,2023-02-10,5,231,"New York"
5115,"History Book",Books,951.45,2023-06-03,5,227,"New York"
5116,"Board Game",Toys,90.30,2023-05-02,2,257,"Los Angeles"
5117,"Science Book",Books,693.25,2023-06-09,4,35,"Los Angeles"
5118,"Coffee Table",Furniture,646.67,2023-01-10,4,227,"Los Angeles"
5119,Headphones,Electronics,246.20,2023-01-12,6,356,Miami
5120,"Action Figure",Toys,115.81,2023-01-10,10,191,"New York"
5121,"Science Book",Books,655.96,2023-01-11,4,203,"New York"
5122,Smartwatch,Electronics,670.83,2023-03-20,2,288,"Los Angeles"
5123,"Remote Control Car",Toys,489.33,2023-05-22,5,464,"Los Angeles"
5124,Shoes,Clothing,11.48,2023-02-18,4,382,Miami
5125,Smartwatch,Electronics,279.79,2023-02-28,8,453,"Los Angeles"
5126,Wardrobe,Furniture,447.10,2023-04-25,9,157,"New York"
5127,Nightstand,Furniture,239.05,2023-02-18,7,150,Houston
5128,Bed,Furniture,411.33,2023-05-11,4,409,Miami
5129,Doll,Toys,474.64,2023-04-01,1,489,Chicago
5130,Tablet,Electronics,341.29,2023-06-10,5,228,Miami
5131,"Fiction Book",Books,787.55,2023-04-08,4,35,"Los Angeles"
5132,Jeans,Clothing,713.98,2023-06-21,7,122,"Los Angeles"
5133,Laptop,Electronics,784.25,2023-03-06,5,61,"Los Angeles"
5134,Mouse,Electronics,558.13,2023-01-18,9,405,Chicago
5135,Dress,Clothing,525.27,2023-06-07,9,215,Houston
5136,Chair,Furniture,823.15,2023-05-21,5,389,Houston
5137,"Art Book",Books,304.55,2023-05-22,1,360,Chicago
5138,Jeans,Clothing,461.76,2023-04-18,6,100,"Los Angeles"
5139,Dress,Clothing,344.02,2023-01-26,7,485,Miami
5140,Laptop,Electronics,477.28,2023-06-10,1,238,"Los Angeles"
5141,Laptop,Electronics,755.56,2023-02-27,4,367,Houston
5142,Laptop,Electronics,794.91,2023-03-25,10,112,"Los Angeles"
5143,Monitor,Electronics,633.16,2023-01-06,3,87,"New York"
5144,Camera,Electronics,16.96,2023-04-22,1,187,Houston
5145,Jeans,Clothing,439.37,2023-01-01,8,260,Chicago
5146,Puzzle,Toys,787.02,2023-06-29,7,82,Miami
5147,Headphones,Electronics,612.75,2023-05-06,7,95,Miami
5148,"Table Lamp",Furniture,810.76,2023-03-22,8,322,Miami
5149,Keyboard,Electronics,791.54,2023-04-09,4,54,Chicago
5150,Tablet,Electronics,848.07,2023-03-25,8,249,"New York"
5151,Wardrobe,Furniture,583.94,2023-02-22,7,312,"New York"
5152,Desk,Furniture,640.62,2023-01-03,2,377,"Los Angeles"
5153,Speaker,Electronics,167.45,2023-01-11,8,383,Chicago
5154,Smartwatch,Electronics,211.02,2023-01-22,10,235,Chicago
5155,"Remote Control Car",Toys,722.78,2023-01-13,2,344,Miami
5156,Dress,Clothing,26.31,2023-05-13,7,419,"Los Angeles"
5157,Bookshelf,Furniture,684.17,2023-04-03,6,40,Miami
5158,"Remote Control Car",Toys,768.63,2023-02-09,8,161,"Los Angeles"
5159,Speaker,Electronics,233.52,2023-03-18,5,441,"New York"
5160,Doll,Toys,400.28,2023-02-27,4,7,Miami
5161,Chair,Furniture,882.13,2023-05-28,5,390,Chicago
5162,Dress,Clothing,274.94,2023-05-29,3,9,"New York"
5163,"Remote Control Car",Toys,901.75,2023-05-16,1,11,Miami
5164,"Non-fiction Book",Books,10.22,2023-06-09,5,199,Houston
5165,Dress,Clothing,834.15,2023-05-04,10,271,Miami
5166,Smartwatch,Electronics,138.28,2023-04-22,7,272,Houston
5167,"History Book",Books,458.33,2023-01-11,10,192,"New York"
5168,"Non-fiction Book",Books,238.60,2023-02-16,6,50,Houston
5169,Dress,Clothing,604.76,2023-05-01,6,300,Chicago
5170,Dresser,Furniture,79.82,2023-03-21,10,273,Houston
5171,Bookshelf,Furniture,838.92,2023-01-10,8,292,Houston
5172,"Fiction Book",Books,216.53,2023-01-12,7,109,"New York"
5173,Dress,Clothing,743.03,2023-03-05,6,293,"Los Angeles"
5174,Puzzle,Toys,4.22,2023-05-04,5,30,"New York"
5175,"Board Game",Toys,167.21,2023-01-11,8,398,Chicago
5176,T-shirt,Clothing,457.88,2023-02-07,7,375,Houston
5177,"Table Lamp",Furniture,754.33,2023-01-19,3,484,"New York"
5178,Shoes,Clothing,613.70,2023-01-21,8,135,"New York"
5179,Speaker,Electronics,249.14,2023-04-07,10,56,Houston
5180,Desk,Furniture,710.08,2023-02-20,3,243,Houston
5181,"Science Book",Books,897.77,2023-05-05,8,402,Houston
5182,"Remote Control Car",Toys,767.55,2023-06-26,6,4,"Los Angeles"
5183,Wardrobe,Furniture,456.66,2023-04-17,6,76,"New York"
5184,Shoes,Clothing,376.78,2023-03-21,1,15,Miami
5185,"Fiction Book",Books,135.18,2023-01-21,2,249,Miami
5186,T-shirt,Clothing,133.53,2023-03-26,10,140,Chicago
5187,Headphones,Electronics,370.11,2023-04-28,2,376,"Los Angeles"
5188,T-shirt,Clothing,928.72,2023-04-11,1,180,Houston
5189,Puzzle,Toys,176.00,2023-05-09,1,34,"Los Angeles"
5190,Puzzle,Toys,490.71,2023-04-25,8,299,Miami
5191,"Science Book",Books,883.13,2023-05-11,10,342,Chicago
5192,Shoes,Clothing,646.53,2023-05-27,2,78,Chicago
5193,"Fiction Book",Books,82.32,2023-03-10,7,57,Houston
5194,"History Book",Books,799.54,2023-04-20,7,206,"New York"
5195,Sofa,Furniture,406.75,2023-02-08,9,276,"Los Angeles"
5196,T-shirt,Clothing,760.49,2023-04-06,4,134,"Los Angeles"
5197,Wardrobe,Furniture,507.66,2023-06-07,9,297,Chicago
5198,Jacket,Clothing,560.91,2023-04-04,10,8,"Los Angeles"
5199,"Fiction Book",Books,407.76,2023-06-12,3,350,Houston
5200,Speaker,Electronics,160.80,2023-06-26,5,76,Chicago
5201,Headphones,Electronics,758.72,2023-03-19,9,62,Miami
5202,Jeans,Clothing,191.02,2023-01-10,8,172,Houston
5203,Tablet,Electronics,387.12,2023-01-11,2,238,Miami
5204,Jacket,Clothing,462.34,2023-04-03,2,157,"New York"
5205,"Table Lamp",Furniture,564.44,2023-02-20,8,341,"Los Angeles"
5206,Jeans,Clothing,0.42,2023-02-11,2,44,Miami
5207,Shoes,Clothing,981.59,2023-01-18,6,231,Houston
5208,"Board Game",Toys,457.03,2023-01-07,9,483,"Los Angeles"
5209,Speaker,Electronics,577.08,2023-01-21,9,422,Houston
5210,Speaker,Electronics,580.41,2023-01-25,10,157,Houston
5211,"Science Book",Books,929.45,2023-03-11,2,284,"Los Angeles"
5212,Sofa,Furniture,274.90,2023-05-07,7,144,Chicago
5213,Mouse,Electronics,376.68,2023-02-01,8,119,Miami
5214,Puzzle,Toys,64.58,2023-01-10,1,124,Miami
5215,Smartphone,Electronics,546.49,2023-04-27,6,22,Chicago
5216,Headphones,Electronics,664.85,2023-01-22,7,333,Chicago
5217,Jeans,Clothing,554.25,2023-01-08,6,287,"Los Angeles"
5218,Shoes,Clothing,737.42,2023-01-20,4,152,Chicago
5219,"Non-fiction Book",Books,986.56,2023-01-27,8,226,Miami
5220,Bed,Furniture,366.23,2023-04-17,9,271,"New York"
5221,"Board Game",Toys,341.88,2023-03-10,9,100,"Los Angeles"
5222,Dresser,Furniture,219.15,2023-01-19,9,461,"New York"
5223,"Art Book",Books,193.71,2023-04-12,3,252,Miami
5224,T-shirt,Clothing,940.87,2023-03-21,4,306,Miami
5225,"Science Book",Books,826.33,2023-03-26,9,444,Miami
5226,"History Book",Books,227.12,2023-02-13,6,468,"New York"
5227,Jacket,Clothing,376.52,2023-01-07,1,60,Chicago
5228,Doll,Toys,48.08,2023-01-18,4,182,Miami
5229,Smartwatch,Electronics,301.10,2023-03-26,5,431,Miami
5230,Headphones,Electronics,317.14,2023-03-13,1,21,"New York"
5231,Smartwatch,Electronics,946.98,2023-04-28,5,79,Chicago
5232,Smartphone,Electronics,826.68,2023-01-05,7,73,Houston
5233,Jeans,Clothing,542.89,2023-01-11,7,49,Chicago
5234,Chair,Furniture,786.72,2023-03-19,8,329,Miami
5235,"Non-fiction Book",Books,71.59,2023-02-02,7,431,"Los Angeles"
5236,"Art Book",Books,300.84,2023-05-23,1,469,Chicago
5237,"History Book",Books,991.37,2023-04-16,10,6,"New York"
5238,"Action Figure",Toys,467.96,2023-02-05,6,141,Houston
5239,Shoes,Clothing,648.33,2023-04-17,1,165,Chicago
5240,Puzzle,Toys,184.78,2023-04-17,4,95,Houston
5241,Desk,Furniture,517.71,2023-03-11,4,344,"Los Angeles"
5242,Shoes,Clothing,943.13,2023-06-11,7,285,Miami
5243,"Fiction Book",Books,901.97,2023-03-21,5,81,"Los Angeles"
5244,Smartwatch,Electronics,674.77,2023-04-13,9,177,"Los Angeles"
5245,Shoes,Clothing,34.86,2023-02-22,4,449,Chicago
5246,Shoes,Clothing,11.86,2023-03-29,4,256,"Los Angeles"
5247,Bed,Furniture,515.50,2023-01-17,10,120,Chicago
5248,"Fiction Book",Books,678.74,2023-06-07,4,52,Chicago
5249,Speaker,Electronics,686.40,2023-03-25,3,484,"New York"
5250,Camera,Electronics,754.93,2023-02-04,8,470,Chicago
5251,Headphones,Electronics,296.91,2023-03-03,9,25,Miami
5252,"Remote Control Car",Toys,16.43,2023-02-26,6,320,Houston
5253,Dresser,Furniture,340.83,2023-05-11,6,394,"New York"
5254,Jacket,Clothing,524.37,2023-02-22,9,275,"New York"
5255,Puzzle,Toys,438.46,2023-06-06,1,305,Miami
5256,"Art Book",Books,458.96,2023-03-31,2,39,"New York"
5257,Puzzle,Toys,958.26,2023-03-22,4,255,Chicago
5258,"Art Book",Books,446.77,2023-04-23,8,36,Miami
5259,"History Book",Books,273.16,2023-02-20,6,66,Miami
5260,"Action Figure",Toys,522.05,2023-03-17,6,211,Chicago
5261,"Table Lamp",Furniture,63.92,2023-05-10,4,406,Miami
5262,"Action Figure",Toys,714.56,2023-02-12,1,259,Chicago
5263,"Fiction Book",Books,395.07,2023-05-07,4,258,Houston
5264,Dress,Clothing,532.51,2023-06-07,8,119,Miami
5265,"History Book",Books,292.87,2023-04-02,7,422,"New York"
5266,Dress,Clothing,337.17,2023-01-24,7,435,"Los Angeles"
5267,Bookshelf,Furniture,851.48,2023-02-07,5,423,Houston
5268,Mouse,Electronics,274.30,2023-05-13,9,26,Houston
5269,"Coffee Table",Furniture,450.72,2023-01-24,3,30,Chicago
5270,"Board Game",Toys,20.65,2023-03-01,7,8,"Los Angeles"
5271,"Table Lamp",Furniture,45.83,2023-04-03,5,284,Chicago
5272,Laptop,Electronics,281.97,2023-06-15,8,1,Houston
5273,"Science Book",Books,2.74,2023-05-04,5,14,Miami
5274,Desk,Furniture,104.90,2023-03-24,10,283,Miami
5275,"Science Book",Books,409.35,2023-05-09,4,256,Chicago
5276,"Coffee Table",Furniture,882.21,2023-01-30,2,180,"Los Angeles"
5277,Nightstand,Furniture,629.49,2023-02-27,8,292,Houston
5278,"Coffee Table",Furniture,932.41,2023-04-02,8,72,Chicago
5279,Tablet,Electronics,794.37,2023-02-06,7,280,Miami
5280,"Non-fiction Book",Books,116.69,2023-05-03,1,84,Houston
5281,Tablet,Electronics,963.11,2023-01-18,7,360,Houston
5282,"Science Book",Books,392.04,2023-02-26,5,43,"Los Angeles"
5283,"Fiction Book",Books,459.86,2023-06-07,1,194,Miami
5284,Dress,Clothing,64.26,2023-06-07,2,129,Houston
5285,Camera,Electronics,959.73,2023-03-13,2,172,"Los Angeles"
5286,"Board Game",Toys,824.21,2023-04-06,2,145,Miami
5287,"Art Book",Books,133.75,2023-01-16,1,458,Chicago
5288,"History Book",Books,432.52,2023-02-05,7,424,"New York"
5289,Chair,Furniture,532.90,2023-03-07,3,479,"New York"
5290,"Action Figure",Toys,859.71,2023-06-17,1,260,Chicago
5291,Jeans,Clothing,880.93,2023-04-13,3,180,"New York"
5292,"Art Book",Books,514.07,2023-06-03,8,48,"Los Angeles"
5293,Smartwatch,Electronics,51.02,2023-02-13,1,307,Miami
5294,Jacket,Clothing,728.15,2023-05-29,10,96,"New York"
5295,Dresser,Furniture,684.92,2023-03-13,10,218,"Los Angeles"
5296,"Non-fiction Book",Books,253.71,2023-03-26,6,259,Miami
5297,"Science Book",Books,750.30,2023-02-09,9,304,Chicago
5298,Jeans,Clothing,117.26,2023-04-03,3,264,Miami
5299,Nightstand,Furniture,789.26,2023-06-22,5,132,"New York"
5300,Dresser,Furniture,381.27,2023-05-31,1,367,Chicago
5301,Bookshelf,Furniture,552.12,2023-05-16,2,133,"New York"
5302,Bookshelf,Furniture,757.56,2023-06-02,10,123,"Los Angeles"
5303,Laptop,Electronics,608.11,2023-04-18,2,25,Houston
5304,Dress,Clothing,774.96,2023-03-21,9,53,Miami
5305,Mouse,Electronics,443.33,2023-05-09,3,25,Chicago
5306,Shoes,Clothing,307.67,2023-04-24,3,123,Chicago
5307,Doll,Toys,388.36,2023-01-27,6,211,"Los Angeles"
5308,"Non-fiction Book",Books,270.44,2023-04-10,10,44,Chicago
5309,"History Book",Books,20.84,2023-02-20,4,416,"New York"
5310,Wardrobe,Furniture,499.32,2023-06-16,2,442,"New York"
5311,T-shirt,Clothing,497.82,2023-06-28,5,160,"Los Angeles"
5312,Smartphone,Electronics,992.42,2023-05-06,5,205,Chicago
5313,Shoes,Clothing,181.17,2023-01-12,8,330,Miami
5314,"Remote Control Car",Toys,424.91,2023-04-06,4,146,"Los Angeles"
5315,"Art Book",Books,885.55,2023-06-15,10,1,"New York"
5316,"Fiction Book",Books,569.77,2023-03-17,4,357,"Los Angeles"
5317,"History Book",Books,984.76,2023-06-24,9,270,"New York"
5318,Dress,Clothing,816.56,2023-05-02,10,330,Chicago
5319,Jacket,Clothing,422.83,2023-06-06,1,380,Chicago
5320,Jeans,Clothing,537.16,2023-06-09,9,228,Miami
5321,"Art Book",Books,310.64,2023-06-28,1,83,Houston
5322,Headphones,Electronics,170.59,2023-04-19,6,376,"Los Angeles"
5323,"Board Game",Toys,641.30,2023-06-23,9,288,"New York"
5324,Dresser,Furniture,514.15,2023-04-22,6,447,Miami
5325,"Table Lamp",Furniture,342.80,2023-02-07,1,237,"Los Angeles"
5326,Smartwatch,Electronics,835.03,2023-02-19,9,268,"New York"
5327,"Fiction Book",Books,887.54,2023-06-12,9,273,"New York"
5328,"Table Lamp",Furniture,189.63,2023-02-14,7,297,Miami
5329,Monitor,Electronics,714.10,2023-03-21,1,5,Miami
5330,Bed,Furniture,835.90,2023-05-08,1,1,Miami
5331,"Science Book",Books,409.90,2023-04-23,10,328,Chicago
5332,"Non-fiction Book",Books,151.35,2023-06-01,8,114,Miami
5333,"Fiction Book",Books,215.17,2023-05-24,4,140,"Los Angeles"
5334,Mouse,Electronics,192.72,2023-03-12,4,364,Chicago
5335,Wardrobe,Furniture,627.72,2023-03-27,5,494,Chicago
5336,Shoes,Clothing,432.05,2023-02-09,8,168,"Los Angeles"
5337,Chair,Furniture,394.42,2023-04-25,10,14,"New York"
5338,"Science Book",Books,867.60,2023-06-27,4,346,Chicago
5339,Wardrobe,Furniture,320.12,2023-02-02,10,69,Miami
5340,Doll,Toys,424.82,2023-02-24,3,137,Houston
5341,Dress,Clothing,629.62,2023-06-13,7,278,Miami
5342,Bookshelf,Furniture,687.74,2023-03-12,10,171,Miami
5343,Puzzle,Toys,836.52,2023-06-27,5,52,"Los Angeles"
5344,Smartwatch,Electronics,146.19,2023-04-27,8,14,Houston
5345,"Non-fiction Book",Books,197.16,2023-02-04,4,152,"Los Angeles"
5346,Speaker,Electronics,824.54,2023-02-01,5,242,"Los Angeles"
5347,Jeans,Clothing,890.48,2023-03-23,6,316,"Los Angeles"
5348,Doll,Toys,251.03,2023-01-19,8,231,"New York"
5349,"Action Figure",Toys,781.80,2023-05-12,4,179,Miami
5350,"Table Lamp",Furniture,968.78,2023-02-17,5,157,"Los Angeles"
5351,Shoes,Clothing,812.46,2023-03-08,5,451,"Los Angeles"
5352,"Action Figure",Toys,466.30,2023-05-20,5,36,Miami
5353,Chair,Furniture,571.72,2023-03-19,5,463,"Los Angeles"
5354,"History Book",Books,91.67,2023-04-06,4,159,Chicago
5355,Wardrobe,Furniture,723.89,2023-06-21,6,38,Houston
5356,Doll,Toys,384.32,2023-05-19,7,92,Miami
5357,Jeans,Clothing,599.64,2023-02-18,6,450,Miami
5358,"History Book",Books,538.14,2023-04-13,3,252,Houston
5359,Jacket,Clothing,451.54,2023-01-06,8,450,"New York"
5360,Puzzle,Toys,305.34,2023-02-21,6,342,Miami
5361,Dress,Clothing,853.65,2023-06-29,5,74,Chicago
5362,Puzzle,Toys,27.34,2023-01-12,3,25,Chicago
5363,Chair,Furniture,712.57,2023-01-28,7,337,Chicago
5364,Jacket,Clothing,19.36,2023-01-22,6,169,"New York"
5365,Bed,Furniture,147.55,2023-03-25,9,496,"Los Angeles"
5366,"Non-fiction Book",Books,424.66,2023-02-23,3,108,Chicago
5367,"Coffee Table",Furniture,542.11,2023-03-27,8,179,Chicago
5368,T-shirt,Clothing,476.07,2023-03-09,5,65,"Los Angeles"
5369,Mouse,Electronics,416.79,2023-03-29,2,195,Chicago
5370,Camera,Electronics,220.85,2023-04-01,9,381,"Los Angeles"
5371,"Remote Control Car",Toys,846.14,2023-03-22,7,66,Chicago
5372,Jacket,Clothing,938.83,2023-04-30,6,292,"Los Angeles"
5373,Monitor,Electronics,278.96,2023-03-28,6,218,Chicago
5374,Doll,Toys,698.70,2023-04-19,10,419,"Los Angeles"
5375,T-shirt,Clothing,982.16,2023-05-09,7,1,"New York"
5376,Dress,Clothing,920.82,2023-01-03,4,276,Houston
5377,Sofa,Furniture,77.16,2023-05-19,7,368,Miami
5378,Smartwatch,Electronics,132.20,2023-05-09,2,337,Miami
5379,Sofa,Furniture,82.80,2023-05-04,2,450,Miami
5380,Puzzle,Toys,784.72,2023-06-03,10,9,"Los Angeles"
5381,"Fiction Book",Books,662.41,2023-06-29,10,488,Miami
5382,T-shirt,Clothing,975.36,2023-03-27,5,387,Chicago
5383,Dress,Clothing,534.78,2023-06-20,2,415,Houston
5384,Nightstand,Furniture,2.43,2023-02-03,10,42,Houston
5385,"Board Game",Toys,897.39,2023-06-25,2,467,"New York"
5386,Doll,Toys,881.61,2023-03-04,1,217,Miami
5387,Camera,Electronics,876.21,2023-06-09,9,190,Chicago
5388,Dresser,Furniture,776.94,2023-05-28,8,210,Houston
5389,Dress,Clothing,162.56,2023-01-15,10,151,Houston
5390,Smartwatch,Electronics,397.98,2023-06-19,6,368,"New York"
5391,Shoes,Clothing,454.25,2023-03-03,4,337,"Los Angeles"
5392,"History Book",Books,928.20,2023-05-17,1,384,Miami
5393,"Non-fiction Book",Books,27.14,2023-03-14,10,200,"Los Angeles"
5394,"Action Figure",Toys,11.51,2023-03-29,5,285,Houston
5395,Jeans,Clothing,951.05,2023-01-04,3,82,"New York"
5396,Doll,Toys,179.48,2023-05-10,1,48,"Los Angeles"
5397,"Coffee Table",Furniture,784.30,2023-04-22,8,458,"Los Angeles"
5398,"Fiction Book",Books,684.27,2023-03-13,10,242,Houston
5399,T-shirt,Clothing,834.57,2023-05-27,6,187,"New York"
5400,"Non-fiction Book",Books,326.41,2023-04-27,3,147,Houston
5401,"Science Book",Books,525.28,2023-06-24,3,235,Chicago
5402,Tablet,Electronics,910.29,2023-05-08,9,475,"Los Angeles"
5403,"Non-fiction Book",Books,815.69,2023-01-04,7,84,Miami
5404,Monitor,Electronics,635.20,2023-02-02,1,237,"Los Angeles"
5405,Dresser,Furniture,126.42,2023-05-16,4,326,"New York"
5406,"History Book",Books,609.63,2023-06-29,2,381,"Los Angeles"
5407,Jeans,Clothing,488.17,2023-02-17,9,240,Miami
5408,"Fiction Book",Books,293.06,2023-02-06,2,16,Houston
5409,"Science Book",Books,278.94,2023-06-02,5,244,"Los Angeles"
5410,"Science Book",Books,469.27,2023-06-19,3,338,Chicago
5411,Sofa,Furniture,355.00,2023-06-21,8,326,"New York"
5412,"Science Book",Books,911.04,2023-02-07,4,476,Miami
5413,Keyboard,Electronics,622.45,2023-05-31,4,50,Chicago
5414,Desk,Furniture,484.56,2023-01-24,2,277,"Los Angeles"
5415,Chair,Furniture,696.88,2023-01-07,1,149,"Los Angeles"
5416,Nightstand,Furniture,627.51,2023-03-07,10,302,"New York"
5417,Monitor,Electronics,99.34,2023-04-01,3,285,"New York"
5418,"Coffee Table",Furniture,985.69,2023-04-28,4,303,"New York"
5419,"History Book",Books,974.40,2023-04-20,2,357,"Los Angeles"
5420,Headphones,Electronics,372.68,2023-05-01,3,78,"New York"
5421,Doll,Toys,105.97,2023-03-15,8,192,Houston
5422,"Art Book",Books,322.11,2023-01-19,6,203,Chicago
5423,"History Book",Books,449.38,2023-06-20,4,43,"Los Angeles"
5424,Smartwatch,Electronics,852.97,2023-03-14,5,6,Houston
5425,"Art Book",Books,681.76,2023-05-03,4,401,Miami
5426,Smartwatch,Electronics,962.51,2023-06-16,8,451,"Los Angeles"
5427,"Action Figure",Toys,380.94,2023-03-15,9,130,Houston
5428,Bed,Furniture,495.84,2023-01-23,2,148,"New York"
5429,Jeans,Clothing,821.59,2023-02-27,2,322,Miami
5430,Sofa,Furniture,162.32,2023-01-11,8,398,Chicago
5431,"Non-fiction Book",Books,402.65,2023-02-19,2,21,Houston
5432,Bed,Furniture,230.91,2023-06-09,8,7,Miami
5433,Wardrobe,Furniture,310.45,2023-01-10,4,239,Chicago
5434,Jacket,Clothing,819.34,2023-06-21,4,339,Chicago
5435,Desk,Furniture,228.23,2023-01-19,9,393,Chicago
5436,Smartwatch,Electronics,29.17,2023-02-27,6,299,Chicago
5437,Shoes,Clothing,395.92,2023-01-21,4,257,Chicago
5438,"Science Book",Books,852.01,2023-06-25,4,360,Houston
5439,"Board Game",Toys,191.16,2023-02-17,8,449,"Los Angeles"
5440,"History Book",Books,187.84,2023-06-24,3,257,Houston
5441,Smartphone,Electronics,918.65,2023-04-17,2,111,Chicago
5442,"Remote Control Car",Toys,839.99,2023-04-01,10,216,"New York"
5443,"History Book",Books,766.64,2023-04-14,6,84,"New York"
5444,"Board Game",Toys,19.84,2023-03-01,7,18,"Los Angeles"
5445,"Fiction Book",Books,22.70,2023-04-06,6,180,"New York"
5446,Smartphone,Electronics,329.38,2023-03-13,10,391,Miami
5447,"Table Lamp",Furniture,979.69,2023-02-12,3,254,Miami
5448,T-shirt,Clothing,3.51,2023-05-08,6,275,"New York"
5449,Camera,Electronics,254.71,2023-04-20,3,264,Miami
5450,Jeans,Clothing,66.36,2023-02-18,2,442,"New York"
5451,"Coffee Table",Furniture,852.55,2023-06-13,10,91,Miami
5452,Bed,Furniture,652.02,2023-05-19,9,60,Miami
5453,Nightstand,Furniture,792.99,2023-01-07,9,474,"Los Angeles"
5454,"Non-fiction Book",Books,557.05,2023-06-13,9,302,Chicago
5455,Chair,Furniture,75.41,2023-05-26,9,352,"New York"
5456,Laptop,Electronics,777.49,2023-02-26,3,150,Houston
5457,"Action Figure",Toys,465.77,2023-02-27,2,4,Chicago
5458,Desk,Furniture,443.42,2023-01-06,9,489,Chicago
5459,Chair,Furniture,819.56,2023-05-02,10,277,"New York"
5460,T-shirt,Clothing,314.95,2023-02-06,1,340,"Los Angeles"
5461,Headphones,Electronics,462.58,2023-01-16,1,489,Houston
5462,"History Book",Books,812.52,2023-02-04,6,18,Houston
5463,"Remote Control Car",Toys,334.97,2023-02-06,1,212,"New York"
5464,Wardrobe,Furniture,409.16,2023-04-19,8,39,"New York"
5465,Laptop,Electronics,548.92,2023-02-23,9,153,"New York"
5466,Mouse,Electronics,327.75,2023-01-09,3,51,Houston
5467,Jeans,Clothing,846.29,2023-03-13,5,42,"New York"
5468,"Remote Control Car",Toys,143.96,2023-02-13,8,98,Houston
5469,Jacket,Clothing,969.97,2023-05-15,9,439,Miami
5470,"Action Figure",Toys,284.82,2023-03-01,8,499,Chicago
5471,"Action Figure",Toys,546.20,2023-03-22,7,338,Chicago
5472,Doll,Toys,129.16,2023-05-11,3,33,Chicago
5473,"History Book",Books,169.39,2023-06-18,2,46,Miami
5474,"Coffee Table",Furniture,765.74,2023-04-26,10,297,"Los Angeles"
5475,Jacket,Clothing,5.08,2023-06-18,7,281,Houston
5476,"Coffee Table",Furniture,909.93,2023-03-19,5,395,Houston
5477,Smartwatch,Electronics,673.56,2023-04-01,5,449,"New York"
5478,Jacket,Clothing,485.45,2023-04-07,3,246,Houston
5479,T-shirt,Clothing,162.05,2023-03-15,6,248,Miami
5480,"Non-fiction Book",Books,24.87,2023-03-02,7,24,"Los Angeles"
5481,"Action Figure",Toys,696.07,2023-03-02,6,477,Miami
5482,Keyboard,Electronics,873.31,2023-01-19,10,111,"Los Angeles"
5483,Desk,Furniture,472.35,2023-02-16,9,278,"New York"
5484,Dresser,Furniture,465.96,2023-03-18,8,211,Miami
5485,Smartphone,Electronics,899.47,2023-02-24,9,91,Chicago
5486,"Non-fiction Book",Books,899.70,2023-06-07,7,399,Miami
5487,Bookshelf,Furniture,274.90,2023-02-04,2,17,Miami
5488,Doll,Toys,555.50,2023-06-21,1,310,Miami
5489,Keyboard,Electronics,803.14,2023-04-21,7,239,"Los Angeles"
5490,Dress,Clothing,720.72,2023-02-10,10,44,Chicago
5491,"Science Book",Books,741.68,2023-01-14,2,278,"Los Angeles"
5492,Doll,Toys,263.79,2023-02-09,4,447,Chicago
5493,Doll,Toys,737.56,2023-04-30,2,299,Houston
5494,Wardrobe,Furniture,197.94,2023-03-22,7,448,Chicago
5495,Doll,Toys,610.68,2023-01-22,8,219,Miami
5496,"Table Lamp",Furniture,802.02,2023-03-28,10,264,Houston
5497,"Science Book",Books,534.47,2023-01-17,9,22,Houston
5498,"Remote Control Car",Toys,818.45,2023-02-19,10,411,"Los Angeles"
5499,Smartwatch,Electronics,875.17,2023-03-20,6,228,Houston
5500,"History Book",Books,589.75,2023-05-06,8,263,Chicago
5501,"Fiction Book",Books,133.36,2023-04-13,5,260,"Los Angeles"
5502,"Art Book",Books,684.78,2023-03-23,3,339,Houston
5503,Puzzle,Toys,202.69,2023-06-01,7,244,Houston
5504,"Science Book",Books,752.48,2023-01-12,1,79,Chicago
5505,Jeans,Clothing,185.55,2023-01-18,10,167,Miami
5506,Jacket,Clothing,825.75,2023-02-05,6,478,"Los Angeles"
5507,Desk,Furniture,362.53,2023-04-07,6,179,"New York"
5508,Puzzle,Toys,92.84,2023-01-14,1,118,Miami
5509,Doll,Toys,257.31,2023-02-19,7,100,"New York"
5510,Nightstand,Furniture,715.82,2023-05-30,10,245,Chicago
5511,"Remote Control Car",Toys,743.91,2023-01-26,5,494,Chicago
5512,Shoes,Clothing,15.57,2023-03-18,1,63,"Los Angeles"
5513,Dress,Clothing,145.40,2023-01-13,9,147,Houston
5514,"Board Game",Toys,991.33,2023-02-05,1,225,"Los Angeles"
5515,"Fiction Book",Books,152.67,2023-04-06,2,162,"New York"
5516,"Coffee Table",Furniture,645.68,2023-06-16,7,332,"Los Angeles"
5517,Dresser,Furniture,398.11,2023-01-08,1,487,Miami
5518,Laptop,Electronics,292.93,2023-01-17,6,341,Houston
5519,Smartwatch,Electronics,871.25,2023-03-21,7,342,Houston
5520,"Action Figure",Toys,763.78,2023-03-08,6,328,Houston
5521,Headphones,Electronics,532.54,2023-02-26,10,451,Houston
5522,Dresser,Furniture,550.94,2023-05-04,8,437,"New York"
5523,Shoes,Clothing,781.56,2023-06-14,3,202,"Los Angeles"
5524,T-shirt,Clothing,637.45,2023-04-22,2,54,Miami
5525,Jeans,Clothing,175.55,2023-01-01,5,206,Houston
5526,"Fiction Book",Books,432.67,2023-05-01,1,125,"New York"
5527,"Non-fiction Book",Books,162.01,2023-01-08,8,257,"Los Angeles"
5528,"Coffee Table",Furniture,395.43,2023-06-07,2,162,"New York"
5529,Chair,Furniture,942.16,2023-02-21,7,84,"New York"
5530,"Art Book",Books,947.46,2023-06-09,6,116,Chicago
5531,Shoes,Clothing,977.34,2023-03-02,8,384,Chicago
5532,Shoes,Clothing,108.59,2023-05-12,4,213,"New York"
5533,T-shirt,Clothing,676.49,2023-02-19,4,471,Houston
5534,T-shirt,Clothing,154.67,2023-04-11,4,475,Houston
5535,Headphones,Electronics,863.88,2023-06-23,3,106,"Los Angeles"
5536,"Table Lamp",Furniture,914.10,2023-05-20,2,182,Chicago
5537,Doll,Toys,149.44,2023-04-20,6,60,Miami
5538,"Board Game",Toys,341.88,2023-01-08,2,413,Chicago
5539,Wardrobe,Furniture,215.30,2023-04-21,5,122,Miami
5540,Smartwatch,Electronics,957.10,2023-05-26,2,208,Chicago
5541,"Non-fiction Book",Books,744.74,2023-05-23,8,103,Miami
5542,"Non-fiction Book",Books,29.11,2023-02-27,6,293,"Los Angeles"
5543,Nightstand,Furniture,195.85,2023-01-08,7,466,Miami
5544,Sofa,Furniture,0.87,2023-03-13,10,386,Miami
5545,Headphones,Electronics,318.92,2023-03-29,5,428,Miami
5546,Puzzle,Toys,178.44,2023-04-16,4,117,Miami
5547,Camera,Electronics,789.48,2023-03-13,7,479,Miami
5548,Jeans,Clothing,470.11,2023-04-22,7,278,Houston
5549,Puzzle,Toys,710.78,2023-03-05,7,75,Miami
5550,"History Book",Books,854.90,2023-01-02,5,153,"New York"
5551,"Non-fiction Book",Books,472.07,2023-03-01,3,90,"New York"
5552,Dress,Clothing,276.43,2023-06-06,6,495,"Los Angeles"
5553,Puzzle,Toys,630.46,2023-01-04,2,468,"New York"
5554,"Art Book",Books,247.09,2023-05-21,2,249,Miami
5555,Desk,Furniture,85.44,2023-02-16,1,222,"New York"
5556,Laptop,Electronics,606.83,2023-04-04,8,154,"Los Angeles"
5557,Tablet,Electronics,538.72,2023-01-11,7,89,Miami
5558,Puzzle,Toys,612.01,2023-01-29,10,142,Chicago
5559,"Action Figure",Toys,890.22,2023-06-24,2,492,"Los Angeles"
5560,"Board Game",Toys,39.45,2023-03-28,3,478,Miami
5561,Doll,Toys,279.90,2023-02-28,8,2,Houston
5562,Headphones,Electronics,347.29,2023-04-01,5,423,Miami
5563,Jeans,Clothing,660.44,2023-04-06,7,411,"New York"
5564,"Art Book",Books,676.04,2023-06-20,8,355,Chicago
5565,"Board Game",Toys,853.27,2023-04-23,6,488,"New York"
5566,"Remote Control Car",Toys,977.07,2023-01-21,7,410,"New York"
5567,T-shirt,Clothing,883.56,2023-01-21,10,156,Houston
5568,"Action Figure",Toys,711.46,2023-03-07,7,189,Miami
5569,"Remote Control Car",Toys,208.67,2023-01-27,1,33,"New York"
5570,"Board Game",Toys,772.06,2023-03-05,5,97,Houston
5571,Jacket,Clothing,714.72,2023-04-27,2,277,Chicago
5572,"Art Book",Books,935.69,2023-05-05,7,108,"New York"
5573,"Remote Control Car",Toys,936.87,2023-01-04,3,184,Miami
5574,"Fiction Book",Books,881.55,2023-02-13,6,33,Houston
5575,Keyboard,Electronics,828.21,2023-06-13,1,300,Houston
5576,Mouse,Electronics,187.51,2023-02-21,9,242,Miami
5577,Dress,Clothing,804.61,2023-03-29,1,296,Miami
5578,"Board Game",Toys,860.69,2023-06-03,7,450,Chicago
5579,"Coffee Table",Furniture,357.23,2023-04-30,3,147,Houston
5580,Jacket,Clothing,971.54,2023-05-01,5,89,Chicago
5581,Nightstand,Furniture,543.85,2023-01-03,5,52,"Los Angeles"
5582,"Board Game",Toys,963.63,2023-03-02,8,461,"Los Angeles"
5583,Jacket,Clothing,600.44,2023-02-06,3,202,Chicago
5584,"Action Figure",Toys,644.70,2023-01-18,6,210,Chicago
5585,Laptop,Electronics,477.68,2023-06-09,1,188,Miami
5586,Laptop,Electronics,208.13,2023-05-01,8,319,Miami
5587,Tablet,Electronics,234.59,2023-03-03,1,494,Miami
5588,"History Book",Books,290.50,2023-03-19,3,48,Houston
5589,Puzzle,Toys,23.58,2023-05-26,10,232,"Los Angeles"
5590,Dress,Clothing,539.40,2023-03-23,7,446,Chicago
5591,Puzzle,Toys,812.74,2023-01-14,10,250,Houston
5592,"Art Book",Books,256.65,2023-04-06,9,436,Houston
5593,"History Book",Books,353.37,2023-04-20,10,67,Houston
5594,Laptop,Electronics,485.52,2023-01-13,10,145,Houston
5595,"Remote Control Car",Toys,308.56,2023-04-28,4,347,Chicago
5596,Desk,Furniture,466.21,2023-01-21,2,229,Miami
5597,"Fiction Book",Books,979.73,2023-06-06,5,223,Miami
5598,"Fiction Book",Books,16.35,2023-04-06,7,237,Chicago
5599,Bed,Furniture,686.59,2023-01-09,2,365,"New York"
5600,Jacket,Clothing,571.01,2023-04-08,10,182,Miami
5601,Mouse,Electronics,912.72,2023-05-24,3,448,Houston
5602,"Art Book",Books,6.70,2023-03-14,10,388,Miami
5603,Camera,Electronics,747.20,2023-02-28,4,468,Chicago
5604,Puzzle,Toys,551.27,2023-06-14,10,410,"Los Angeles"
5605,Dresser,Furniture,314.46,2023-04-09,9,190,Chicago
5606,Nightstand,Furniture,693.03,2023-05-18,8,218,Miami
5607,Chair,Furniture,549.89,2023-02-26,10,305,"Los Angeles"
5608,"Art Book",Books,118.69,2023-06-19,4,439,"Los Angeles"
5609,Nightstand,Furniture,278.76,2023-03-19,4,151,Chicago
5610,"Board Game",Toys,51.90,2023-05-13,6,204,Chicago
5611,Laptop,Electronics,348.59,2023-03-03,7,164,Houston
5612,Camera,Electronics,622.57,2023-05-06,7,483,Miami
5613,Keyboard,Electronics,24.84,2023-05-15,7,27,"Los Angeles"
5614,Bed,Furniture,648.41,2023-05-19,9,88,"New York"
5615,Dress,Clothing,533.50,2023-06-26,3,263,Houston
5616,Mouse,Electronics,136.41,2023-01-24,3,407,"Los Angeles"
5617,Bookshelf,Furniture,34.12,2023-01-08,2,217,Miami
5618,Puzzle,Toys,314.26,2023-02-14,3,353,Houston
5619,Speaker,Electronics,125.94,2023-05-29,8,132,"New York"
5620,Jacket,Clothing,478.11,2023-03-27,10,154,Houston
5621,Dress,Clothing,353.05,2023-06-29,10,305,"Los Angeles"
5622,"Non-fiction Book",Books,451.60,2023-03-24,10,126,Chicago
5623,"Art Book",Books,724.14,2023-05-16,7,380,Miami
5624,"Non-fiction Book",Books,135.14,2023-01-11,9,154,Miami
5625,Wardrobe,Furniture,375.25,2023-03-07,7,202,Miami
5626,Chair,Furniture,534.01,2023-02-18,8,476,Chicago
5627,"History Book",Books,501.33,2023-03-25,9,334,Miami
5628,Shoes,Clothing,889.88,2023-05-20,3,379,"New York"
5629,"Table Lamp",Furniture,684.50,2023-05-07,5,79,Chicago
5630,"Fiction Book",Books,219.83,2023-06-24,2,31,Houston
5631,Shoes,Clothing,400.59,2023-02-07,9,302,Chicago
5632,Jeans,Clothing,217.60,2023-06-20,1,313,Miami
5633,Chair,Furniture,556.86,2023-03-25,7,436,"Los Angeles"
5634,Dresser,Furniture,302.17,2023-03-23,4,213,"New York"
5635,Puzzle,Toys,946.51,2023-03-11,1,158,"Los Angeles"
5636,Jacket,Clothing,614.49,2023-02-07,3,189,"Los Angeles"
5637,"Table Lamp",Furniture,703.17,2023-01-03,10,357,Houston
5638,T-shirt,Clothing,159.62,2023-03-30,10,185,Miami
5639,"Non-fiction Book",Books,521.81,2023-05-20,4,93,"New York"
5640,Jacket,Clothing,974.78,2023-05-03,5,179,"Los Angeles"
5641,"Non-fiction Book",Books,217.27,2023-03-10,3,34,Houston
5642,"Board Game",Toys,593.83,2023-05-03,7,17,"Los Angeles"
5643,Dress,Clothing,266.97,2023-05-01,6,359,Miami
5644,T-shirt,Clothing,896.20,2023-01-13,7,30,"Los Angeles"
5645,Dress,Clothing,869.91,2023-06-18,1,289,Houston
5646,Jacket,Clothing,780.11,2023-06-09,1,414,Miami
5647,"Fiction Book",Books,334.30,2023-03-07,9,16,Houston
5648,Bookshelf,Furniture,73.80,2023-02-09,9,349,Miami
5649,"Coffee Table",Furniture,928.39,2023-03-12,2,353,Miami
5650,"Board Game",Toys,361.96,2023-04-20,10,486,Miami
5651,"Remote Control Car",Toys,955.03,2023-05-30,3,471,Miami
5652,Dress,Clothing,358.19,2023-02-12,1,391,Houston
5653,"History Book",Books,807.29,2023-04-26,8,1,Houston
5654,Bookshelf,Furniture,796.43,2023-01-09,9,64,"New York"
5655,"Board Game",Toys,69.22,2023-04-15,7,360,Chicago
5656,Jacket,Clothing,139.04,2023-04-18,6,9,Chicago
5657,Puzzle,Toys,198.90,2023-01-25,1,9,Miami
5658,Smartphone,Electronics,778.94,2023-06-01,9,443,Houston
5659,"Coffee Table",Furniture,61.74,2023-01-17,3,33,Chicago
5660,Dress,Clothing,262.43,2023-05-27,3,460,Houston
5661,Keyboard,Electronics,574.88,2023-04-29,6,451,Houston
5662,Mouse,Electronics,138.56,2023-01-19,1,86,Chicago
5663,Desk,Furniture,38.80,2023-01-27,7,323,"Los Angeles"
5664,Puzzle,Toys,292.25,2023-04-13,10,85,Miami
5665,Smartwatch,Electronics,93.70,2023-03-24,1,346,Chicago
5666,Puzzle,Toys,454.63,2023-02-11,8,143,"New York"
5667,"Table Lamp",Furniture,612.44,2023-04-02,8,13,Miami
5668,"Board Game",Toys,480.80,2023-01-24,3,361,Miami
5669,Jacket,Clothing,961.74,2023-05-13,8,388,Chicago
5670,Smartphone,Electronics,842.74,2023-01-25,2,175,"Los Angeles"
5671,T-shirt,Clothing,582.30,2023-03-19,5,369,Chicago
5672,Laptop,Electronics,621.33,2023-04-04,8,69,Chicago
5673,"Action Figure",Toys,859.58,2023-06-23,3,154,Miami
5674,Tablet,Electronics,32.08,2023-02-19,3,307,"New York"
5675,Laptop,Electronics,93.55,2023-01-30,6,115,Chicago
5676,Puzzle,Toys,292.20,2023-01-25,9,312,Houston
5677,"Art Book",Books,862.64,2023-04-02,10,132,Chicago
5678,Jacket,Clothing,349.61,2023-04-20,10,62,Houston
5679,"Board Game",Toys,624.65,2023-05-18,10,206,"Los Angeles"
5680,"Action Figure",Toys,346.16,2023-04-21,1,150,Chicago
5681,Smartwatch,Electronics,721.57,2023-04-28,1,247,"Los Angeles"
5682,T-shirt,Clothing,541.51,2023-04-25,6,442,Houston
5683,Smartphone,Electronics,929.42,2023-04-20,3,201,"Los Angeles"
5684,Smartphone,Electronics,541.23,2023-05-03,8,451,"New York"
5685,"Board Game",Toys,548.03,2023-02-13,6,69,Miami
5686,Desk,Furniture,291.39,2023-01-31,10,185,Miami
5687,Jacket,Clothing,865.59,2023-03-02,1,229,Miami
5688,"Fiction Book",Books,715.87,2023-02-11,1,161,Chicago
5689,Monitor,Electronics,709.93,2023-03-26,3,312,Chicago
5690,"Science Book",Books,135.63,2023-06-09,1,220,"New York"
5691,Bookshelf,Furniture,868.16,2023-02-01,3,410,"Los Angeles"
5692,"Action Figure",Toys,422.52,2023-06-08,2,497,Chicago
5693,"Action Figure",Toys,220.01,2023-01-09,6,379,"New York"
5694,Puzzle,Toys,399.31,2023-01-06,10,349,Houston
5695,"Remote Control Car",Toys,975.82,2023-06-23,9,295,"Los Angeles"
5696,Shoes,Clothing,473.09,2023-06-21,4,461,Chicago
5697,"Remote Control Car",Toys,620.77,2023-04-06,8,174,"Los Angeles"
5698,"Action Figure",Toys,534.94,2023-05-01,8,362,"Los Angeles"
5699,"Science Book",Books,902.38,2023-02-24,8,33,Miami
5700,Shoes,Clothing,459.09,2023-06-06,10,114,"Los Angeles"
5701,Jacket,Clothing,65.89,2023-02-10,10,10,"Los Angeles"
5702,Wardrobe,Furniture,80.16,2023-06-22,6,456,Miami
5703,"History Book",Books,631.58,2023-06-23,10,360,Miami
5704,Doll,Toys,68.57,2023-01-27,6,93,"Los Angeles"
5705,Speaker,Electronics,47.89,2023-03-24,2,193,Chicago
5706,Keyboard,Electronics,722.00,2023-02-19,3,116,Chicago
5707,"Action Figure",Toys,472.51,2023-02-08,7,328,"Los Angeles"
5708,Jacket,Clothing,932.92,2023-04-14,1,309,Miami
5709,T-shirt,Clothing,933.63,2023-02-26,8,464,"Los Angeles"
5710,"Art Book",Books,491.23,2023-04-11,4,431,"Los Angeles"
5711,Dresser,Furniture,177.74,2023-06-16,1,347,"New York"
5712,Puzzle,Toys,811.68,2023-01-10,9,471,"Los Angeles"
5713,Jeans,Clothing,330.54,2023-05-09,6,398,"Los Angeles"
5714,"History Book",Books,151.73,2023-06-12,1,288,Houston
5715,"Remote Control Car",Toys,193.61,2023-02-05,4,201,Miami
5716,"Remote Control Car",Toys,593.80,2023-03-28,7,305,"Los Angeles"
5717,Dresser,Furniture,324.75,2023-05-20,9,83,"New York"
5718,Keyboard,Electronics,578.41,2023-04-28,6,367,"New York"
5719,Smartphone,Electronics,227.86,2023-06-16,10,454,Houston
5720,"Board Game",Toys,602.11,2023-04-12,1,205,Miami
5721,"Science Book",Books,312.98,2023-01-27,8,259,"Los Angeles"
5722,Shoes,Clothing,86.41,2023-04-29,1,83,Houston
5723,Nightstand,Furniture,896.29,2023-05-12,10,287,"New York"
5724,Dresser,Furniture,100.42,2023-04-27,10,389,"New York"
5725,"Board Game",Toys,826.67,2023-04-09,3,332,Chicago
5726,"History Book",Books,715.39,2023-03-04,6,441,Houston
5727,"Fiction Book",Books,728.62,2023-02-24,4,358,Houston
5728,"Board Game",Toys,342.13,2023-06-14,6,2,"Los Angeles"
5729,"Remote Control Car",Toys,246.04,2023-03-20,5,456,"Los Angeles"
5730,Sofa,Furniture,901.25,2023-06-10,8,66,"Los Angeles"
5731,T-shirt,Clothing,565.08,2023-02-16,6,95,"New York"
5732,Wardrobe,Furniture,392.18,2023-03-21,1,436,"Los Angeles"
5733,T-shirt,Clothing,528.11,2023-04-08,2,3,Houston
5734,Sofa,Furniture,335.96,2023-01-12,4,168,Houston
5735,Puzzle,Toys,340.78,2023-03-21,2,333,Houston
5736,"Fiction Book",Books,208.10,2023-06-22,2,2,Chicago
5737,Jacket,Clothing,921.32,2023-05-07,8,298,Houston
5738,Puzzle,Toys,536.32,2023-04-13,3,252,Houston
5739,Jacket,Clothing,201.57,2023-06-21,2,500,Chicago
5740,Bed,Furniture,988.68,2023-05-05,5,171,"Los Angeles"
5741,"Table Lamp",Furniture,69.10,2023-04-22,9,274,"New York"
5742,"Remote Control Car",Toys,661.84,2023-05-31,2,237,Houston
5743,Shoes,Clothing,507.75,2023-04-19,5,333,Miami
5744,Keyboard,Electronics,603.19,2023-05-09,8,338,"New York"
5745,Jacket,Clothing,681.15,2023-01-12,3,69,Miami
5746,Mouse,Electronics,518.55,2023-01-02,5,231,Miami
5747,"Art Book",Books,315.10,2023-01-02,1,202,Houston
5748,Jacket,Clothing,650.91,2023-02-05,1,275,Houston
5749,"Non-fiction Book",Books,880.11,2023-02-16,7,232,"Los Angeles"
5750,Jeans,Clothing,750.54,2023-01-11,1,10,Miami
5751,Doll,Toys,632.79,2023-03-29,6,116,Chicago
5752,Keyboard,Electronics,2.69,2023-05-25,1,325,"Los Angeles"
5753,Headphones,Electronics,638.73,2023-06-06,5,291,Chicago
5754,Sofa,Furniture,682.11,2023-04-24,2,320,Miami
5755,Jacket,Clothing,131.36,2023-04-07,3,416,"Los Angeles"
5756,"Remote Control Car",Toys,26.84,2023-01-30,8,107,Miami
5757,Jeans,Clothing,621.07,2023-03-02,9,27,Miami
5758,Mouse,Electronics,532.87,2023-01-26,2,80,Chicago
5759,"Non-fiction Book",Books,620.28,2023-06-29,2,323,Miami
5760,Wardrobe,Furniture,254.72,2023-06-01,5,351,"New York"
5761,"Fiction Book",Books,562.03,2023-03-06,2,239,"New York"
5762,"Remote Control Car",Toys,260.49,2023-03-27,6,251,Houston
5763,Desk,Furniture,437.50,2023-01-11,10,340,Chicago
5764,Bed,Furniture,324.93,2023-01-23,7,442,Chicago
5765,"Art Book",Books,449.19,2023-04-19,7,253,Chicago
5766,Tablet,Electronics,519.81,2023-06-29,5,75,Chicago
5767,"Remote Control Car",Toys,961.04,2023-01-16,6,216,Chicago
5768,Dress,Clothing,363.71,2023-02-09,1,186,Miami
5769,Speaker,Electronics,388.19,2023-01-26,6,169,"New York"
5770,Keyboard,Electronics,98.22,2023-01-06,9,96,"Los Angeles"
5771,Dresser,Furniture,978.06,2023-01-13,5,427,"New York"
5772,Jacket,Clothing,207.64,2023-05-03,8,455,"New York"
5773,Laptop,Electronics,506.42,2023-06-25,4,404,Miami
5774,Shoes,Clothing,647.30,2023-04-21,2,407,Houston
5775,"Board Game",Toys,38.69,2023-04-05,6,497,Chicago
5776,Keyboard,Electronics,836.54,2023-05-28,6,218,Chicago
5777,"Action Figure",Toys,113.51,2023-01-16,1,104,Houston
5778,Keyboard,Electronics,757.23,2023-03-29,2,148,"New York"
5779,Chair,Furniture,886.39,2023-01-13,7,125,"New York"
5780,Smartphone,Electronics,840.10,2023-01-18,10,286,Miami
5781,"Action Figure",Toys,376.48,2023-05-07,4,396,Miami
5782,"Fiction Book",Books,376.51,2023-04-15,8,38,"New York"
5783,"Coffee Table",Furniture,293.27,2023-01-21,7,66,Chicago
5784,Dress,Clothing,372.13,2023-02-10,1,212,"New York"
5785,Puzzle,Toys,715.19,2023-03-12,9,457,"New York"
5786,Puzzle,Toys,455.10,2023-06-15,3,175,"New York"
5787,"Coffee Table",Furniture,340.54,2023-04-16,10,423,Chicago
5788,"Science Book",Books,12.44,2023-05-01,4,269,Houston
5789,Smartwatch,Electronics,904.93,2023-03-18,5,408,Miami
5790,"History Book",Books,828.17,2023-06-10,10,99,"New York"
5791,"Science Book",Books,69.09,2023-06-28,8,395,Houston
5792,Tablet,Electronics,162.04,2023-06-28,5,210,Houston
5793,Laptop,Electronics,511.75,2023-02-10,6,140,Houston
5794,"Table Lamp",Furniture,842.87,2023-04-19,5,290,Chicago
5795,"History Book",Books,262.63,2023-03-26,6,179,"New York"
5796,Dress,Clothing,684.02,2023-06-25,9,120,Houston
5797,"History Book",Books,901.86,2023-04-25,5,245,"New York"
5798,Jacket,Clothing,194.40,2023-04-28,7,210,"New York"
5799,Laptop,Electronics,740.35,2023-01-21,4,215,"New York"
5800,Tablet,Electronics,990.48,2023-02-03,10,91,"New York"
5801,"History Book",Books,980.35,2023-06-17,8,382,Houston
5802,Mouse,Electronics,317.44,2023-06-28,10,12,"New York"
5803,Jeans,Clothing,731.07,2023-06-07,2,146,Miami
5804,"Science Book",Books,633.98,2023-04-24,3,165,Miami
5805,T-shirt,Clothing,54.49,2023-05-24,9,355,"New York"
5806,Sofa,Furniture,290.95,2023-05-14,9,491,"Los Angeles"
5807,Puzzle,Toys,339.72,2023-05-20,9,459,"New York"
5808,Jeans,Clothing,837.37,2023-03-18,7,368,Miami
5809,Laptop,Electronics,419.13,2023-04-11,6,482,"Los Angeles"
5810,"Coffee Table",Furniture,973.99,2023-04-10,9,252,"New York"
5811,"Fiction Book",Books,202.21,2023-06-26,3,240,Chicago
5812,"Coffee Table",Furniture,94.53,2023-01-19,3,442,Houston
5813,"Action Figure",Toys,854.54,2023-01-12,8,286,Houston
5814,Dresser,Furniture,431.36,2023-01-31,6,132,Houston
5815,Jeans,Clothing,385.66,2023-06-06,2,157,"New York"
5816,Smartwatch,Electronics,945.23,2023-05-06,7,76,Miami
5817,"Science Book",Books,139.62,2023-06-16,3,125,Houston
5818,Desk,Furniture,212.41,2023-05-30,6,29,Houston
5819,"Art Book",Books,563.87,2023-01-25,10,269,Houston
5820,"Remote Control Car",Toys,29.45,2023-05-14,7,440,Chicago
5821,Mouse,Electronics,849.64,2023-03-25,8,250,"New York"
5822,Desk,Furniture,150.82,2023-05-12,2,386,"Los Angeles"
5823,Smartwatch,Electronics,878.53,2023-03-30,9,335,Miami
5824,Wardrobe,Furniture,367.27,2023-02-24,5,101,Houston
5825,Tablet,Electronics,888.79,2023-05-15,1,75,Chicago
5826,Speaker,Electronics,262.34,2023-04-19,3,161,Miami
5827,"History Book",Books,300.51,2023-03-26,5,437,Miami
5828,"Coffee Table",Furniture,714.65,2023-02-27,5,179,"Los Angeles"
5829,"Action Figure",Toys,345.92,2023-01-28,8,101,Miami
5830,Jacket,Clothing,373.21,2023-05-01,3,39,Houston
5831,T-shirt,Clothing,839.58,2023-01-16,10,153,Houston
5832,Headphones,Electronics,628.33,2023-06-17,8,9,Miami
5833,"Board Game",Toys,284.60,2023-01-19,7,22,"New York"
5834,Puzzle,Toys,986.94,2023-05-23,10,308,"New York"
5835,Dress,Clothing,65.82,2023-05-04,3,46,Houston
5836,Dress,Clothing,820.27,2023-04-19,6,463,Miami
5837,Camera,Electronics,612.31,2023-04-21,3,187,"New York"
5838,Jeans,Clothing,194.25,2023-06-03,7,442,"Los Angeles"
5839,Keyboard,Electronics,813.66,2023-05-27,7,341,Chicago
5840,"Science Book",Books,31.66,2023-03-11,9,14,Houston
5841,Tablet,Electronics,100.40,2023-05-26,8,158,"Los Angeles"
5842,"Science Book",Books,121.68,2023-02-25,2,482,"Los Angeles"
5843,Jacket,Clothing,12.38,2023-06-18,7,225,"Los Angeles"
5844,Smartwatch,Electronics,835.76,2023-02-23,10,23,"Los Angeles"
5845,Speaker,Electronics,452.82,2023-02-28,3,149,Houston
5846,"Science Book",Books,470.01,2023-05-12,3,484,"New York"
5847,Puzzle,Toys,209.40,2023-05-27,5,374,Chicago
5848,"Action Figure",Toys,762.50,2023-04-17,7,311,"New York"
5849,T-shirt,Clothing,142.50,2023-03-13,6,328,Chicago
5850,"Board Game",Toys,298.82,2023-05-21,1,344,Chicago
5851,Speaker,Electronics,573.42,2023-01-10,6,260,Miami
5852,Nightstand,Furniture,761.74,2023-06-02,10,116,"Los Angeles"
5853,"Art Book",Books,194.17,2023-02-24,10,371,Miami
5854,Nightstand,Furniture,802.59,2023-01-22,2,291,"Los Angeles"
5855,Puzzle,Toys,41.41,2023-06-03,2,57,"New York"
5856,Shoes,Clothing,461.04,2023-03-01,3,172,Miami
5857,Shoes,Clothing,143.86,2023-06-05,9,427,Houston
5858,Dress,Clothing,784.01,2023-04-27,9,241,Houston
5859,Bookshelf,Furniture,653.45,2023-02-25,6,491,"New York"
5860,"Remote Control Car",Toys,922.10,2023-06-06,6,149,Houston
5861,"Remote Control Car",Toys,719.91,2023-01-20,4,308,Miami
5862,"History Book",Books,391.41,2023-06-11,4,448,Chicago
5863,"Remote Control Car",Toys,86.83,2023-04-11,6,497,"Los Angeles"
5864,"Action Figure",Toys,851.94,2023-01-10,8,194,Miami
5865,"Remote Control Car",Toys,288.82,2023-03-28,6,132,Houston
5866,"Non-fiction Book",Books,152.79,2023-01-16,10,304,"New York"
5867,"Science Book",Books,143.39,2023-02-14,9,137,Miami
5868,"Action Figure",Toys,116.67,2023-04-10,5,212,Miami
5869,Smartwatch,Electronics,69.06,2023-03-17,9,118,Chicago
5870,"Art Book",Books,397.34,2023-03-07,7,20,"Los Angeles"
5871,Jeans,Clothing,210.29,2023-01-21,10,189,"New York"
5872,Keyboard,Electronics,972.92,2023-03-24,4,229,"New York"
5873,Jeans,Clothing,780.41,2023-01-01,7,166,Houston
5874,Bed,Furniture,327.08,2023-03-02,7,246,"Los Angeles"
5875,Bookshelf,Furniture,64.28,2023-01-30,7,323,"Los Angeles"
5876,"Art Book",Books,715.30,2023-02-01,8,32,"New York"
5877,"History Book",Books,660.81,2023-01-27,8,186,Chicago
5878,"Art Book",Books,987.38,2023-03-28,5,399,Houston
5879,"Action Figure",Toys,200.46,2023-04-23,6,375,"New York"
5880,"Science Book",Books,61.29,2023-04-10,6,99,"Los Angeles"
5881,"Fiction Book",Books,166.63,2023-04-04,1,447,"New York"
5882,Nightstand,Furniture,657.45,2023-04-10,8,160,"Los Angeles"
5883,Headphones,Electronics,346.47,2023-04-20,1,109,"New York"
5884,"Fiction Book",Books,400.79,2023-05-23,8,211,Miami
5885,"Remote Control Car",Toys,817.81,2023-03-18,7,39,"Los Angeles"
5886,"Fiction Book",Books,817.23,2023-04-20,6,79,Miami
5887,Dress,Clothing,911.17,2023-01-23,9,53,Miami
5888,Puzzle,Toys,219.98,2023-05-31,6,57,Miami
5889,"Fiction Book",Books,750.82,2023-03-11,7,143,"Los Angeles"
5890,"Board Game",Toys,81.91,2023-05-04,2,455,Miami
5891,Mouse,Electronics,565.64,2023-01-23,10,108,"Los Angeles"
5892,"Remote Control Car",Toys,622.15,2023-03-10,1,10,Miami
5893,Puzzle,Toys,726.34,2023-04-01,4,58,Houston
5894,"History Book",Books,198.42,2023-01-04,5,217,Houston
5895,Monitor,Electronics,465.08,2023-02-27,2,496,"Los Angeles"
5896,Puzzle,Toys,945.26,2023-03-08,1,496,Miami
5897,Jacket,Clothing,322.79,2023-03-04,8,372,Chicago
5898,Headphones,Electronics,486.04,2023-02-28,2,402,Chicago
5899,Desk,Furniture,410.09,2023-05-20,7,460,Houston
5900,Jeans,Clothing,495.53,2023-03-05,3,140,Chicago
5901,Speaker,Electronics,484.55,2023-03-22,8,291,Chicago
5902,Keyboard,Electronics,985.35,2023-05-09,7,477,Miami
5903,"History Book",Books,206.17,2023-01-18,9,10,Chicago
5904,T-shirt,Clothing,611.49,2023-06-23,10,7,"New York"
5905,Dress,Clothing,957.72,2023-01-30,10,129,Chicago
5906,Jacket,Clothing,317.91,2023-03-27,5,350,"Los Angeles"
5907,Monitor,Electronics,870.96,2023-02-08,5,349,"New York"
5908,Sofa,Furniture,327.24,2023-06-13,6,49,Houston
5909,"Art Book",Books,442.45,2023-04-15,6,68,Miami
5910,Nightstand,Furniture,561.49,2023-01-06,5,95,Chicago
5911,Nightstand,Furniture,834.72,2023-02-15,8,28,Miami
5912,"Art Book",Books,941.09,2023-02-01,1,350,"Los Angeles"
5913,"Science Book",Books,53.55,2023-06-25,8,294,Miami
5914,Bed,Furniture,101.65,2023-01-27,5,370,"Los Angeles"
5915,"Non-fiction Book",Books,494.53,2023-04-06,2,135,Miami
5916,Chair,Furniture,956.83,2023-02-06,2,85,"Los Angeles"
5917,"Coffee Table",Furniture,601.22,2023-05-19,1,461,Chicago
5918,Dress,Clothing,716.37,2023-01-20,4,326,"New York"
5919,"Coffee Table",Furniture,539.89,2023-03-27,8,171,Chicago
5920,"Coffee Table",Furniture,116.18,2023-02-26,3,85,"New York"
5921,Bookshelf,Furniture,426.02,2023-02-09,9,194,Chicago
5922,Dress,Clothing,296.82,2023-06-24,10,427,Chicago
5923,Jeans,Clothing,867.38,2023-04-03,10,124,"Los Angeles"
5924,Monitor,Electronics,646.26,2023-01-12,4,379,Houston
5925,"Fiction Book",Books,189.38,2023-04-21,5,312,Houston
5926,Dresser,Furniture,524.69,2023-04-06,1,374,Chicago
5927,Dress,Clothing,383.09,2023-02-27,5,129,Miami
5928,Laptop,Electronics,867.42,2023-05-24,4,294,Houston
5929,"Board Game",Toys,3.45,2023-02-20,5,81,Chicago
5930,Jacket,Clothing,292.91,2023-01-30,10,131,Chicago
5931,Shoes,Clothing,285.05,2023-04-25,4,366,Houston
5932,Camera,Electronics,718.58,2023-01-09,1,146,"New York"
5933,Speaker,Electronics,312.74,2023-05-23,1,373,Houston
5934,Laptop,Electronics,829.23,2023-04-18,6,356,"New York"
5935,Keyboard,Electronics,63.61,2023-06-02,1,336,"Los Angeles"
5936,Speaker,Electronics,477.77,2023-03-25,9,17,Chicago
5937,Jacket,Clothing,502.71,2023-02-02,4,187,Houston
5938,Jeans,Clothing,706.75,2023-06-03,2,66,"Los Angeles"
5939,Doll,Toys,468.55,2023-02-02,5,459,"New York"
5940,Puzzle,Toys,114.96,2023-03-22,10,87,"New York"
5941,Wardrobe,Furniture,279.69,2023-06-24,1,91,Miami
5942,"Art Book",Books,419.42,2023-03-15,8,361,"Los Angeles"
5943,Monitor,Electronics,549.34,2023-05-27,5,334,"New York"
5944,"Table Lamp",Furniture,536.26,2023-01-26,1,20,Miami
5945,Jacket,Clothing,58.94,2023-01-31,7,397,Miami
5946,Shoes,Clothing,649.54,2023-04-25,3,123,Chicago
5947,"Action Figure",Toys,735.82,2023-03-02,5,193,Chicago
5948,Nightstand,Furniture,938.05,2023-05-27,3,433,Chicago
5949,Speaker,Electronics,328.98,2023-06-02,3,346,Houston
5950,Jeans,Clothing,243.73,2023-02-01,2,114,Houston
5951,"Science Book",Books,461.70,2023-05-16,4,318,"New York"
5952,Sofa,Furniture,599.34,2023-01-25,9,481,"New York"
5953,Smartwatch,Electronics,314.71,2023-03-30,6,68,"New York"
5954,Monitor,Electronics,449.58,2023-01-23,3,3,"New York"
5955,Doll,Toys,524.87,2023-05-15,2,312,Chicago
5956,Headphones,Electronics,222.62,2023-01-02,4,395,Miami
5957,"Action Figure",Toys,798.50,2023-04-22,7,304,Miami
5958,"Action Figure",Toys,172.27,2023-05-23,5,424,Miami
5959,"Action Figure",Toys,649.91,2023-06-17,7,340,"Los Angeles"
5960,Jacket,Clothing,87.12,2023-02-09,9,240,Miami
5961,Speaker,Electronics,545.53,2023-05-12,1,432,"Los Angeles"
5962,Doll,Toys,220.21,2023-01-10,7,442,Chicago
5963,"Coffee Table",Furniture,743.99,2023-04-07,5,295,Houston
5964,Desk,Furniture,19.09,2023-06-28,9,253,Miami
5965,"Art Book",Books,70.80,2023-06-15,4,58,Chicago
5966,Doll,Toys,567.94,2023-01-06,5,87,Chicago
5967,Mouse,Electronics,810.87,2023-03-01,3,74,"New York"
5968,"Art Book",Books,729.29,2023-02-03,8,48,"Los Angeles"
5969,Camera,Electronics,762.77,2023-02-25,3,178,"New York"
5970,"Remote Control Car",Toys,386.62,2023-03-03,6,342,Houston
5971,Doll,Toys,431.73,2023-03-20,9,35,Houston
5972,"Coffee Table",Furniture,754.37,2023-03-17,9,478,"Los Angeles"
5973,Nightstand,Furniture,866.72,2023-03-14,5,422,Miami
5974,T-shirt,Clothing,16.08,2023-06-21,8,334,"Los Angeles"
5975,Smartphone,Electronics,606.93,2023-01-05,3,195,"New York"
5976,Smartwatch,Electronics,934.83,2023-04-16,2,459,"New York"
5977,Laptop,Electronics,158.29,2023-03-26,9,463,"New York"
5978,"Coffee Table",Furniture,667.49,2023-01-14,4,310,Miami
5979,Mouse,Electronics,504.02,2023-05-28,6,245,Houston
5980,"Board Game",Toys,566.88,2023-03-29,8,111,Miami
5981,Doll,Toys,385.71,2023-06-01,1,355,Chicago
5982,Doll,Toys,101.51,2023-03-12,7,26,"Los Angeles"
5983,Jeans,Clothing,73.43,2023-04-03,4,119,"New York"
5984,"Remote Control Car",Toys,992.10,2023-02-12,3,181,"New York"
5985,"Fiction Book",Books,610.10,2023-04-13,1,203,Miami
5986,Shoes,Clothing,96.05,2023-04-19,8,432,"New York"
5987,"Board Game",Toys,348.37,2023-03-17,1,471,Chicago
5988,Speaker,Electronics,148.70,2023-01-02,6,450,Houston
5989,Camera,Electronics,300.12,2023-06-09,6,472,"New York"
5990,Doll,Toys,699.17,2023-04-10,7,347,Chicago
5991,Smartwatch,Electronics,433.00,2023-03-06,5,181,"Los Angeles"
5992,"Non-fiction Book",Books,59.04,2023-05-05,3,188,Miami
5993,Doll,Toys,53.81,2023-02-20,3,190,"New York"
5994,"Art Book",Books,67.09,2023-06-14,4,48,"Los Angeles"
5995,Shoes,Clothing,290.84,2023-01-05,3,78,"New York"
5996,"Science Book",Books,742.42,2023-06-16,5,127,"New York"
5997,Jeans,Clothing,664.94,2023-05-03,4,476,Chicago
5998,"Action Figure",Toys,512.61,2023-03-03,2,440,Miami
5999,"Science Book",Books,683.81,2023-06-13,5,383,"Los Angeles"
6000,Dresser,Furniture,425.38,2023-01-14,1,129,Miami
6001,Desk,Furniture,592.69,2023-05-31,5,275,Chicago
6002,"Remote Control Car",Toys,84.46,2023-04-11,6,8,Chicago
6003,Nightstand,Furniture,83.97,2023-03-27,2,89,Chicago
6004,Camera,Electronics,32.03,2023-04-16,9,221,Houston
6005,Keyboard,Electronics,73.28,2023-06-17,5,162,"Los Angeles"
6006,"Art Book",Books,917.67,2023-01-07,5,485,Houston
6007,Camera,Electronics,662.76,2023-06-10,5,315,Houston
6008,"Board Game",Toys,606.38,2023-04-07,9,356,Miami
6009,"Science Book",Books,828.93,2023-03-12,5,110,Houston
6010,"Fiction Book",Books,743.07,2023-03-06,6,387,"New York"
6011,Jacket,Clothing,524.06,2023-02-24,10,397,"New York"
6012,Sofa,Furniture,264.76,2023-04-11,10,162,Houston
6013,Headphones,Electronics,181.58,2023-05-25,5,449,"New York"
6014,"Remote Control Car",Toys,885.38,2023-05-22,3,479,"New York"
6015,Smartwatch,Electronics,72.09,2023-02-17,1,346,"New York"
6016,"Non-fiction Book",Books,221.09,2023-02-06,4,99,Miami
6017,Puzzle,Toys,288.38,2023-01-10,4,415,Miami
6018,"Table Lamp",Furniture,820.17,2023-04-02,1,442,"New York"
6019,"Table Lamp",Furniture,161.80,2023-01-22,2,129,Miami
6020,"Fiction Book",Books,348.31,2023-03-03,7,174,Houston
6021,Dress,Clothing,612.15,2023-05-19,1,384,Houston
6022,"Art Book",Books,133.85,2023-02-14,9,234,Miami
6023,"History Book",Books,875.58,2023-01-20,10,123,Chicago
6024,"Fiction Book",Books,29.93,2023-01-14,3,125,"Los Angeles"
6025,Smartphone,Electronics,265.97,2023-01-23,9,355,"New York"
6026,"Table Lamp",Furniture,756.50,2023-01-10,10,399,"New York"
6027,"Non-fiction Book",Books,462.55,2023-03-20,9,356,"New York"
6028,Dress,Clothing,591.73,2023-04-12,1,240,"Los Angeles"
6029,Monitor,Electronics,504.11,2023-04-08,2,171,"New York"
6030,"History Book",Books,586.90,2023-06-08,7,256,Houston
6031,"Action Figure",Toys,823.11,2023-06-22,4,392,Miami
6032,Bed,Furniture,492.94,2023-01-25,3,328,Houston
6033,Smartphone,Electronics,538.89,2023-04-27,7,72,Miami
6034,"Remote Control Car",Toys,427.29,2023-05-06,3,468,"New York"
6035,Jeans,Clothing,695.45,2023-05-24,10,55,Miami
6036,"Remote Control Car",Toys,812.47,2023-03-11,5,136,Miami
6037,"History Book",Books,644.75,2023-06-29,1,136,"New York"
6038,Monitor,Electronics,9.93,2023-01-21,6,208,Chicago
6039,"Remote Control Car",Toys,197.26,2023-01-29,3,264,"New York"
6040,Shoes,Clothing,566.66,2023-02-09,5,187,Houston
6041,Keyboard,Electronics,160.81,2023-03-07,4,303,"New York"
6042,Desk,Furniture,547.00,2023-04-24,6,315,Houston
6043,"Table Lamp",Furniture,56.84,2023-04-02,4,162,Chicago
6044,Jeans,Clothing,790.44,2023-01-12,10,283,Miami
6045,Headphones,Electronics,523.70,2023-02-16,8,410,Miami
6046,Bookshelf,Furniture,888.70,2023-04-02,9,417,Chicago
6047,Dresser,Furniture,523.84,2023-04-24,6,491,"New York"
6048,Doll,Toys,821.52,2023-01-09,8,363,"Los Angeles"
6049,Wardrobe,Furniture,102.77,2023-01-05,9,496,Chicago
6050,Dress,Clothing,394.48,2023-04-30,2,353,"New York"
6051,Jacket,Clothing,636.32,2023-06-01,4,5,"New York"
6052,Dress,Clothing,83.02,2023-05-08,3,159,Houston
6053,"Fiction Book",Books,292.86,2023-03-02,9,30,Miami
6054,Camera,Electronics,923.44,2023-01-23,9,451,Miami
6055,Laptop,Electronics,932.96,2023-01-19,8,110,Miami
6056,Bookshelf,Furniture,788.78,2023-01-04,8,304,Miami
6057,Sofa,Furniture,228.63,2023-03-08,2,379,"Los Angeles"
6058,Monitor,Electronics,564.20,2023-06-02,6,91,"Los Angeles"
6059,"Fiction Book",Books,502.95,2023-06-26,4,10,Miami
6060,Shoes,Clothing,143.70,2023-06-03,9,327,Houston
6061,"Non-fiction Book",Books,823.58,2023-06-16,2,3,Chicago
6062,"Fiction Book",Books,471.51,2023-06-11,1,359,"Los Angeles"
6063,Jacket,Clothing,514.08,2023-05-10,1,41,"Los Angeles"
6064,Mouse,Electronics,711.11,2023-05-23,9,386,"Los Angeles"
6065,Dress,Clothing,605.89,2023-05-18,10,341,Chicago
6066,Laptop,Electronics,626.61,2023-04-17,1,292,Houston
6067,"History Book",Books,595.10,2023-04-21,3,265,Miami
6068,Jeans,Clothing,873.61,2023-03-20,6,242,Houston
6069,Desk,Furniture,540.06,2023-04-03,10,95,"New York"
6070,"Board Game",Toys,774.27,2023-02-16,10,15,"Los Angeles"
6071,Bed,Furniture,444.65,2023-06-13,3,180,"New York"
6072,"History Book",Books,836.26,2023-06-18,2,24,Houston
6073,Jeans,Clothing,619.98,2023-03-26,5,31,Miami
6074,"Action Figure",Toys,709.30,2023-02-21,4,332,Chicago
6075,Speaker,Electronics,503.16,2023-05-19,4,187,Miami
6076,Laptop,Electronics,538.25,2023-01-18,9,4,Chicago
6077,Desk,Furniture,385.03,2023-05-20,8,168,Chicago
6078,Bed,Furniture,111.01,2023-02-08,8,10,Miami
6079,Dress,Clothing,23.75,2023-05-12,6,339,Houston
6080,"Table Lamp",Furniture,764.13,2023-02-07,8,48,"Los Angeles"
6081,"Remote Control Car",Toys,693.51,2023-05-23,9,487,"Los Angeles"
6082,Desk,Furniture,200.43,2023-05-29,6,54,Miami
6083,"Non-fiction Book",Books,120.23,2023-06-27,6,419,Chicago
6084,Headphones,Electronics,491.00,2023-02-17,9,213,Chicago
6085,"Art Book",Books,856.22,2023-06-06,8,156,"New York"
6086,Headphones,Electronics,400.18,2023-06-02,1,324,"New York"
6087,"Art Book",Books,475.54,2023-05-12,3,442,Houston
6088,Wardrobe,Furniture,376.41,2023-03-22,2,89,Chicago
6089,Nightstand,Furniture,964.54,2023-05-29,3,316,Chicago
6090,Dress,Clothing,584.42,2023-04-01,8,161,"Los Angeles"
6091,Shoes,Clothing,92.69,2023-04-13,6,40,Houston
6092,"Coffee Table",Furniture,720.60,2023-02-18,2,33,Miami
6093,Puzzle,Toys,279.74,2023-01-23,8,308,Houston
6094,Dress,Clothing,382.32,2023-01-26,6,209,"Los Angeles"
6095,"Fiction Book",Books,487.53,2023-02-03,5,379,"Los Angeles"
6096,"Science Book",Books,976.51,2023-04-17,1,165,Chicago
6097,"Action Figure",Toys,277.28,2023-02-22,7,126,"Los Angeles"
6098,Mouse,Electronics,449.96,2023-04-05,3,383,"New York"
6099,"Action Figure",Toys,662.82,2023-02-13,3,210,Chicago
6100,"History Book",Books,158.94,2023-05-04,10,333,Chicago
6101,Shoes,Clothing,237.28,2023-03-08,2,291,Chicago
6102,"Fiction Book",Books,454.62,2023-06-12,2,29,Miami
6103,Doll,Toys,505.23,2023-05-09,1,89,Houston
6104,"Board Game",Toys,138.91,2023-06-17,3,195,"Los Angeles"
6105,Keyboard,Electronics,964.05,2023-04-18,1,341,"New York"
6106,Dress,Clothing,460.79,2023-01-05,8,314,Miami
6107,"History Book",Books,593.58,2023-05-17,1,382,Houston
6108,"Art Book",Books,899.90,2023-04-10,1,305,Miami
6109,"Science Book",Books,510.73,2023-01-20,1,386,Houston
6110,"Art Book",Books,485.18,2023-05-17,4,197,Miami
6111,"Non-fiction Book",Books,781.01,2023-06-06,1,207,"New York"
6112,Camera,Electronics,428.16,2023-03-26,1,468,Chicago
6113,Jeans,Clothing,924.30,2023-05-04,7,121,"Los Angeles"
6114,Jeans,Clothing,586.42,2023-06-02,5,399,Chicago
6115,Shoes,Clothing,866.52,2023-04-30,8,283,Houston
6116,"Art Book",Books,694.48,2023-01-10,2,403,Chicago
6117,"History Book",Books,825.07,2023-02-06,6,42,Miami
6118,"Non-fiction Book",Books,570.40,2023-05-16,1,9,Miami
6119,Shoes,Clothing,283.68,2023-03-24,5,424,Miami
6120,"Action Figure",Toys,534.09,2023-03-19,6,226,Houston
6121,"Science Book",Books,889.48,2023-05-04,8,395,Houston
6122,"Action Figure",Toys,125.50,2023-02-25,2,466,"New York"
6123,"Action Figure",Toys,471.63,2023-02-20,10,38,Chicago
6124,"Action Figure",Toys,307.75,2023-06-20,9,98,Chicago
6125,Tablet,Electronics,654.40,2023-04-11,9,219,Houston
6126,Sofa,Furniture,406.02,2023-02-20,2,48,Miami
6127,Dresser,Furniture,256.13,2023-03-21,5,453,"New York"
6128,Bed,Furniture,702.84,2023-01-24,6,139,Houston
6129,Tablet,Electronics,784.41,2023-02-12,9,204,Chicago
6130,"Non-fiction Book",Books,90.70,2023-02-21,2,461,"New York"
6131,"Action Figure",Toys,139.50,2023-01-30,4,250,"Los Angeles"
6132,Laptop,Electronics,591.96,2023-04-18,3,129,Houston
6133,Dress,Clothing,302.97,2023-05-28,3,273,"New York"
6134,Doll,Toys,919.27,2023-04-11,1,232,"Los Angeles"
6135,"Non-fiction Book",Books,972.18,2023-01-08,3,180,Miami
6136,Dress,Clothing,842.07,2023-06-19,2,34,Houston
6137,"Science Book",Books,492.41,2023-05-13,3,415,Chicago
6138,Smartphone,Electronics,686.18,2023-03-16,1,430,"Los Angeles"
6139,Jeans,Clothing,339.58,2023-01-09,3,450,Miami
6140,"History Book",Books,490.16,2023-03-07,4,344,"Los Angeles"
6141,"History Book",Books,104.71,2023-04-02,3,300,"Los Angeles"
6142,"Action Figure",Toys,199.87,2023-04-19,5,123,Miami
6143,Sofa,Furniture,496.41,2023-05-13,3,399,"Los Angeles"
6144,Jeans,Clothing,396.76,2023-05-31,1,252,Chicago
6145,Smartwatch,Electronics,952.05,2023-06-19,9,231,Houston
6146,Chair,Furniture,67.22,2023-05-25,9,314,Houston
6147,"Non-fiction Book",Books,411.15,2023-02-01,7,319,"Los Angeles"
6148,Shoes,Clothing,415.06,2023-04-30,1,208,Miami
6149,"Remote Control Car",Toys,76.22,2023-04-08,5,404,Chicago
6150,Dress,Clothing,418.62,2023-03-17,9,468,"New York"
6151,Mouse,Electronics,751.16,2023-01-16,2,343,Miami
6152,Bed,Furniture,856.75,2023-05-23,4,253,Chicago
6153,Jeans,Clothing,754.96,2023-01-08,10,289,"New York"
6154,"Art Book",Books,363.75,2023-02-24,5,127,Miami
6155,Keyboard,Electronics,226.92,2023-04-28,6,6,"Los Angeles"
6156,"Coffee Table",Furniture,610.91,2023-06-20,10,342,Houston
6157,T-shirt,Clothing,596.64,2023-03-13,2,385,"Los Angeles"
6158,Keyboard,Electronics,115.34,2023-02-07,7,433,"Los Angeles"
6159,T-shirt,Clothing,551.85,2023-04-27,6,5,"Los Angeles"
6160,Wardrobe,Furniture,128.20,2023-02-01,5,473,"Los Angeles"
6161,Chair,Furniture,688.41,2023-06-20,7,257,Chicago
6162,Bed,Furniture,745.67,2023-02-18,1,348,"New York"
6163,"Science Book",Books,887.11,2023-01-13,7,105,Miami
6164,"Coffee Table",Furniture,667.96,2023-01-22,6,299,"Los Angeles"
6165,Dresser,Furniture,489.50,2023-03-30,1,262,Houston
6166,Jacket,Clothing,845.30,2023-02-08,6,13,Chicago
6167,Jeans,Clothing,371.12,2023-02-11,1,233,"Los Angeles"
6168,"Non-fiction Book",Books,764.77,2023-01-27,5,395,Houston
6169,"Science Book",Books,436.44,2023-05-12,4,284,Houston
6170,Smartwatch,Electronics,563.62,2023-06-17,10,25,"Los Angeles"
6171,Jacket,Clothing,142.71,2023-03-18,7,101,Miami
6172,Doll,Toys,79.38,2023-05-17,6,265,Miami
6173,Sofa,Furniture,456.95,2023-04-20,7,289,Miami
6174,Jacket,Clothing,440.42,2023-06-15,3,324,"Los Angeles"
6175,Camera,Electronics,383.11,2023-02-17,2,53,Miami
6176,"Fiction Book",Books,548.77,2023-04-05,10,165,Houston
6177,Dress,Clothing,194.19,2023-02-22,9,254,Miami
6178,Doll,Toys,261.85,2023-04-13,1,301,Miami
6179,Desk,Furniture,245.56,2023-01-27,10,249,Chicago
6180,Laptop,Electronics,369.35,2023-03-05,7,141,"Los Angeles"
6181,Mouse,Electronics,136.33,2023-01-27,4,98,Miami
6182,Nightstand,Furniture,628.87,2023-02-18,5,222,Miami
6183,Keyboard,Electronics,36.27,2023-06-22,7,266,Houston
6184,Dress,Clothing,998.17,2023-04-11,9,182,"Los Angeles"
6185,"Action Figure",Toys,772.19,2023-05-03,1,172,Chicago
6186,Dress,Clothing,599.78,2023-02-26,8,425,Miami
6187,Dresser,Furniture,307.25,2023-04-17,1,177,Houston
6188,Shoes,Clothing,720.23,2023-04-22,10,422,"Los Angeles"
6189,T-shirt,Clothing,990.26,2023-05-14,8,255,"Los Angeles"
6190,"Remote Control Car",Toys,878.41,2023-04-03,10,94,"New York"
6191,Doll,Toys,316.96,2023-06-27,10,454,Houston
6192,Nightstand,Furniture,642.09,2023-03-10,10,377,Miami
6193,"Remote Control Car",Toys,161.45,2023-06-12,1,245,"Los Angeles"
6194,Headphones,Electronics,131.03,2023-04-07,3,427,"Los Angeles"
6195,"Coffee Table",Furniture,699.13,2023-02-01,8,200,Houston
6196,"Action Figure",Toys,230.82,2023-01-06,5,127,Miami
6197,T-shirt,Clothing,488.16,2023-03-18,7,490,Miami
6198,"Action Figure",Toys,433.79,2023-04-30,1,53,Chicago
6199,Smartwatch,Electronics,77.89,2023-04-08,5,371,"Los Angeles"
6200,Chair,Furniture,145.20,2023-02-20,10,468,Miami
6201,Wardrobe,Furniture,466.49,2023-05-23,6,197,"Los Angeles"
6202,"Coffee Table",Furniture,946.29,2023-03-05,10,253,Houston
6203,Shoes,Clothing,235.54,2023-03-14,4,175,Miami
6204,"Board Game",Toys,801.48,2023-03-01,3,141,Houston
6205,Wardrobe,Furniture,290.37,2023-05-30,3,466,Miami
6206,Dresser,Furniture,795.45,2023-06-12,2,478,"Los Angeles"
6207,Speaker,Electronics,836.64,2023-02-13,7,362,Chicago
6208,Jeans,Clothing,733.66,2023-05-18,7,387,"New York"
6209,"Action Figure",Toys,963.13,2023-04-06,8,94,Houston
6210,"Action Figure",Toys,623.36,2023-01-17,6,339,Houston
6211,Monitor,Electronics,580.24,2023-06-10,8,430,"New York"
6212,Nightstand,Furniture,21.89,2023-01-28,7,9,Miami
6213,Puzzle,Toys,845.21,2023-01-03,6,317,Chicago
6214,"Remote Control Car",Toys,447.02,2023-05-14,4,316,"New York"
6215,Bed,Furniture,352.47,2023-03-10,9,25,Houston
6216,Dress,Clothing,592.03,2023-04-28,5,255,"New York"
6217,"History Book",Books,516.07,2023-02-13,7,270,Houston
6218,Laptop,Electronics,477.24,2023-06-25,5,141,"New York"
6219,Jacket,Clothing,364.85,2023-06-25,8,468,"Los Angeles"
6220,Speaker,Electronics,608.42,2023-02-19,6,464,Miami
6221,Smartwatch,Electronics,937.20,2023-05-08,8,264,Chicago
6222,"Art Book",Books,504.89,2023-06-04,8,183,Chicago
6223,Mouse,Electronics,245.93,2023-04-09,1,180,Houston
6224,"Action Figure",Toys,925.14,2023-02-14,5,255,"New York"
6225,Jacket,Clothing,195.06,2023-05-29,6,136,Houston
6226,"Non-fiction Book",Books,759.27,2023-05-05,2,406,Chicago
6227,Monitor,Electronics,229.00,2023-01-14,7,93,Miami
6228,"Board Game",Toys,418.77,2023-02-27,4,370,Houston
6229,Camera,Electronics,694.07,2023-06-18,7,98,"New York"
6230,Nightstand,Furniture,793.34,2023-01-30,5,357,"Los Angeles"
6231,Smartwatch,Electronics,233.36,2023-01-13,7,16,"Los Angeles"
6232,"Action Figure",Toys,942.12,2023-02-09,3,347,Houston
6233,Speaker,Electronics,291.03,2023-04-09,9,331,Houston
6234,"Fiction Book",Books,101.14,2023-04-01,3,282,"New York"
6235,Monitor,Electronics,214.28,2023-01-06,6,241,Miami
6236,Puzzle,Toys,609.39,2023-01-31,1,323,"New York"
6237,"Fiction Book",Books,806.22,2023-03-24,9,485,"Los Angeles"
6238,Wardrobe,Furniture,132.79,2023-02-11,8,24,Miami
6239,Doll,Toys,562.66,2023-01-29,2,50,"New York"
6240,Jacket,Clothing,105.79,2023-04-02,3,300,"Los Angeles"
6241,"Action Figure",Toys,970.97,2023-04-22,2,2,Chicago
6242,T-shirt,Clothing,938.29,2023-03-11,2,183,Chicago
6243,Jacket,Clothing,553.52,2023-03-13,4,238,"Los Angeles"
6244,Shoes,Clothing,686.68,2023-03-26,3,497,"New York"
6245,"Art Book",Books,217.99,2023-04-20,4,58,Chicago
6246,"Non-fiction Book",Books,337.75,2023-05-28,1,481,Chicago
6247,"Remote Control Car",Toys,400.29,2023-04-09,6,498,"Los Angeles"
6248,Camera,Electronics,240.97,2023-04-26,5,245,Miami
6249,Dress,Clothing,258.17,2023-04-22,4,401,"New York"
6250,"Fiction Book",Books,436.05,2023-01-03,8,406,Houston
6251,Desk,Furniture,639.81,2023-06-20,9,125,Houston
6252,Smartwatch,Electronics,507.81,2023-05-03,9,166,"New York"
6253,Headphones,Electronics,367.86,2023-04-01,5,257,"Los Angeles"
6254,Desk,Furniture,751.08,2023-03-30,3,270,"New York"
6255,"Remote Control Car",Toys,823.47,2023-04-07,3,244,Houston
6256,Jacket,Clothing,288.73,2023-03-03,9,118,Houston
6257,Nightstand,Furniture,773.95,2023-06-21,5,180,Chicago
6258,"Coffee Table",Furniture,278.74,2023-06-29,2,404,Chicago
6259,Desk,Furniture,317.54,2023-03-09,10,226,Chicago
6260,"Table Lamp",Furniture,927.32,2023-01-19,8,173,Chicago
6261,"Science Book",Books,29.06,2023-03-10,9,441,Miami
6262,Dresser,Furniture,432.17,2023-01-18,2,348,Miami
6263,Nightstand,Furniture,937.18,2023-05-13,9,72,"New York"
6264,Laptop,Electronics,510.04,2023-01-14,9,486,"Los Angeles"
6265,"Art Book",Books,119.19,2023-06-15,3,193,"Los Angeles"
6266,Smartwatch,Electronics,959.80,2023-06-09,6,65,Miami
6267,Dress,Clothing,639.29,2023-06-26,10,477,Miami
6268,Nightstand,Furniture,856.80,2023-03-23,8,85,Houston
6269,Keyboard,Electronics,861.96,2023-06-23,3,164,Miami
6270,Shoes,Clothing,895.22,2023-05-26,4,162,Chicago
6271,Puzzle,Toys,757.62,2023-05-16,6,120,Houston
6272,"History Book",Books,984.17,2023-06-28,1,25,"Los Angeles"
6273,Monitor,Electronics,922.63,2023-03-18,4,251,Chicago
6274,"Non-fiction Book",Books,65.87,2023-04-19,9,140,Miami
6275,"Board Game",Toys,818.86,2023-04-29,9,82,"Los Angeles"
6276,Camera,Electronics,939.23,2023-01-02,3,70,Miami
6277,Jacket,Clothing,941.69,2023-04-15,1,300,Houston
6278,Keyboard,Electronics,606.42,2023-05-22,2,89,Chicago
6279,"Coffee Table",Furniture,762.16,2023-04-27,10,400,"New York"
6280,Bookshelf,Furniture,489.86,2023-04-05,2,77,"Los Angeles"
6281,Desk,Furniture,727.07,2023-03-15,9,54,Miami
6282,Wardrobe,Furniture,457.58,2023-04-19,7,229,"Los Angeles"
6283,Chair,Furniture,127.02,2023-01-29,5,283,Chicago
6284,Dresser,Furniture,578.61,2023-05-26,4,73,Houston
6285,Shoes,Clothing,266.24,2023-04-11,1,164,Houston
6286,Speaker,Electronics,132.01,2023-06-10,1,301,Miami
6287,Bed,Furniture,187.82,2023-04-02,10,170,Houston
6288,"Action Figure",Toys,694.42,2023-02-18,3,250,Houston
6289,Smartphone,Electronics,355.31,2023-03-29,4,159,Chicago
6290,"History Book",Books,922.05,2023-02-14,5,297,Chicago
6291,Mouse,Electronics,498.01,2023-06-14,1,301,Miami
6292,Dresser,Furniture,673.97,2023-03-10,9,107,Chicago
6293,"Art Book",Books,611.72,2023-02-24,7,255,Chicago
6294,"Action Figure",Toys,42.42,2023-05-10,5,75,"Los Angeles"
6295,"Coffee Table",Furniture,508.70,2023-03-12,5,475,Chicago
6296,T-shirt,Clothing,147.95,2023-03-02,3,60,Miami
6297,"Table Lamp",Furniture,134.73,2023-06-11,1,378,Chicago
6298,"Coffee Table",Furniture,139.11,2023-03-03,4,246,Chicago
6299,Bed,Furniture,675.23,2023-06-27,9,258,Miami
6300,"Remote Control Car",Toys,60.92,2023-03-12,8,351,"New York"
6301,"Science Book",Books,750.67,2023-03-27,2,110,Houston
6302,Doll,Toys,694.25,2023-05-02,3,227,"Los Angeles"
6303,Dress,Clothing,658.89,2023-06-25,10,310,"Los Angeles"
6304,Puzzle,Toys,806.44,2023-05-26,7,331,Chicago
6305,Chair,Furniture,819.20,2023-04-29,9,90,Chicago
6306,Jeans,Clothing,559.02,2023-02-04,3,408,"Los Angeles"
6307,"Fiction Book",Books,448.81,2023-05-20,6,145,Miami
6308,Shoes,Clothing,205.03,2023-02-01,3,373,Miami
6309,"Fiction Book",Books,748.18,2023-03-15,8,360,"Los Angeles"
6310,Monitor,Electronics,768.51,2023-05-17,5,78,"Los Angeles"
6311,Smartwatch,Electronics,784.55,2023-01-09,9,120,Chicago
6312,Speaker,Electronics,371.05,2023-06-28,9,146,Miami
6313,Jeans,Clothing,641.75,2023-03-06,9,111,Chicago
6314,Doll,Toys,493.56,2023-04-22,7,135,Chicago
6315,T-shirt,Clothing,256.39,2023-05-27,3,7,"New York"
6316,"Action Figure",Toys,421.63,2023-06-29,8,277,Houston
6317,Shoes,Clothing,880.66,2023-04-27,6,497,"Los Angeles"
6318,Headphones,Electronics,368.53,2023-05-06,4,407,Miami
6319,Smartphone,Electronics,796.45,2023-05-26,7,434,"Los Angeles"
6320,Nightstand,Furniture,26.94,2023-03-05,7,203,Miami
6321,Jacket,Clothing,662.93,2023-03-20,2,320,Houston
6322,Sofa,Furniture,496.80,2023-05-22,5,392,Houston
6323,"Action Figure",Toys,362.20,2023-03-02,6,464,Miami
6324,"Science Book",Books,375.21,2023-04-08,6,127,Chicago
6325,"Action Figure",Toys,40.53,2023-04-26,1,260,"Los Angeles"
6326,Keyboard,Electronics,969.94,2023-04-03,7,359,Houston
6327,Laptop,Electronics,663.55,2023-06-13,6,22,Chicago
6328,"Science Book",Books,20.05,2023-02-26,6,283,"Los Angeles"
6329,Puzzle,Toys,371.31,2023-06-26,8,500,Houston
6330,Camera,Electronics,764.74,2023-02-24,3,113,Chicago
6331,Jeans,Clothing,130.67,2023-04-21,7,262,Houston
6332,Jeans,Clothing,499.00,2023-03-17,6,353,Houston
6333,"Art Book",Books,536.05,2023-01-07,6,349,Miami
6334,Doll,Toys,653.26,2023-03-09,10,237,Houston
6335,T-shirt,Clothing,44.95,2023-05-11,6,165,"New York"
6336,"Fiction Book",Books,605.36,2023-04-15,1,317,Miami
6337,Doll,Toys,136.99,2023-05-07,2,199,Houston
6338,Desk,Furniture,502.67,2023-03-18,7,416,"Los Angeles"
6339,"Remote Control Car",Toys,681.95,2023-05-03,4,366,Chicago
6340,"Fiction Book",Books,314.30,2023-01-31,10,27,Chicago
6341,Jacket,Clothing,542.23,2023-03-01,1,74,Houston
6342,"Action Figure",Toys,111.45,2023-02-11,9,176,"Los Angeles"
6343,"Fiction Book",Books,365.11,2023-05-09,5,128,Miami
6344,Dress,Clothing,681.43,2023-04-26,2,453,"New York"
6345,T-shirt,Clothing,994.51,2023-05-25,1,387,Houston
6346,T-shirt,Clothing,690.02,2023-03-16,1,409,"New York"
6347,"History Book",Books,39.99,2023-02-08,10,45,Houston
6348,"Fiction Book",Books,864.40,2023-02-08,5,372,"Los Angeles"
6349,Smartphone,Electronics,881.31,2023-01-26,1,429,"New York"
6350,Headphones,Electronics,691.88,2023-02-07,10,78,Miami
6351,Headphones,Electronics,253.45,2023-01-29,1,351,"Los Angeles"
6352,Doll,Toys,444.05,2023-04-13,6,406,Chicago
6353,Nightstand,Furniture,617.42,2023-03-06,10,285,"New York"
6354,"Art Book",Books,547.41,2023-01-19,9,27,Houston
6355,Keyboard,Electronics,848.25,2023-01-02,5,218,Houston
6356,Nightstand,Furniture,229.78,2023-02-09,4,170,Chicago
6357,Shoes,Clothing,23.15,2023-03-21,2,194,Chicago
6358,Bookshelf,Furniture,500.20,2023-04-08,2,183,"Los Angeles"
6359,Headphones,Electronics,438.06,2023-06-23,6,316,Houston
6360,Dresser,Furniture,163.43,2023-06-23,4,401,Miami
6361,Dress,Clothing,472.44,2023-04-12,4,142,"Los Angeles"
6362,Nightstand,Furniture,553.42,2023-01-11,7,476,Miami
6363,T-shirt,Clothing,888.34,2023-01-22,10,150,Houston
6364,"Art Book",Books,765.05,2023-01-15,2,155,"Los Angeles"
6365,Smartphone,Electronics,782.41,2023-05-25,7,433,"Los Angeles"
6366,Desk,Furniture,416.30,2023-01-07,10,256,Houston
6367,Dresser,Furniture,869.32,2023-04-04,10,176,Miami
6368,Smartwatch,Electronics,273.07,2023-03-06,10,412,"New York"
6369,Bed,Furniture,953.89,2023-04-01,7,349,Chicago
6370,"Fiction Book",Books,868.92,2023-02-20,9,100,Chicago
6371,Bed,Furniture,719.42,2023-01-25,6,121,Houston
6372,Wardrobe,Furniture,318.98,2023-06-27,10,484,Miami
6373,Jacket,Clothing,304.83,2023-02-21,6,381,"Los Angeles"
6374,Puzzle,Toys,697.58,2023-04-01,5,287,Houston
6375,Nightstand,Furniture,870.33,2023-03-07,3,475,"New York"
6376,"Non-fiction Book",Books,691.25,2023-02-22,4,45,"Los Angeles"
6377,Keyboard,Electronics,309.14,2023-01-10,4,282,Houston
6378,"Coffee Table",Furniture,158.53,2023-03-31,1,273,Houston
6379,Doll,Toys,693.74,2023-05-03,4,283,Miami
6380,"Science Book",Books,756.21,2023-02-06,8,83,Chicago
6381,"Coffee Table",Furniture,94.26,2023-01-16,2,240,Miami
6382,"Coffee Table",Furniture,961.37,2023-03-20,3,82,Miami
6383,Laptop,Electronics,121.03,2023-02-04,6,205,"Los Angeles"
6384,Keyboard,Electronics,331.00,2023-01-29,9,278,"Los Angeles"
6385,Keyboard,Electronics,152.88,2023-02-18,9,311,Chicago
6386,"Table Lamp",Furniture,434.15,2023-04-27,10,344,Houston
6387,Chair,Furniture,152.61,2023-02-17,9,232,Houston
6388,Shoes,Clothing,558.56,2023-05-30,5,445,"New York"
6389,T-shirt,Clothing,846.54,2023-02-02,4,149,"Los Angeles"
6390,"Remote Control Car",Toys,230.87,2023-04-23,5,150,"New York"
6391,Headphones,Electronics,487.96,2023-02-12,8,424,"New York"
6392,"Board Game",Toys,776.29,2023-02-19,1,183,Houston
6393,T-shirt,Clothing,530.97,2023-01-19,10,137,Houston
6394,Bed,Furniture,459.77,2023-06-22,5,88,Houston
6395,"Science Book",Books,702.55,2023-05-31,1,401,Miami
6396,"Fiction Book",Books,737.48,2023-01-23,5,321,Miami
6397,Monitor,Electronics,439.10,2023-02-09,8,106,Houston
6398,Speaker,Electronics,711.67,2023-05-02,3,79,"New York"
6399,Doll,Toys,962.87,2023-05-23,1,475,Chicago
6400,"Remote Control Car",Toys,727.15,2023-06-23,7,149,Chicago
6401,"Action Figure",Toys,903.04,2023-01-03,4,372,Houston
6402,"Action Figure",Toys,260.17,2023-01-27,10,197,"New York"
6403,Keyboard,Electronics,902.65,2023-01-26,10,272,Houston
6404,Smartphone,Electronics,885.95,2023-03-18,5,38,Miami
6405,T-shirt,Clothing,674.70,2023-01-17,5,467,"Los Angeles"
6406,Doll,Toys,220.69,2023-06-29,4,316,"New York"
6407,Mouse,Electronics,495.84,2023-06-23,4,400,Miami
6408,Dress,Clothing,332.89,2023-06-23,9,87,Chicago
6409,"Art Book",Books,283.20,2023-06-16,8,47,"New York"
6410,Jacket,Clothing,643.02,2023-05-29,3,262,"New York"
6411,Dress,Clothing,220.67,2023-03-19,5,71,"Los Angeles"
6412,Doll,Toys,11.97,2023-02-06,10,170,Houston
6413,Shoes,Clothing,334.77,2023-02-04,10,124,"Los Angeles"
6414,Puzzle,Toys,794.98,2023-05-23,6,238,Houston
6415,"Board Game",Toys,879.63,2023-06-02,6,203,"Los Angeles"
6416,Smartwatch,Electronics,803.84,2023-02-06,6,173,Miami
6417,"Art Book",Books,111.47,2023-06-19,4,48,"Los Angeles"
6418,"Table Lamp",Furniture,801.01,2023-03-12,6,274,"New York"
6419,"Action Figure",Toys,817.60,2023-05-27,7,300,"New York"
6420,Headphones,Electronics,714.61,2023-02-13,1,284,Houston
6421,T-shirt,Clothing,244.97,2023-02-06,3,401,"New York"
6422,Bed,Furniture,132.47,2023-02-21,1,169,Chicago
6423,Doll,Toys,236.83,2023-02-05,3,381,Miami
6424,"Science Book",Books,58.17,2023-01-07,10,437,"Los Angeles"
6425,Sofa,Furniture,301.00,2023-05-31,3,442,Chicago
6426,Bed,Furniture,652.84,2023-05-31,3,312,Chicago
6427,Sofa,Furniture,440.50,2023-03-07,6,207,Chicago
6428,T-shirt,Clothing,975.60,2023-03-28,5,461,"New York"
6429,Monitor,Electronics,263.46,2023-02-10,4,471,Houston
6430,"Action Figure",Toys,282.97,2023-06-04,5,315,Miami
6431,Dresser,Furniture,419.93,2023-02-17,1,231,"New York"
6432,"Table Lamp",Furniture,407.53,2023-03-27,2,196,Chicago
6433,Monitor,Electronics,95.06,2023-04-13,6,62,Miami
6434,Tablet,Electronics,447.06,2023-04-24,9,90,Chicago
6435,"Non-fiction Book",Books,973.54,2023-02-05,1,365,Chicago
6436,Smartphone,Electronics,884.73,2023-03-06,2,281,Chicago
6437,Shoes,Clothing,286.43,2023-05-01,5,238,Miami
6438,Doll,Toys,113.11,2023-06-22,5,172,"Los Angeles"
6439,Doll,Toys,24.66,2023-01-16,4,282,Houston
6440,Doll,Toys,841.44,2023-02-24,10,4,"New York"
6441,Jacket,Clothing,624.79,2023-05-28,3,351,Miami
6442,Doll,Toys,540.11,2023-06-09,9,183,Chicago
6443,Puzzle,Toys,170.49,2023-01-01,5,241,Miami
6444,Camera,Electronics,46.12,2023-04-15,8,11,Miami
6445,Monitor,Electronics,337.09,2023-04-09,8,20,Miami
6446,"Art Book",Books,474.84,2023-03-29,1,278,Houston
6447,Mouse,Electronics,344.37,2023-06-29,10,406,"New York"
6448,Dress,Clothing,507.46,2023-06-10,10,25,Chicago
6449,"Action Figure",Toys,195.58,2023-03-29,9,369,"New York"
6450,"History Book",Books,603.89,2023-06-11,7,344,Chicago
6451,Puzzle,Toys,565.37,2023-05-08,9,80,"Los Angeles"
6452,"Science Book",Books,696.19,2023-06-14,5,329,Miami
6453,"Coffee Table",Furniture,120.75,2023-02-15,10,391,"New York"
6454,Jeans,Clothing,412.80,2023-03-18,9,103,"Los Angeles"
6455,Monitor,Electronics,381.04,2023-06-22,7,200,"New York"
6456,Puzzle,Toys,381.00,2023-06-25,8,353,"Los Angeles"
6457,"Fiction Book",Books,822.28,2023-04-30,9,148,Miami
6458,"Science Book",Books,223.94,2023-06-04,7,278,Miami
6459,Doll,Toys,452.15,2023-01-23,3,493,"New York"
6460,Dress,Clothing,192.66,2023-02-06,5,258,"Los Angeles"
6461,"Remote Control Car",Toys,712.86,2023-05-24,9,445,Miami
6462,"Art Book",Books,375.80,2023-02-03,9,228,Miami
6463,Doll,Toys,207.51,2023-03-10,3,118,"Los Angeles"
6464,Tablet,Electronics,146.21,2023-06-16,2,58,"New York"
6465,Doll,Toys,427.40,2023-04-04,4,31,"Los Angeles"
6466,Jeans,Clothing,505.31,2023-03-07,4,227,"Los Angeles"
6467,"Table Lamp",Furniture,769.95,2023-02-12,9,305,Chicago
6468,Shoes,Clothing,360.59,2023-06-20,7,232,"Los Angeles"
6469,Bookshelf,Furniture,929.36,2023-04-20,3,195,"Los Angeles"
6470,"Action Figure",Toys,636.81,2023-06-08,6,436,Miami
6471,"Science Book",Books,590.09,2023-04-03,8,226,Miami
6472,"Action Figure",Toys,797.69,2023-04-22,7,320,"New York"
6473,Dress,Clothing,256.62,2023-03-29,7,423,"Los Angeles"
6474,"History Book",Books,424.93,2023-01-07,10,199,"Los Angeles"
6475,Sofa,Furniture,487.82,2023-05-18,4,228,"Los Angeles"
6476,"Fiction Book",Books,550.60,2023-02-12,6,465,"New York"
6477,Jeans,Clothing,377.14,2023-05-13,6,286,"New York"
6478,Bed,Furniture,694.07,2023-01-17,4,298,Miami
6479,Shoes,Clothing,649.20,2023-05-25,1,475,Chicago
6480,"Non-fiction Book",Books,565.44,2023-04-29,6,485,"New York"
6481,Jeans,Clothing,596.38,2023-03-03,10,287,"New York"
6482,"Remote Control Car",Toys,577.93,2023-03-23,6,132,Houston
6483,Doll,Toys,123.11,2023-03-29,1,416,Miami
6484,T-shirt,Clothing,626.74,2023-04-17,1,284,Houston
6485,Dress,Clothing,931.60,2023-02-13,5,184,Chicago
6486,"Non-fiction Book",Books,713.94,2023-06-15,5,250,"New York"
6487,Dresser,Furniture,678.77,2023-03-12,10,214,"Los Angeles"
6488,Shoes,Clothing,297.37,2023-01-10,4,356,Chicago
6489,Camera,Electronics,342.45,2023-01-07,2,329,Miami
6490,Monitor,Electronics,374.79,2023-05-13,6,295,"Los Angeles"
6491,T-shirt,Clothing,576.15,2023-05-07,8,423,Miami
6492,"Fiction Book",Books,994.61,2023-06-09,5,310,Houston
6493,"History Book",Books,770.01,2023-01-06,9,56,"New York"
6494,"Action Figure",Toys,877.89,2023-01-29,2,162,"New York"
6495,"Fiction Book",Books,726.11,2023-01-19,4,187,Miami
6496,Laptop,Electronics,369.17,2023-03-08,8,267,Chicago
6497,Puzzle,Toys,223.87,2023-06-05,7,352,Chicago
6498,Jeans,Clothing,361.65,2023-02-02,9,252,"New York"
6499,Doll,Toys,192.55,2023-05-19,3,19,"Los Angeles"
6500,"History Book",Books,573.81,2023-04-03,9,332,Houston
6501,"Board Game",Toys,881.39,2023-05-05,9,5,Chicago
6502,"Remote Control Car",Toys,555.71,2023-02-01,3,256,Miami
6503,Speaker,Electronics,154.03,2023-01-03,7,27,"Los Angeles"
6504,"Action Figure",Toys,543.55,2023-05-02,8,344,"Los Angeles"
6505,Monitor,Electronics,817.53,2023-06-29,6,328,Houston
6506,Jeans,Clothing,855.30,2023-04-07,2,473,"Los Angeles"
6507,Keyboard,Electronics,916.57,2023-02-06,3,370,Miami
6508,Bookshelf,Furniture,329.25,2023-03-26,4,217,"New York"
6509,Puzzle,Toys,763.20,2023-04-17,7,271,Houston
6510,Puzzle,Toys,227.46,2023-02-21,8,452,"Los Angeles"
6511,T-shirt,Clothing,623.47,2023-06-16,8,1,Houston
6512,"Non-fiction Book",Books,393.86,2023-01-12,2,236,Miami
6513,Nightstand,Furniture,803.35,2023-01-13,10,226,Chicago
6514,Doll,Toys,83.39,2023-02-14,10,105,"New York"
6515,"Science Book",Books,95.67,2023-01-18,2,349,Miami
6516,Chair,Furniture,786.73,2023-03-12,7,421,"Los Angeles"
6517,Shoes,Clothing,576.99,2023-06-24,2,318,Miami
6518,Sofa,Furniture,238.85,2023-03-12,3,18,Chicago
6519,Tablet,Electronics,0.80,2023-02-03,10,29,Chicago
6520,Dress,Clothing,586.40,2023-02-08,4,440,Chicago
6521,"Science Book",Books,847.79,2023-06-17,2,401,Houston
6522,Doll,Toys,567.20,2023-02-06,4,456,Houston
6523,Dress,Clothing,139.12,2023-01-24,3,364,Miami
6524,"Science Book",Books,156.20,2023-03-29,10,152,Houston
6525,Desk,Furniture,811.97,2023-01-11,9,56,Miami
6526,T-shirt,Clothing,282.89,2023-03-09,1,7,Miami
6527,"Board Game",Toys,508.86,2023-02-17,8,84,Chicago
6528,"History Book",Books,642.74,2023-03-12,1,7,Miami
6529,"History Book",Books,116.20,2023-04-29,10,368,Miami
6530,Smartwatch,Electronics,42.36,2023-02-28,5,252,"New York"
6531,"Fiction Book",Books,573.49,2023-04-14,2,46,Miami
6532,Shoes,Clothing,398.33,2023-04-16,8,444,"Los Angeles"
6533,T-shirt,Clothing,85.47,2023-06-17,4,66,Chicago
6534,Laptop,Electronics,523.58,2023-01-09,7,96,Miami
6535,Chair,Furniture,312.21,2023-06-28,1,63,Chicago
6536,Jacket,Clothing,808.17,2023-01-20,2,137,"New York"
6537,Speaker,Electronics,296.00,2023-04-09,9,301,Chicago
6538,T-shirt,Clothing,800.92,2023-06-03,9,365,"New York"
6539,Smartwatch,Electronics,873.67,2023-02-27,10,456,Houston
6540,Jeans,Clothing,964.27,2023-01-13,5,37,Miami
6541,"Art Book",Books,788.12,2023-03-31,2,80,Chicago
6542,Dress,Clothing,716.74,2023-02-04,9,237,Miami
6543,"Table Lamp",Furniture,940.03,2023-01-08,4,424,"New York"
6544,"Science Book",Books,80.33,2023-01-10,1,497,Miami
6545,Bookshelf,Furniture,551.75,2023-05-10,10,254,Houston
6546,Smartwatch,Electronics,925.80,2023-04-08,10,26,Chicago
6547,Laptop,Electronics,301.05,2023-01-29,9,476,"New York"
6548,"Art Book",Books,574.11,2023-02-01,2,144,Miami
6549,"Board Game",Toys,574.25,2023-04-18,3,254,Houston
6550,Desk,Furniture,313.20,2023-04-03,7,333,"Los Angeles"
6551,Puzzle,Toys,945.39,2023-03-07,10,435,"Los Angeles"
6552,Nightstand,Furniture,988.45,2023-02-04,10,167,Houston
6553,"Art Book",Books,993.59,2023-01-07,2,440,Miami
6554,Bed,Furniture,339.90,2023-02-07,1,246,"Los Angeles"
6555,T-shirt,Clothing,113.55,2023-02-22,2,354,"New York"
6556,"Board Game",Toys,66.80,2023-05-30,10,152,Houston
6557,Bed,Furniture,537.02,2023-02-17,8,375,Houston
6558,Doll,Toys,381.71,2023-05-16,7,415,"Los Angeles"
6559,"Remote Control Car",Toys,12.51,2023-01-19,5,64,"New York"
6560,Shoes,Clothing,881.99,2023-05-29,5,464,"New York"
6561,Monitor,Electronics,376.24,2023-05-07,4,407,Miami
6562,Speaker,Electronics,205.53,2023-02-17,8,373,Houston
6563,"Fiction Book",Books,242.30,2023-06-02,6,26,Houston
6564,"Table Lamp",Furniture,625.70,2023-04-14,1,153,Chicago
6565,"Science Book",Books,777.22,2023-03-01,4,280,Miami
6566,"History Book",Books,466.79,2023-02-18,10,474,Miami
6567,T-shirt,Clothing,856.55,2023-06-27,4,424,"New York"
6568,Mouse,Electronics,175.17,2023-02-08,6,16,Chicago
6569,"History Book",Books,847.28,2023-06-09,9,371,"New York"
6570,Keyboard,Electronics,857.30,2023-06-17,1,326,Miami
6571,"Remote Control Car",Toys,616.33,2023-03-07,10,358,Houston
6572,"Table Lamp",Furniture,887.79,2023-05-08,9,120,Chicago
6573,Laptop,Electronics,327.15,2023-01-20,6,253,Miami
6574,"History Book",Books,318.35,2023-05-02,5,50,"Los Angeles"
6575,"Non-fiction Book",Books,934.43,2023-06-13,8,477,Chicago
6576,"Action Figure",Toys,447.43,2023-01-11,10,311,"Los Angeles"
6577,Dresser,Furniture,546.65,2023-05-10,10,298,"New York"
6578,"Remote Control Car",Toys,879.19,2023-05-12,1,436,"Los Angeles"
6579,"Remote Control Car",Toys,753.72,2023-06-21,6,352,Miami
6580,"Art Book",Books,459.44,2023-03-17,8,175,Chicago
6581,"Board Game",Toys,696.36,2023-01-30,8,86,Houston
6582,"Art Book",Books,368.59,2023-01-02,10,333,Chicago
6583,T-shirt,Clothing,273.95,2023-05-31,4,122,"New York"
6584,Laptop,Electronics,214.15,2023-05-09,10,248,Houston
6585,"Remote Control Car",Toys,311.82,2023-06-28,1,93,Miami
6586,Jeans,Clothing,944.01,2023-05-15,10,161,Miami
6587,Sofa,Furniture,145.11,2023-06-24,5,98,Houston
6588,Puzzle,Toys,768.61,2023-04-23,9,126,Houston
6589,Keyboard,Electronics,557.16,2023-04-16,3,245,Houston
6590,Smartphone,Electronics,180.89,2023-05-14,2,295,Chicago
6591,Jeans,Clothing,796.94,2023-01-27,4,167,Chicago
6592,"Action Figure",Toys,721.49,2023-02-06,9,301,Chicago
6593,"History Book",Books,494.90,2023-03-22,8,228,Miami
6594,"Fiction Book",Books,376.88,2023-05-19,8,160,Chicago
6595,Monitor,Electronics,373.35,2023-05-30,1,332,"Los Angeles"
6596,Camera,Electronics,153.52,2023-01-14,10,177,"New York"
6597,Smartphone,Electronics,272.25,2023-01-29,10,170,Miami
6598,Camera,Electronics,939.29,2023-02-12,4,80,Houston
6599,Doll,Toys,12.80,2023-01-18,5,492,Chicago
6600,"Non-fiction Book",Books,211.19,2023-01-19,9,43,Houston
6601,"Fiction Book",Books,600.19,2023-04-14,1,315,Miami
6602,"Fiction Book",Books,346.61,2023-02-24,5,234,Miami
6603,Smartphone,Electronics,632.21,2023-01-21,7,2,"New York"
6604,Smartphone,Electronics,398.27,2023-05-09,4,356,Chicago
6605,Smartphone,Electronics,135.51,2023-03-23,9,450,Miami
6606,Laptop,Electronics,984.64,2023-02-28,7,201,Miami
6607,"Science Book",Books,367.64,2023-03-11,9,15,Houston
6608,Keyboard,Electronics,898.25,2023-02-13,6,428,Houston
6609,Laptop,Electronics,727.00,2023-01-12,2,248,"New York"
6610,"Remote Control Car",Toys,150.34,2023-06-27,5,193,Chicago
6611,Jacket,Clothing,113.79,2023-03-29,2,20,Miami
6612,Desk,Furniture,122.82,2023-04-05,3,380,Miami
6613,"Non-fiction Book",Books,835.88,2023-01-15,9,92,"Los Angeles"
6614,"Fiction Book",Books,222.96,2023-05-19,2,318,Houston
6615,Camera,Electronics,726.35,2023-01-30,7,359,Houston
6616,Headphones,Electronics,261.97,2023-01-18,7,87,Houston
6617,Jacket,Clothing,570.10,2023-04-07,10,148,Chicago
6618,"Fiction Book",Books,583.07,2023-03-17,4,215,"New York"
6619,Jacket,Clothing,893.66,2023-04-18,4,364,Houston
6620,T-shirt,Clothing,109.69,2023-02-17,10,62,Houston
6621,"Remote Control Car",Toys,662.11,2023-04-07,7,416,"New York"
6622,Puzzle,Toys,77.77,2023-04-16,7,344,"Los Angeles"
6623,"History Book",Books,577.42,2023-04-08,10,144,Chicago
6624,Dress,Clothing,371.70,2023-04-18,9,281,"New York"
6625,Wardrobe,Furniture,509.00,2023-06-14,1,223,"New York"
6626,Wardrobe,Furniture,403.85,2023-04-11,6,128,Chicago
6627,"Science Book",Books,827.44,2023-05-26,6,190,"Los Angeles"
6628,"Remote Control Car",Toys,156.56,2023-05-29,7,396,Miami
6629,"Fiction Book",Books,292.11,2023-03-14,2,260,"New York"
6630,Dresser,Furniture,593.68,2023-01-02,3,135,Chicago
6631,Mouse,Electronics,635.90,2023-03-31,6,199,"Los Angeles"
6632,Smartwatch,Electronics,861.88,2023-03-24,7,53,Chicago
6633,"Action Figure",Toys,891.81,2023-01-24,10,232,Chicago
6634,"Art Book",Books,47.69,2023-02-15,2,418,Miami
6635,Dress,Clothing,721.55,2023-01-20,4,304,Miami
6636,T-shirt,Clothing,664.88,2023-01-30,9,343,Miami
6637,Shoes,Clothing,501.22,2023-01-17,10,232,Chicago
6638,"Board Game",Toys,794.48,2023-02-23,2,329,Miami
6639,"Fiction Book",Books,193.78,2023-04-22,6,383,"Los Angeles"
6640,"Remote Control Car",Toys,683.45,2023-05-14,7,54,Chicago
6641,Chair,Furniture,674.02,2023-06-18,7,247,Chicago
6642,Doll,Toys,319.13,2023-06-15,7,251,Chicago
6643,Bed,Furniture,729.98,2023-02-07,9,337,Houston
6644,Doll,Toys,302.02,2023-06-09,6,454,Miami
6645,Bookshelf,Furniture,60.46,2023-01-31,7,433,"Los Angeles"
6646,Puzzle,Toys,475.80,2023-03-24,9,465,"New York"
6647,Dress,Clothing,487.97,2023-02-08,7,202,"New York"
6648,"Fiction Book",Books,401.45,2023-04-25,10,494,Miami
6649,Smartphone,Electronics,348.64,2023-04-03,6,23,Houston
6650,Sofa,Furniture,548.45,2023-06-19,1,261,"Los Angeles"
6651,Shoes,Clothing,989.98,2023-03-19,2,292,"Los Angeles"
6652,Nightstand,Furniture,58.98,2023-03-23,1,21,Miami
6653,"History Book",Books,376.87,2023-05-17,7,487,Miami
6654,"History Book",Books,508.79,2023-03-10,4,379,Houston
6655,"Remote Control Car",Toys,319.03,2023-01-16,5,52,"New York"
6656,Mouse,Electronics,397.34,2023-02-12,10,92,Miami
6657,Nightstand,Furniture,699.02,2023-04-15,8,128,Miami
6658,"Science Book",Books,806.54,2023-03-14,6,375,Miami
6659,"Fiction Book",Books,895.83,2023-01-08,6,213,Chicago
6660,"History Book",Books,820.29,2023-05-10,2,233,Miami
6661,Nightstand,Furniture,865.35,2023-03-03,2,253,"Los Angeles"
6662,T-shirt,Clothing,500.72,2023-03-23,8,213,Miami
6663,Mouse,Electronics,589.95,2023-03-06,1,491,Miami
6664,Dress,Clothing,438.15,2023-04-09,5,206,Miami
6665,"Action Figure",Toys,499.36,2023-03-08,4,303,Miami
6666,Camera,Electronics,880.50,2023-05-17,2,252,"New York"
6667,"Science Book",Books,952.99,2023-04-03,8,36,"New York"
6668,"Fiction Book",Books,869.85,2023-03-04,2,294,Chicago
6669,Keyboard,Electronics,156.68,2023-03-22,8,254,"Los Angeles"
6670,Jeans,Clothing,649.21,2023-03-13,1,474,Houston
6671,Jeans,Clothing,23.64,2023-02-22,4,56,"Los Angeles"
6672,Jeans,Clothing,648.24,2023-04-25,3,107,"Los Angeles"
6673,"Table Lamp",Furniture,557.32,2023-02-13,6,451,Miami
6674,"Remote Control Car",Toys,996.23,2023-01-13,4,286,Houston
6675,Wardrobe,Furniture,309.59,2023-01-26,8,224,Miami
6676,Bed,Furniture,615.45,2023-05-01,5,231,Miami
6677,"Fiction Book",Books,772.40,2023-02-20,1,292,Houston
6678,Jacket,Clothing,319.91,2023-02-07,1,372,Chicago
6679,"Coffee Table",Furniture,922.92,2023-03-18,4,252,Chicago
6680,"Non-fiction Book",Books,663.65,2023-02-01,9,449,Miami
6681,Shoes,Clothing,649.91,2023-05-31,3,296,"Los Angeles"
6682,"History Book",Books,310.95,2023-03-27,5,419,Miami
6683,"History Book",Books,244.84,2023-03-06,1,134,"New York"
6684,Puzzle,Toys,244.44,2023-06-28,3,92,"Los Angeles"
6685,T-shirt,Clothing,864.55,2023-01-02,5,99,Houston
6686,"Non-fiction Book",Books,915.46,2023-03-18,4,324,"New York"
6687,T-shirt,Clothing,973.29,2023-04-27,4,338,Chicago
6688,Puzzle,Toys,571.45,2023-05-15,1,443,"Los Angeles"
6689,Keyboard,Electronics,923.92,2023-02-21,7,212,"New York"
6690,Shoes,Clothing,810.48,2023-04-10,4,476,Houston
6691,Laptop,Electronics,449.21,2023-05-22,6,286,"New York"
6692,"Science Book",Books,248.70,2023-05-12,10,184,"New York"
6693,Jacket,Clothing,350.96,2023-04-22,1,171,Chicago
6694,Puzzle,Toys,107.27,2023-02-14,10,393,"Los Angeles"
6695,"Art Book",Books,466.13,2023-04-13,5,262,"Los Angeles"
6696,Doll,Toys,963.45,2023-06-21,9,271,"New York"
6697,"Non-fiction Book",Books,536.75,2023-05-05,9,76,"Los Angeles"
6698,"Science Book",Books,14.04,2023-02-22,5,80,Chicago
6699,Jeans,Clothing,434.20,2023-01-30,6,64,"New York"
6700,Doll,Toys,130.11,2023-04-07,3,429,Chicago
6701,T-shirt,Clothing,159.20,2023-03-24,9,358,"New York"
6702,Shoes,Clothing,369.35,2023-06-28,9,126,Houston
6703,"Action Figure",Toys,0.90,2023-04-30,4,292,Miami
6704,Mouse,Electronics,670.98,2023-04-13,9,247,Miami
6705,Bookshelf,Furniture,57.93,2023-02-11,10,82,Miami
6706,Keyboard,Electronics,335.76,2023-02-06,10,195,Miami
6707,Shoes,Clothing,224.08,2023-01-31,2,197,Chicago
6708,"Board Game",Toys,258.20,2023-01-09,5,113,Houston
6709,"Action Figure",Toys,3.49,2023-05-06,5,131,Miami
6710,"History Book",Books,684.57,2023-02-01,9,322,Houston
6711,Shoes,Clothing,609.52,2023-03-14,2,362,"New York"
6712,Keyboard,Electronics,912.56,2023-02-03,2,194,"Los Angeles"
6713,"Non-fiction Book",Books,411.97,2023-02-04,8,16,Miami
6714,Doll,Toys,955.41,2023-06-05,5,365,"Los Angeles"
6715,Mouse,Electronics,630.75,2023-03-25,5,352,"Los Angeles"
6716,Laptop,Electronics,148.93,2023-02-28,2,478,"Los Angeles"
6717,Monitor,Electronics,24.60,2023-01-30,8,142,"New York"
6718,"Remote Control Car",Toys,7.85,2023-02-18,4,376,Miami
6719,Puzzle,Toys,435.21,2023-05-21,7,333,Chicago
6720,Jeans,Clothing,127.11,2023-04-02,2,128,Miami
6721,Nightstand,Furniture,960.99,2023-06-17,8,29,Miami
6722,"Science Book",Books,713.74,2023-06-09,3,415,"Los Angeles"
6723,"Fiction Book",Books,982.65,2023-05-16,9,439,Miami
6724,"Board Game",Toys,305.38,2023-05-26,2,117,Houston
6725,Monitor,Electronics,469.84,2023-02-10,8,444,"Los Angeles"
6726,Doll,Toys,59.47,2023-03-03,6,310,Chicago
6727,"Art Book",Books,359.01,2023-01-28,7,14,"New York"
6728,Keyboard,Electronics,720.61,2023-03-11,8,334,"New York"
6729,Nightstand,Furniture,60.03,2023-03-28,3,317,Chicago
6730,"Fiction Book",Books,30.30,2023-01-06,1,132,"New York"
6731,"Non-fiction Book",Books,959.98,2023-01-30,10,77,Miami
6732,Jeans,Clothing,899.32,2023-05-20,2,267,"New York"
6733,Monitor,Electronics,462.34,2023-01-23,3,409,"Los Angeles"
6734,Shoes,Clothing,421.30,2023-02-26,4,324,"Los Angeles"
6735,Jeans,Clothing,343.93,2023-05-14,7,63,Houston
6736,"History Book",Books,580.10,2023-04-28,6,340,Miami
6737,Headphones,Electronics,537.93,2023-04-01,10,17,Chicago
6738,Laptop,Electronics,408.98,2023-04-25,10,447,Chicago
6739,Bed,Furniture,647.02,2023-05-25,1,473,Chicago
6740,"Fiction Book",Books,443.87,2023-05-30,9,319,Houston
6741,"Art Book",Books,805.12,2023-02-14,9,212,Houston
6742,"Fiction Book",Books,26.72,2023-06-14,5,338,Miami
6743,"Non-fiction Book",Books,755.57,2023-05-25,8,169,Chicago
6744,Mouse,Electronics,352.59,2023-01-06,1,191,Houston
6745,"Remote Control Car",Toys,932.03,2023-05-18,1,386,Miami
6746,"Science Book",Books,87.06,2023-06-22,6,405,Chicago
6747,"Non-fiction Book",Books,777.96,2023-05-05,2,265,"Los Angeles"
6748,Doll,Toys,838.59,2023-03-16,6,249,Miami
6749,"Fiction Book",Books,387.07,2023-04-17,8,88,Chicago
6750,Smartwatch,Electronics,949.97,2023-06-17,8,101,Houston
6751,Jeans,Clothing,542.52,2023-04-18,4,493,Miami
6752,Sofa,Furniture,48.36,2023-04-11,7,265,Houston
6753,Smartphone,Electronics,978.90,2023-05-31,3,366,Miami
6754,Desk,Furniture,204.10,2023-06-03,7,379,Houston
6755,"Fiction Book",Books,172.79,2023-05-12,2,236,Miami
6756,Nightstand,Furniture,737.00,2023-05-21,8,80,Houston
6757,Puzzle,Toys,991.63,2023-04-22,2,365,"Los Angeles"
6758,Bed,Furniture,609.04,2023-04-17,2,430,Miami
6759,Doll,Toys,83.00,2023-05-22,7,497,Miami
6760,"Fiction Book",Books,242.04,2023-05-29,5,290,Houston
6761,Jacket,Clothing,329.76,2023-02-15,3,302,"New York"
6762,Tablet,Electronics,881.24,2023-04-12,2,102,Chicago
6763,"Science Book",Books,967.10,2023-03-23,4,236,"Los Angeles"
6764,Puzzle,Toys,406.70,2023-02-08,9,283,"Los Angeles"
6765,Doll,Toys,803.25,2023-02-11,8,491,Houston
6766,Shoes,Clothing,381.75,2023-03-17,10,227,Chicago
6767,"Remote Control Car",Toys,935.57,2023-06-29,2,483,"Los Angeles"
6768,Nightstand,Furniture,856.34,2023-03-04,2,403,Chicago
6769,Monitor,Electronics,202.61,2023-06-23,3,86,"Los Angeles"
6770,Jeans,Clothing,351.90,2023-01-21,6,143,Miami
6771,Sofa,Furniture,394.32,2023-01-14,2,376,"New York"
6772,Dress,Clothing,264.89,2023-01-22,9,350,"New York"
6773,Wardrobe,Furniture,512.59,2023-01-18,10,195,"New York"
6774,Jeans,Clothing,900.54,2023-04-14,2,90,"Los Angeles"
6775,Speaker,Electronics,143.32,2023-06-07,10,57,Houston
6776,Chair,Furniture,974.70,2023-03-16,2,266,"New York"
6777,Chair,Furniture,830.99,2023-04-24,7,198,"New York"
6778,"Action Figure",Toys,417.91,2023-04-05,4,145,"Los Angeles"
6779,"History Book",Books,678.94,2023-01-07,2,294,Chicago
6780,"Board Game",Toys,420.12,2023-03-07,6,325,Houston
6781,Mouse,Electronics,407.42,2023-03-27,2,169,"Los Angeles"
6782,Smartphone,Electronics,722.09,2023-04-03,5,255,"Los Angeles"
6783,Laptop,Electronics,752.08,2023-02-20,2,421,Houston
6784,Shoes,Clothing,320.27,2023-05-19,9,39,Houston
6785,Dress,Clothing,154.13,2023-01-09,8,394,Chicago
6786,Jacket,Clothing,178.00,2023-05-08,10,438,"Los Angeles"
6787,Sofa,Furniture,313.60,2023-06-09,5,416,Houston
6788,"Art Book",Books,434.00,2023-02-23,2,17,Houston
6789,"Remote Control Car",Toys,672.42,2023-04-29,3,179,Miami
6790,Doll,Toys,341.09,2023-04-06,7,302,"New York"
6791,"Art Book",Books,951.49,2023-05-27,3,322,Chicago
6792,"Remote Control Car",Toys,356.10,2023-03-03,7,93,Miami
6793,T-shirt,Clothing,492.62,2023-06-29,5,251,"New York"
6794,Shoes,Clothing,299.70,2023-01-18,6,292,"New York"
6795,"Table Lamp",Furniture,8.52,2023-03-20,2,216,Houston
6796,Chair,Furniture,191.71,2023-03-07,3,63,Miami
6797,Camera,Electronics,131.83,2023-06-23,5,132,"New York"
6798,Bed,Furniture,275.52,2023-01-15,6,295,"Los Angeles"
6799,Jacket,Clothing,730.52,2023-05-17,7,373,Miami
6800,Wardrobe,Furniture,384.18,2023-02-26,5,69,Chicago
6801,"Science Book",Books,302.73,2023-06-22,9,243,Miami
6802,Dress,Clothing,982.39,2023-02-14,3,364,Houston
6803,Dress,Clothing,108.11,2023-06-06,1,232,"Los Angeles"
6804,"Action Figure",Toys,551.26,2023-03-23,7,343,Chicago
6805,"Remote Control Car",Toys,583.33,2023-02-21,7,268,Houston
6806,T-shirt,Clothing,253.70,2023-02-18,6,48,Houston
6807,"Coffee Table",Furniture,653.49,2023-06-23,9,201,Chicago
6808,"Board Game",Toys,658.82,2023-05-19,9,1,Chicago
6809,Tablet,Electronics,954.43,2023-01-03,3,495,"Los Angeles"
6810,"Non-fiction Book",Books,754.25,2023-05-10,4,261,Chicago
6811,Jeans,Clothing,485.55,2023-03-07,4,336,"Los Angeles"
6812,Dress,Clothing,346.66,2023-01-07,2,299,Chicago
6813,Monitor,Electronics,675.87,2023-03-08,9,500,Chicago
6814,"History Book",Books,479.29,2023-02-28,2,6,Chicago
6815,Nightstand,Furniture,772.39,2023-01-25,4,218,"New York"
6816,Speaker,Electronics,872.44,2023-03-07,3,456,Miami
6817,Monitor,Electronics,672.28,2023-02-19,4,484,Houston
6818,Doll,Toys,590.17,2023-01-29,1,311,"New York"
6819,Dresser,Furniture,369.17,2023-05-18,8,154,"Los Angeles"
6820,Puzzle,Toys,351.66,2023-05-30,1,500,Houston
6821,Dress,Clothing,681.93,2023-01-16,4,309,Miami
6822,"Remote Control Car",Toys,44.80,2023-02-12,1,246,"Los Angeles"
6823,Chair,Furniture,904.10,2023-01-31,2,68,"Los Angeles"
6824,Monitor,Electronics,464.47,2023-03-10,6,198,Chicago
6825,Smartphone,Electronics,125.18,2023-03-12,6,367,Miami
6826,Jeans,Clothing,293.80,2023-04-09,9,288,"Los Angeles"
6827,Smartphone,Electronics,404.79,2023-05-11,5,448,"Los Angeles"
6828,Jacket,Clothing,228.71,2023-06-16,10,472,Miami
6829,Jeans,Clothing,711.26,2023-05-01,3,18,Chicago
6830,"Science Book",Books,741.47,2023-01-22,4,270,Chicago
6831,Laptop,Electronics,200.73,2023-04-17,4,26,"New York"
6832,"History Book",Books,223.90,2023-02-20,8,389,Houston
6833,Desk,Furniture,578.57,2023-05-09,9,7,Chicago
6834,Doll,Toys,292.90,2023-03-19,3,30,Chicago
6835,Wardrobe,Furniture,387.76,2023-03-21,1,431,"Los Angeles"
6836,Dress,Clothing,152.84,2023-02-28,2,409,Houston
6837,"Non-fiction Book",Books,404.49,2023-02-17,2,389,Chicago
6838,Sofa,Furniture,327.07,2023-05-15,8,243,"New York"
6839,Shoes,Clothing,976.99,2023-02-08,2,33,Miami
6840,Wardrobe,Furniture,451.72,2023-04-21,8,378,Houston
6841,"Action Figure",Toys,530.84,2023-01-16,9,442,Miami
6842,Monitor,Electronics,774.12,2023-05-13,4,302,Miami
6843,Doll,Toys,320.42,2023-04-04,7,292,"New York"
6844,T-shirt,Clothing,963.40,2023-04-29,5,40,"New York"
6845,Jeans,Clothing,958.56,2023-05-26,2,185,"Los Angeles"
6846,"Science Book",Books,654.81,2023-04-11,9,226,Houston
6847,Jeans,Clothing,158.22,2023-05-12,2,330,Houston
6848,"Board Game",Toys,242.49,2023-06-20,1,82,Miami
6849,"Science Book",Books,40.03,2023-03-29,4,37,Chicago
6850,Headphones,Electronics,732.02,2023-03-11,8,235,"New York"
6851,Jacket,Clothing,236.33,2023-01-08,5,158,"New York"
6852,"Art Book",Books,161.31,2023-03-09,4,398,Miami
6853,"Non-fiction Book",Books,813.80,2023-03-24,9,433,Houston
6854,Chair,Furniture,955.33,2023-02-16,5,198,Houston
6855,Camera,Electronics,567.55,2023-03-14,4,159,Houston
6856,Shoes,Clothing,775.80,2023-06-10,2,485,Chicago
6857,Jacket,Clothing,976.00,2023-06-23,9,290,"Los Angeles"
6858,Nightstand,Furniture,955.10,2023-05-28,3,336,Houston
6859,Nightstand,Furniture,479.01,2023-04-18,6,453,Miami
6860,"Board Game",Toys,694.82,2023-01-29,8,15,"New York"
6861,Mouse,Electronics,512.94,2023-05-23,5,386,Chicago
6862,Jacket,Clothing,336.06,2023-03-14,10,388,Miami
6863,Speaker,Electronics,341.38,2023-06-08,4,147,"Los Angeles"
6864,"Non-fiction Book",Books,548.31,2023-06-04,7,320,"Los Angeles"
6865,Jeans,Clothing,11.04,2023-02-26,6,371,"New York"
6866,Desk,Furniture,411.08,2023-06-16,5,113,Miami
6867,"Remote Control Car",Toys,414.03,2023-04-13,7,169,Miami
6868,"Coffee Table",Furniture,979.73,2023-04-25,3,151,Houston
6869,"Board Game",Toys,939.66,2023-06-24,1,105,Miami
6870,Bookshelf,Furniture,860.44,2023-03-02,2,255,"Los Angeles"
6871,"Science Book",Books,366.88,2023-03-28,4,59,Houston
6872,"Board Game",Toys,819.03,2023-04-19,6,11,Chicago
6873,Puzzle,Toys,192.13,2023-01-19,10,197,"New York"
6874,Jeans,Clothing,787.25,2023-01-16,1,37,"New York"
6875,"Science Book",Books,758.56,2023-02-16,1,138,"Los Angeles"
6876,"Board Game",Toys,623.52,2023-05-11,8,290,Houston
6877,Dress,Clothing,250.51,2023-04-19,3,279,Miami
6878,Headphones,Electronics,432.16,2023-06-06,1,332,"New York"
6879,"Non-fiction Book",Books,250.40,2023-03-06,1,35,"Los Angeles"
6880,Smartwatch,Electronics,154.45,2023-05-09,1,176,Chicago
6881,Wardrobe,Furniture,627.09,2023-04-02,7,365,Houston
6882,Bookshelf,Furniture,981.74,2023-05-24,1,379,Houston
6883,Chair,Furniture,861.24,2023-06-20,2,446,"New York"
6884,T-shirt,Clothing,9.20,2023-06-08,4,107,Miami
6885,Camera,Electronics,642.47,2023-05-22,10,308,"New York"
6886,"Art Book",Books,461.30,2023-05-05,1,164,"Los Angeles"
6887,Puzzle,Toys,768.04,2023-04-20,8,410,Miami
6888,Headphones,Electronics,446.58,2023-06-28,7,76,Miami
6889,"Remote Control Car",Toys,91.95,2023-04-10,5,382,"Los Angeles"
6890,Dress,Clothing,988.31,2023-03-16,2,158,"Los Angeles"
6891,Bed,Furniture,762.63,2023-02-27,4,303,"New York"
6892,"Art Book",Books,231.81,2023-05-09,9,112,Chicago
6893,Puzzle,Toys,724.52,2023-05-06,4,232,"Los Angeles"
6894,Dress,Clothing,940.87,2023-02-02,1,445,"New York"
6895,"Coffee Table",Furniture,904.85,2023-02-26,9,194,"Los Angeles"
6896,Dress,Clothing,365.01,2023-01-14,3,60,Houston
6897,"History Book",Books,721.94,2023-03-24,2,132,Miami
6898,"Board Game",Toys,211.45,2023-03-06,2,370,"Los Angeles"
6899,"Board Game",Toys,636.31,2023-06-21,9,195,"Los Angeles"
6900,"Remote Control Car",Toys,143.23,2023-06-20,4,358,Houston
6901,Tablet,Electronics,313.00,2023-05-08,6,428,Chicago
6902,"Remote Control Car",Toys,193.45,2023-01-10,7,110,"New York"
6903,"Non-fiction Book",Books,696.56,2023-03-08,8,338,"New York"
6904,T-shirt,Clothing,454.91,2023-05-06,2,275,"Los Angeles"
6905,Smartwatch,Electronics,810.99,2023-01-20,2,101,Houston
6906,"Action Figure",Toys,173.94,2023-03-23,8,164,Chicago
6907,Keyboard,Electronics,733.82,2023-03-09,7,128,"Los Angeles"
6908,Dress,Clothing,446.09,2023-04-07,4,39,"Los Angeles"
6909,"Fiction Book",Books,547.14,2023-03-22,6,325,Chicago
6910,Sofa,Furniture,113.48,2023-06-18,4,429,"Los Angeles"
6911,"Board Game",Toys,876.97,2023-06-09,9,180,"Los Angeles"
6912,"Action Figure",Toys,615.47,2023-01-02,2,462,"New York"
6913,T-shirt,Clothing,426.07,2023-04-27,10,433,Chicago
6914,"History Book",Books,929.82,2023-03-10,2,215,Miami
6915,"Non-fiction Book",Books,996.72,2023-02-19,4,23,"New York"
6916,Dresser,Furniture,50.66,2023-02-27,5,108,Houston
6917,Wardrobe,Furniture,328.40,2023-02-13,3,193,"Los Angeles"
6918,Speaker,Electronics,217.19,2023-02-24,9,189,"Los Angeles"
6919,Jeans,Clothing,216.19,2023-01-25,1,369,Chicago
6920,"Fiction Book",Books,997.41,2023-05-25,1,355,Chicago
6921,Wardrobe,Furniture,458.44,2023-05-17,5,401,Houston
6922,"Coffee Table",Furniture,347.96,2023-04-21,1,156,Chicago
6923,"Table Lamp",Furniture,390.59,2023-03-20,1,381,Houston
6924,Jeans,Clothing,201.94,2023-06-18,1,283,Chicago
6925,"Coffee Table",Furniture,649.24,2023-01-21,7,383,Miami
6926,Jacket,Clothing,975.06,2023-05-17,9,1,Chicago
6927,"Coffee Table",Furniture,29.99,2023-06-20,7,221,"Los Angeles"
6928,Doll,Toys,530.23,2023-03-25,8,144,"Los Angeles"
6929,Dresser,Furniture,325.90,2023-05-19,9,17,Chicago
6930,"Art Book",Books,94.93,2023-06-20,5,227,Miami
6931,Smartwatch,Electronics,239.23,2023-01-24,10,112,"Los Angeles"
6932,Monitor,Electronics,656.85,2023-01-24,7,31,"Los Angeles"
6933,Doll,Toys,146.01,2023-01-13,10,181,"New York"
6934,Nightstand,Furniture,193.63,2023-01-06,6,385,"New York"
6935,Bookshelf,Furniture,741.78,2023-04-24,10,388,"New York"
6936,Speaker,Electronics,751.72,2023-05-31,10,88,"New York"
6937,"History Book",Books,431.49,2023-06-07,1,404,Houston
6938,Shoes,Clothing,958.38,2023-02-12,4,437,Chicago
6939,T-shirt,Clothing,773.43,2023-05-22,7,332,Chicago
6940,Jeans,Clothing,421.07,2023-03-26,1,490,Houston
6941,Nightstand,Furniture,712.96,2023-04-23,10,16,"Los Angeles"
6942,Doll,Toys,406.86,2023-02-09,9,364,"New York"
6943,"Action Figure",Toys,136.57,2023-02-26,2,453,"New York"
6944,Dresser,Furniture,325.22,2023-04-22,2,365,"Los Angeles"
6945,Bed,Furniture,535.67,2023-02-19,8,7,Houston
6946,"Science Book",Books,283.94,2023-06-09,6,114,Chicago
6947,"Table Lamp",Furniture,497.67,2023-06-24,4,437,"Los Angeles"
6948,"Board Game",Toys,777.50,2023-03-21,9,56,Miami
6949,Camera,Electronics,143.32,2023-01-05,8,229,"New York"
6950,Jacket,Clothing,103.24,2023-03-27,1,462,Chicago
6951,Desk,Furniture,581.92,2023-05-06,8,304,Miami
6952,Wardrobe,Furniture,517.63,2023-01-02,5,180,"Los Angeles"
6953,"History Book",Books,289.66,2023-02-23,7,119,"Los Angeles"
6954,"Fiction Book",Books,995.39,2023-05-15,8,254,"Los Angeles"
6955,Puzzle,Toys,521.29,2023-05-02,9,22,Houston
6956,"Science Book",Books,937.07,2023-03-07,1,491,Miami
6957,Chair,Furniture,702.71,2023-01-14,3,39,Houston
6958,"Fiction Book",Books,233.13,2023-05-27,4,189,Houston
6959,"Remote Control Car",Toys,700.48,2023-06-22,7,281,Houston
6960,Speaker,Electronics,735.94,2023-05-18,7,382,Miami
6961,"Fiction Book",Books,929.94,2023-02-01,1,443,"New York"
6962,Dresser,Furniture,454.95,2023-03-11,6,309,Chicago
6963,Desk,Furniture,500.03,2023-02-27,2,288,Chicago
6964,Keyboard,Electronics,257.04,2023-06-10,7,367,Houston
6965,Puzzle,Toys,929.45,2023-03-19,4,246,"Los Angeles"
6966,T-shirt,Clothing,425.32,2023-04-25,9,282,"New York"
6967,"Board Game",Toys,691.81,2023-06-06,3,350,Houston
6968,Jeans,Clothing,608.10,2023-03-19,4,203,Miami
6969,"Art Book",Books,276.76,2023-04-19,2,76,"New York"
6970,Jacket,Clothing,982.94,2023-06-18,8,403,Miami
6971,"Remote Control Car",Toys,801.24,2023-02-25,2,403,Chicago
6972,Jacket,Clothing,212.00,2023-05-31,6,119,Chicago
6973,Doll,Toys,364.12,2023-01-09,2,315,Houston
6974,Dress,Clothing,782.12,2023-04-09,4,152,"Los Angeles"
6975,"Action Figure",Toys,343.12,2023-02-03,10,481,"New York"
6976,Jacket,Clothing,331.76,2023-05-28,2,27,Miami
6977,"Non-fiction Book",Books,188.43,2023-02-28,1,160,Chicago
6978,Monitor,Electronics,449.51,2023-01-29,5,376,Chicago
6979,"Remote Control Car",Toys,875.38,2023-05-19,3,419,Chicago
6980,Doll,Toys,44.03,2023-01-06,1,34,"Los Angeles"
6981,"Action Figure",Toys,786.10,2023-04-04,3,293,"Los Angeles"
6982,Dress,Clothing,182.88,2023-03-14,5,85,Chicago
6983,Jacket,Clothing,455.38,2023-03-07,5,81,Chicago
6984,"Science Book",Books,230.28,2023-04-23,5,131,"New York"
6985,"Table Lamp",Furniture,966.93,2023-01-11,4,374,Chicago
6986,"History Book",Books,464.29,2023-02-04,6,141,Houston
6987,Shoes,Clothing,626.66,2023-04-01,7,313,"Los Angeles"
6988,Chair,Furniture,472.18,2023-01-01,7,12,"Los Angeles"
6989,T-shirt,Clothing,424.36,2023-05-14,5,500,Houston
6990,Bed,Furniture,450.67,2023-06-06,10,162,Houston
6991,Dresser,Furniture,428.60,2023-01-16,2,226,Miami
6992,"Board Game",Toys,338.62,2023-01-06,2,299,Chicago
6993,Mouse,Electronics,661.58,2023-04-21,1,287,Houston
6994,Nightstand,Furniture,880.35,2023-03-15,4,371,Chicago
6995,Dress,Clothing,969.04,2023-04-08,8,183,Chicago
6996,Smartphone,Electronics,197.48,2023-05-12,1,27,"New York"
6997,Shoes,Clothing,913.71,2023-01-05,4,434,"New York"
6998,"Coffee Table",Furniture,14.18,2023-05-25,10,253,Chicago
6999,Nightstand,Furniture,794.13,2023-01-17,1,81,Chicago
7000,Bed,Furniture,738.48,2023-02-15,1,236,"Los Angeles"
7001,"History Book",Books,502.74,2023-03-14,6,189,"Los Angeles"
7002,Dress,Clothing,161.91,2023-02-07,6,72,"New York"
7003,"Remote Control Car",Toys,473.76,2023-03-12,6,262,Miami
7004,T-shirt,Clothing,931.95,2023-04-14,1,359,"Los Angeles"
7005,Jeans,Clothing,756.73,2023-01-28,5,494,Chicago
7006,Bed,Furniture,242.65,2023-05-23,3,406,"Los Angeles"
7007,Sofa,Furniture,618.09,2023-02-15,5,162,"Los Angeles"
7008,"Action Figure",Toys,378.12,2023-02-27,5,190,Chicago
7009,Chair,Furniture,696.33,2023-01-16,4,214,"New York"
7010,Sofa,Furniture,436.34,2023-02-28,4,312,"New York"
7011,"Action Figure",Toys,383.95,2023-06-08,3,303,"Los Angeles"
7012,T-shirt,Clothing,420.13,2023-01-04,9,62,"New York"
7013,Keyboard,Electronics,975.66,2023-03-14,1,93,Houston
7014,"Board Game",Toys,507.38,2023-02-07,6,458,"New York"
7015,Dress,Clothing,184.05,2023-02-09,6,63,Miami
7016,Nightstand,Furniture,868.19,2023-03-06,2,426,Houston
7017,Puzzle,Toys,377.80,2023-06-21,7,156,Houston
7018,Dresser,Furniture,163.59,2023-06-21,3,284,Miami
7019,Smartphone,Electronics,536.52,2023-04-21,5,242,"New York"
7020,"Fiction Book",Books,986.80,2023-03-09,10,204,"Los Angeles"
7021,Wardrobe,Furniture,255.78,2023-05-01,6,457,Miami
7022,Chair,Furniture,947.69,2023-02-03,1,431,"New York"
7023,"Non-fiction Book",Books,404.22,2023-01-24,5,425,Miami
7024,"Action Figure",Toys,528.36,2023-03-14,5,467,"Los Angeles"
7025,Keyboard,Electronics,899.94,2023-01-26,1,305,"New York"
7026,Bed,Furniture,382.40,2023-04-05,5,426,Houston
7027,Jacket,Clothing,273.42,2023-02-15,5,223,Miami
7028,Laptop,Electronics,433.47,2023-04-15,7,149,Houston
7029,Desk,Furniture,838.29,2023-02-01,4,165,Chicago
7030,"History Book",Books,637.36,2023-01-02,2,335,Miami
7031,"Non-fiction Book",Books,825.47,2023-01-20,1,14,Miami
7032,Shoes,Clothing,681.66,2023-06-04,3,341,Houston
7033,Speaker,Electronics,437.53,2023-02-03,7,288,Miami
7034,Chair,Furniture,37.78,2023-05-19,8,161,Chicago
7035,Smartwatch,Electronics,797.97,2023-06-23,5,93,Houston
7036,Doll,Toys,984.38,2023-06-21,9,103,Chicago
7037,Wardrobe,Furniture,197.92,2023-03-31,9,497,"Los Angeles"
7038,Chair,Furniture,357.08,2023-03-28,4,103,"New York"
7039,Shoes,Clothing,272.87,2023-06-20,10,369,Miami
7040,Jacket,Clothing,677.26,2023-03-31,5,394,Chicago
7041,Jacket,Clothing,812.16,2023-01-24,3,352,Miami
7042,Tablet,Electronics,795.76,2023-02-07,7,299,"New York"
7043,Jeans,Clothing,25.97,2023-02-10,1,265,Chicago
7044,Mouse,Electronics,857.46,2023-04-03,1,229,"Los Angeles"
7045,Keyboard,Electronics,163.64,2023-03-13,6,155,"New York"
7046,Bookshelf,Furniture,970.02,2023-05-11,8,172,Houston
7047,Monitor,Electronics,541.62,2023-05-11,10,389,Miami
7048,Bed,Furniture,597.90,2023-04-18,2,79,"Los Angeles"
7049,"Non-fiction Book",Books,61.50,2023-02-03,8,63,Chicago
7050,"Non-fiction Book",Books,605.17,2023-06-23,10,42,Chicago
7051,Doll,Toys,569.05,2023-01-12,7,434,Chicago
7052,"Action Figure",Toys,382.55,2023-06-03,2,35,Miami
7053,"Fiction Book",Books,65.04,2023-05-21,8,84,Houston
7054,Mouse,Electronics,267.48,2023-05-09,8,361,"Los Angeles"
7055,Bookshelf,Furniture,234.30,2023-06-27,3,68,"New York"
7056,"Science Book",Books,524.29,2023-01-01,5,119,Miami
7057,Jacket,Clothing,460.61,2023-01-03,7,189,Miami
7058,Smartwatch,Electronics,253.76,2023-02-16,6,412,Chicago
7059,Nightstand,Furniture,628.54,2023-03-13,1,127,"New York"
7060,Sofa,Furniture,411.51,2023-03-08,6,450,Houston
7061,"Art Book",Books,779.49,2023-03-17,8,283,Chicago
7062,"Action Figure",Toys,6.83,2023-04-03,6,124,Chicago
7063,Mouse,Electronics,790.30,2023-02-02,6,66,"New York"
7064,"Action Figure",Toys,246.63,2023-05-12,10,167,Miami
7065,"Fiction Book",Books,839.72,2023-01-16,10,177,Miami
7066,"Board Game",Toys,119.70,2023-06-09,1,371,Chicago
7067,Smartphone,Electronics,45.35,2023-01-07,1,67,Chicago
7068,Keyboard,Electronics,488.42,2023-02-05,6,36,Houston
7069,Dress,Clothing,124.05,2023-06-16,3,249,Houston
7070,Keyboard,Electronics,897.05,2023-01-22,10,115,"Los Angeles"
7071,Chair,Furniture,753.54,2023-03-24,1,403,Miami
7072,Smartphone,Electronics,573.90,2023-06-04,6,141,Houston
7073,"Fiction Book",Books,306.68,2023-03-18,3,404,"Los Angeles"
7074,Jeans,Clothing,893.94,2023-04-30,7,122,"Los Angeles"
7075,"Non-fiction Book",Books,337.61,2023-06-29,10,408,"New York"
7076,T-shirt,Clothing,513.80,2023-04-06,2,460,"Los Angeles"
7077,"Science Book",Books,827.61,2023-03-14,6,208,Chicago
7078,"Coffee Table",Furniture,117.57,2023-02-16,10,461,Houston
7079,Mouse,Electronics,146.75,2023-01-22,2,218,Houston
7080,Nightstand,Furniture,948.65,2023-01-02,2,465,"New York"
7081,Jacket,Clothing,853.24,2023-01-17,9,110,"Los Angeles"
7082,Bed,Furniture,125.12,2023-03-09,5,173,"Los Angeles"
7083,Laptop,Electronics,335.04,2023-01-27,8,124,"New York"
7084,"Coffee Table",Furniture,497.16,2023-03-05,3,132,Chicago
7085,"Board Game",Toys,274.92,2023-05-12,9,452,"New York"
7086,"Art Book",Books,345.84,2023-02-12,2,488,Chicago
7087,Jacket,Clothing,894.83,2023-04-20,4,11,Miami
7088,"Board Game",Toys,100.19,2023-05-25,8,76,Houston
7089,"Non-fiction Book",Books,610.46,2023-01-28,10,104,"Los Angeles"
7090,T-shirt,Clothing,485.83,2023-03-06,4,293,Miami
7091,Puzzle,Toys,588.35,2023-06-28,2,5,Chicago
7092,"Coffee Table",Furniture,306.95,2023-01-25,8,186,Chicago
7093,"Board Game",Toys,515.07,2023-03-07,3,144,Houston
7094,Smartphone,Electronics,639.26,2023-01-20,7,391,"New York"
7095,Doll,Toys,533.35,2023-06-25,3,254,Houston
7096,"Action Figure",Toys,51.55,2023-06-20,6,43,Houston
7097,Keyboard,Electronics,47.06,2023-05-31,1,330,"New York"
7098,Keyboard,Electronics,293.49,2023-01-13,5,69,"Los Angeles"
7099,"Remote Control Car",Toys,939.15,2023-05-27,3,383,"New York"
7100,Wardrobe,Furniture,501.24,2023-06-28,5,131,Miami
7101,Monitor,Electronics,504.26,2023-04-07,2,138,Miami
7102,Bookshelf,Furniture,721.41,2023-03-30,3,8,"New York"
7103,Puzzle,Toys,276.69,2023-01-12,5,108,Houston
7104,Jacket,Clothing,242.72,2023-06-12,8,117,Houston
7105,Desk,Furniture,465.15,2023-01-22,3,331,Houston
7106,Jeans,Clothing,7.82,2023-02-03,10,491,"New York"
7107,Doll,Toys,285.18,2023-05-14,9,492,"Los Angeles"
7108,Speaker,Electronics,775.86,2023-06-21,5,180,Chicago
7109,"Coffee Table",Furniture,132.84,2023-03-08,5,87,Chicago
7110,Doll,Toys,405.86,2023-02-21,3,81,"Los Angeles"
7111,Shoes,Clothing,375.66,2023-06-15,5,319,Houston
7112,"Remote Control Car",Toys,672.50,2023-06-11,5,351,"New York"
7113,Nightstand,Furniture,32.68,2023-03-01,6,410,Chicago
7114,Jacket,Clothing,614.29,2023-01-12,5,73,"Los Angeles"
7115,Desk,Furniture,704.90,2023-02-27,5,246,Miami
7116,Jeans,Clothing,978.91,2023-01-21,7,385,Miami
7117,"Fiction Book",Books,486.44,2023-02-16,9,212,Chicago
7118,"History Book",Books,237.45,2023-02-07,4,24,"Los Angeles"
7119,Monitor,Electronics,678.62,2023-03-09,9,51,Miami
7120,Shoes,Clothing,486.44,2023-06-21,4,355,Chicago
7121,"Board Game",Toys,83.94,2023-05-26,8,281,Chicago
7122,Dresser,Furniture,238.13,2023-01-29,1,439,"New York"
7123,Dresser,Furniture,677.53,2023-03-04,8,254,Chicago
7124,Jeans,Clothing,70.25,2023-03-13,8,329,Miami
7125,Puzzle,Toys,447.02,2023-02-28,3,196,"New York"
7126,T-shirt,Clothing,219.76,2023-04-27,6,447,Houston
7127,Keyboard,Electronics,959.42,2023-03-02,9,21,Houston
7128,"Non-fiction Book",Books,444.31,2023-02-14,10,384,"New York"
7129,Bookshelf,Furniture,607.79,2023-01-11,5,78,"Los Angeles"
7130,T-shirt,Clothing,991.78,2023-05-19,9,16,Chicago
7131,"History Book",Books,393.53,2023-06-17,5,292,Chicago
7132,"Fiction Book",Books,199.59,2023-05-25,5,345,"New York"
7133,Puzzle,Toys,139.91,2023-03-26,10,92,"New York"
7134,Nightstand,Furniture,760.42,2023-01-06,9,160,Miami
7135,"Art Book",Books,394.33,2023-02-03,8,70,Chicago
7136,"Board Game",Toys,183.83,2023-04-30,8,414,Miami
7137,"Non-fiction Book",Books,996.16,2023-02-08,1,389,Houston
7138,Doll,Toys,30.15,2023-02-08,10,130,"Los Angeles"
7139,"Remote Control Car",Toys,560.38,2023-01-14,7,133,"Los Angeles"
7140,Desk,Furniture,264.89,2023-01-25,9,6,Chicago
7141,Puzzle,Toys,353.83,2023-05-26,10,251,Chicago
7142,"Table Lamp",Furniture,992.10,2023-03-02,8,285,Houston
7143,"History Book",Books,572.39,2023-04-05,10,494,"New York"
7144,Mouse,Electronics,454.97,2023-05-19,5,57,"New York"
7145,"Coffee Table",Furniture,18.34,2023-06-11,5,248,"New York"
7146,Chair,Furniture,814.58,2023-04-17,6,377,"Los Angeles"
7147,Doll,Toys,127.82,2023-06-24,5,230,Miami
7148,Doll,Toys,662.55,2023-03-02,7,207,"New York"
7149,"Action Figure",Toys,394.89,2023-03-15,9,57,Miami
7150,Jeans,Clothing,553.61,2023-04-23,5,211,Houston
7151,"Coffee Table",Furniture,625.40,2023-06-02,4,150,"Los Angeles"
7152,Speaker,Electronics,865.10,2023-03-05,2,409,Chicago
7153,Nightstand,Furniture,753.75,2023-06-18,5,172,Chicago
7154,Laptop,Electronics,309.76,2023-02-11,3,212,Chicago
7155,"Board Game",Toys,493.69,2023-01-07,8,221,"New York"
7156,Speaker,Electronics,866.46,2023-03-01,1,162,Chicago
7157,Keyboard,Electronics,973.57,2023-03-15,2,213,Houston
7158,Dresser,Furniture,254.34,2023-02-14,5,330,Miami
7159,Nightstand,Furniture,665.52,2023-04-18,10,81,Miami
7160,"Art Book",Books,652.52,2023-03-19,2,331,Houston
7161,"Non-fiction Book",Books,509.77,2023-04-13,4,417,"Los Angeles"
7162,"Art Book",Books,116.57,2023-01-05,8,384,Chicago
7163,Sofa,Furniture,213.91,2023-02-17,7,326,"New York"
7164,Doll,Toys,830.31,2023-01-15,10,178,"New York"
7165,Speaker,Electronics,820.53,2023-02-07,6,146,Houston
7166,"Fiction Book",Books,800.86,2023-04-09,4,10,"New York"
7167,Shoes,Clothing,876.57,2023-06-11,9,274,"New York"
7168,Desk,Furniture,349.34,2023-04-08,7,355,Chicago
7169,Jeans,Clothing,602.27,2023-02-07,3,290,"New York"
7170,Smartphone,Electronics,940.60,2023-04-07,9,329,Houston
7171,"Non-fiction Book",Books,28.03,2023-03-31,4,255,"Los Angeles"
7172,Speaker,Electronics,127.13,2023-05-26,7,438,"Los Angeles"
7173,Dresser,Furniture,106.08,2023-04-19,8,356,Chicago
7174,Speaker,Electronics,591.91,2023-01-21,8,285,Chicago
7175,"Board Game",Toys,169.42,2023-02-23,10,498,"New York"
7176,Desk,Furniture,538.33,2023-04-08,1,433,"New York"
7177,Jacket,Clothing,555.86,2023-06-05,7,362,Houston
7178,"Remote Control Car",Toys,525.84,2023-01-01,5,110,Houston
7179,Monitor,Electronics,314.07,2023-04-12,9,363,Miami
7180,"Science Book",Books,794.89,2023-02-12,8,124,Miami
7181,Jeans,Clothing,578.32,2023-01-22,9,2,"Los Angeles"
7182,Puzzle,Toys,573.75,2023-05-18,1,74,Chicago
7183,Doll,Toys,499.31,2023-05-08,1,50,"Los Angeles"
7184,Dress,Clothing,754.24,2023-03-14,8,296,Houston
7185,Shoes,Clothing,501.63,2023-06-26,5,50,"Los Angeles"
7186,Monitor,Electronics,599.69,2023-06-28,2,421,Houston
7187,Laptop,Electronics,396.81,2023-04-28,1,221,Miami
7188,Dress,Clothing,303.45,2023-06-04,4,150,"Los Angeles"
7189,Puzzle,Toys,790.25,2023-05-11,3,61,Miami
7190,"Non-fiction Book",Books,107.16,2023-05-11,4,198,"New York"
7191,Puzzle,Toys,729.91,2023-03-28,3,297,"Los Angeles"
7192,Puzzle,Toys,881.36,2023-01-28,2,60,"Los Angeles"
7193,Puzzle,Toys,202.87,2023-04-28,7,189,Miami
7194,"Coffee Table",Furniture,958.75,2023-04-02,7,427,"Los Angeles"
7195,"Non-fiction Book",Books,934.81,2023-04-21,3,234,Chicago
7196,Desk,Furniture,200.80,2023-06-07,8,149,"New York"
7197,"Non-fiction Book",Books,305.05,2023-04-22,2,15,Houston
7198,"Action Figure",Toys,271.64,2023-02-13,4,103,Miami
7199,"Fiction Book",Books,997.15,2023-06-07,4,162,Chicago
7200,Nightstand,Furniture,50.57,2023-03-05,7,497,"New York"
7201,"Art Book",Books,943.08,2023-05-12,9,459,"New York"
7202,"Remote Control Car",Toys,153.79,2023-06-15,2,487,Chicago
7203,Smartwatch,Electronics,829.38,2023-01-20,1,486,Houston
7204,Jeans,Clothing,873.19,2023-04-23,6,344,Miami
7205,Jeans,Clothing,581.02,2023-05-28,4,176,Houston
7206,Bed,Furniture,189.81,2023-05-12,1,88,Houston
7207,"Art Book",Books,37.91,2023-04-15,8,124,Miami
7208,Jacket,Clothing,54.28,2023-02-15,2,402,Houston
7209,"Remote Control Car",Toys,182.02,2023-03-24,8,156,"Los Angeles"
7210,"Remote Control Car",Toys,482.42,2023-03-27,10,105,"Los Angeles"
7211,"History Book",Books,518.55,2023-03-16,6,142,Miami
7212,"Science Book",Books,909.60,2023-05-29,4,230,"New York"
7213,Desk,Furniture,525.94,2023-03-10,4,225,"Los Angeles"
7214,Headphones,Electronics,406.81,2023-05-17,6,284,"New York"
7215,Doll,Toys,787.54,2023-06-24,5,273,"Los Angeles"
7216,"Non-fiction Book",Books,40.57,2023-01-09,2,206,Houston
7217,"Coffee Table",Furniture,507.73,2023-03-05,3,63,Miami
7218,Sofa,Furniture,823.31,2023-02-14,8,59,"Los Angeles"
7219,Laptop,Electronics,943.40,2023-01-28,10,83,"New York"
7220,"History Book",Books,7.37,2023-01-11,3,108,"Los Angeles"
7221,Shoes,Clothing,54.69,2023-03-31,4,36,Chicago
7222,"Action Figure",Toys,181.94,2023-03-15,5,117,Houston
7223,"History Book",Books,215.82,2023-06-28,4,316,"New York"
7224,Smartwatch,Electronics,200.09,2023-06-29,4,466,Chicago
7225,"Fiction Book",Books,323.35,2023-02-28,7,144,Chicago
7226,T-shirt,Clothing,360.19,2023-02-13,2,476,"Los Angeles"
7227,Doll,Toys,854.30,2023-03-14,5,45,"New York"
7228,Speaker,Electronics,820.61,2023-01-28,4,24,"Los Angeles"
7229,Dress,Clothing,382.79,2023-01-28,7,340,Chicago
7230,T-shirt,Clothing,530.32,2023-04-22,6,340,Miami
7231,Desk,Furniture,127.14,2023-04-13,5,297,Chicago
7232,Smartphone,Electronics,772.55,2023-05-07,3,452,Miami
7233,Doll,Toys,486.03,2023-02-16,9,207,Chicago
7234,Shoes,Clothing,355.34,2023-05-26,10,229,"Los Angeles"
7235,Shoes,Clothing,654.30,2023-03-03,8,366,"Los Angeles"
7236,"History Book",Books,488.36,2023-01-22,2,178,"Los Angeles"
7237,"Fiction Book",Books,798.25,2023-04-14,5,360,"New York"
7238,Shoes,Clothing,182.86,2023-02-03,4,168,Chicago
7239,"Art Book",Books,121.59,2023-01-17,1,87,Chicago
7240,Dress,Clothing,233.64,2023-04-18,3,299,"New York"
7241,Mouse,Electronics,624.18,2023-04-09,9,324,Houston
7242,Wardrobe,Furniture,144.98,2023-02-02,5,376,"Los Angeles"
7243,"Fiction Book",Books,657.46,2023-06-15,7,156,Houston
7244,"Fiction Book",Books,939.17,2023-01-23,9,331,Miami
7245,Dress,Clothing,199.73,2023-04-02,10,81,Miami
7246,Dress,Clothing,667.37,2023-01-14,4,303,Miami
7247,"Board Game",Toys,733.53,2023-02-22,3,233,Chicago
7248,Monitor,Electronics,394.29,2023-05-24,8,297,Chicago
7249,Camera,Electronics,733.03,2023-02-11,10,22,"Los Angeles"
7250,"History Book",Books,56.34,2023-02-20,3,151,Miami
7251,"Table Lamp",Furniture,233.23,2023-03-23,6,230,Houston
7252,"Science Book",Books,144.75,2023-03-27,10,129,Chicago
7253,"History Book",Books,304.68,2023-04-26,3,258,Houston
7254,Speaker,Electronics,812.59,2023-01-24,3,369,"New York"
7255,"Art Book",Books,562.54,2023-05-31,5,476,"Los Angeles"
7256,Shoes,Clothing,894.07,2023-05-14,1,473,Houston
7257,Bed,Furniture,288.54,2023-02-08,3,213,Chicago
7258,Laptop,Electronics,379.76,2023-03-25,2,243,Miami
7259,Keyboard,Electronics,262.06,2023-06-10,7,374,Houston
7260,Smartwatch,Electronics,958.02,2023-05-18,10,191,"New York"
7261,"Table Lamp",Furniture,708.81,2023-06-01,1,458,"Los Angeles"
7262,"Fiction Book",Books,859.09,2023-01-28,2,209,Chicago
7263,T-shirt,Clothing,226.05,2023-04-10,1,401,Houston
7264,Desk,Furniture,477.03,2023-02-15,9,220,Houston
7265,Tablet,Electronics,41.80,2023-03-30,4,76,Houston
7266,Shoes,Clothing,186.46,2023-02-08,5,427,Houston
7267,Chair,Furniture,818.81,2023-05-03,10,371,Miami
7268,"Action Figure",Toys,863.58,2023-06-19,2,355,"Los Angeles"
7269,Keyboard,Electronics,271.42,2023-06-17,9,213,Chicago
7270,"History Book",Books,555.39,2023-04-14,3,165,"New York"
7271,Tablet,Electronics,192.70,2023-01-26,2,86,Chicago
7272,"Board Game",Toys,141.62,2023-03-23,9,433,Houston
7273,Sofa,Furniture,497.33,2023-04-17,5,304,Houston
7274,Laptop,Electronics,2.58,2023-05-03,5,497,Houston
7275,"Non-fiction Book",Books,703.30,2023-03-14,10,151,Houston
7276,Smartphone,Electronics,82.06,2023-02-04,8,492,Houston
7277,"Board Game",Toys,556.34,2023-02-24,9,169,"New York"
7278,"Art Book",Books,359.87,2023-02-07,10,113,"Los Angeles"
7279,Bookshelf,Furniture,540.19,2023-04-29,7,203,Miami
7280,"Art Book",Books,865.86,2023-05-31,6,190,"New York"
7281,"Art Book",Books,775.36,2023-06-23,5,268,"Los Angeles"
7282,Jacket,Clothing,483.80,2023-01-09,8,406,Houston
7283,"Remote Control Car",Toys,393.77,2023-03-07,7,20,"Los Angeles"
7284,Dress,Clothing,890.41,2023-01-08,6,290,"Los Angeles"
7285,"Non-fiction Book",Books,413.19,2023-02-27,4,390,Miami
7286,"Action Figure",Toys,762.08,2023-03-26,1,454,"Los Angeles"
7287,Smartphone,Electronics,62.98,2023-02-15,1,337,"New York"
7288,T-shirt,Clothing,92.52,2023-01-26,5,354,"Los Angeles"
7289,Speaker,Electronics,540.11,2023-05-07,9,173,"New York"
7290,Desk,Furniture,475.43,2023-02-16,9,270,"New York"
7291,Doll,Toys,348.15,2023-01-19,5,25,Miami
7292,Mouse,Electronics,583.42,2023-03-07,1,137,"New York"
7293,"Action Figure",Toys,773.26,2023-04-13,6,470,"New York"
7294,"Non-fiction Book",Books,66.92,2023-04-21,9,251,Miami
7295,Doll,Toys,175.94,2023-02-06,5,430,Miami
7296,T-shirt,Clothing,612.93,2023-01-03,3,26,Houston
7297,"Board Game",Toys,166.62,2023-01-29,3,486,Miami
7298,Tablet,Electronics,44.21,2023-04-04,5,386,Chicago
7299,"Board Game",Toys,786.11,2023-02-21,1,232,"New York"
7300,"Coffee Table",Furniture,31.01,2023-06-19,7,103,"Los Angeles"
7301,Dress,Clothing,575.96,2023-01-25,10,180,Miami
7302,T-shirt,Clothing,736.15,2023-03-14,8,389,Chicago
7303,Tablet,Electronics,953.54,2023-06-14,8,430,"New York"
7304,Speaker,Electronics,374.68,2023-01-27,6,280,"New York"
7305,Dresser,Furniture,124.02,2023-05-18,5,457,"Los Angeles"
7306,Jacket,Clothing,815.71,2023-01-25,3,355,Miami
7307,"Coffee Table",Furniture,707.66,2023-03-19,1,440,"Los Angeles"
7308,Doll,Toys,816.08,2023-02-24,1,183,Houston
7309,Sofa,Furniture,346.04,2023-01-16,4,322,"New York"
7310,T-shirt,Clothing,996.99,2023-05-16,8,326,Miami
7311,T-shirt,Clothing,65.36,2023-06-03,1,390,Houston
7312,Mouse,Electronics,317.77,2023-06-25,10,372,Miami
7313,Nightstand,Furniture,679.93,2023-04-16,9,365,Miami
7314,T-shirt,Clothing,404.18,2023-06-19,5,297,Chicago
7315,"Board Game",Toys,136.46,2023-01-25,3,458,Houston
7316,Mouse,Electronics,44.41,2023-05-04,3,200,"New York"
7317,Jacket,Clothing,169.04,2023-05-26,6,133,Houston
7318,"Science Book",Books,580.35,2023-02-11,5,193,Houston
7319,Chair,Furniture,872.96,2023-01-06,6,286,"Los Angeles"
7320,T-shirt,Clothing,962.62,2023-03-11,1,499,Miami
7321,Jacket,Clothing,45.28,2023-01-27,6,263,Miami
7322,"Art Book",Books,71.50,2023-06-12,3,385,Miami
7323,Dress,Clothing,181.25,2023-03-02,2,336,Miami
7324,"History Book",Books,674.15,2023-01-13,4,185,Miami
7325,Jeans,Clothing,309.97,2023-04-26,3,228,Chicago
7326,"Remote Control Car",Toys,241.37,2023-02-26,9,156,"New York"
7327,Monitor,Electronics,727.24,2023-03-23,1,51,"Los Angeles"
7328,Doll,Toys,507.02,2023-03-08,4,279,Houston
7329,Wardrobe,Furniture,644.44,2023-04-17,1,204,Miami
7330,Chair,Furniture,483.07,2023-01-09,8,416,Houston
7331,Bookshelf,Furniture,961.17,2023-04-22,3,106,Chicago
7332,Shoes,Clothing,200.23,2023-02-26,10,454,Houston
7333,Desk,Furniture,257.91,2023-01-06,4,424,"New York"
7334,"History Book",Books,301.85,2023-02-26,7,201,Miami
7335,"Art Book",Books,61.66,2023-05-03,3,40,Houston
7336,"Coffee Table",Furniture,493.14,2023-02-21,10,454,Houston
7337,"Non-fiction Book",Books,326.68,2023-06-03,3,445,Chicago
7338,Tablet,Electronics,548.42,2023-01-14,8,241,"New York"
7339,Jacket,Clothing,215.31,2023-06-18,1,198,Miami
7340,Headphones,Electronics,763.55,2023-03-20,9,55,Miami
7341,Smartphone,Electronics,897.63,2023-02-19,7,318,"New York"
7342,Dress,Clothing,791.63,2023-03-29,1,438,"New York"
7343,"Table Lamp",Furniture,287.52,2023-05-01,5,227,Houston
7344,Dress,Clothing,387.74,2023-05-09,5,462,"Los Angeles"
7345,Monitor,Electronics,382.32,2023-06-16,5,282,Chicago
7346,"Coffee Table",Furniture,395.88,2023-05-31,10,215,"New York"
7347,"History Book",Books,265.17,2023-03-17,3,109,"Los Angeles"
7348,Chair,Furniture,791.53,2023-03-21,9,449,Miami
7349,Keyboard,Electronics,877.41,2023-01-31,3,294,"Los Angeles"
7350,"Non-fiction Book",Books,681.32,2023-03-25,3,493,"New York"
7351,Dress,Clothing,540.72,2023-03-12,4,268,Houston
7352,"Non-fiction Book",Books,252.71,2023-04-13,1,357,"Los Angeles"
7353,Jeans,Clothing,821.24,2023-03-19,8,103,Miami
7354,Tablet,Electronics,357.57,2023-06-21,7,308,Miami
7355,Mouse,Electronics,342.20,2023-01-24,7,342,Chicago
7356,"Board Game",Toys,700.21,2023-02-02,8,220,Miami
7357,"Fiction Book",Books,768.66,2023-02-20,2,345,"New York"
7358,Jeans,Clothing,9.01,2023-01-14,4,234,"Los Angeles"
7359,Chair,Furniture,880.90,2023-01-17,9,375,"Los Angeles"
7360,T-shirt,Clothing,237.68,2023-06-10,8,11,Miami
7361,Sofa,Furniture,304.89,2023-04-24,3,157,Miami
7362,Wardrobe,Furniture,310.39,2023-01-15,5,50,"New York"
7363,Mouse,Electronics,282.85,2023-05-14,9,60,Miami
7364,Shoes,Clothing,540.08,2023-01-31,3,336,Houston
7365,Chair,Furniture,148.08,2023-02-15,9,186,"Los Angeles"
7366,"History Book",Books,279.26,2023-02-13,4,84,Houston
7367,"Remote Control Car",Toys,256.37,2023-05-16,10,334,"Los Angeles"
7368,"Board Game",Toys,501.62,2023-01-27,3,373,"New York"
7369,"Action Figure",Toys,18.24,2023-05-23,9,56,Miami
7370,Doll,Toys,891.87,2023-03-02,10,493,Miami
7371,"History Book",Books,663.57,2023-01-07,2,438,Houston
7372,Desk,Furniture,378.31,2023-05-19,8,104,Miami
7373,Monitor,Electronics,586.41,2023-06-18,10,418,"Los Angeles"
7374,Shoes,Clothing,521.78,2023-05-13,2,167,"Los Angeles"
7375,"Science Book",Books,722.30,2023-06-08,3,242,Houston
7376,Sofa,Furniture,137.65,2023-01-16,1,407,"New York"
7377,"Non-fiction Book",Books,809.54,2023-06-15,2,25,Houston
7378,"Fiction Book",Books,437.49,2023-06-12,3,169,"New York"
7379,Sofa,Furniture,286.14,2023-05-16,10,151,Houston
7380,Doll,Toys,160.08,2023-04-20,6,21,Chicago
7381,Nightstand,Furniture,90.91,2023-03-28,2,125,Miami
7382,"Table Lamp",Furniture,322.66,2023-01-19,6,211,Chicago
7383,Speaker,Electronics,362.88,2023-01-16,4,249,Chicago
7384,"Art Book",Books,845.53,2023-03-05,3,46,Houston
7385,Dress,Clothing,477.11,2023-01-23,2,288,"Los Angeles"
7386,"Action Figure",Toys,297.74,2023-01-08,4,250,Chicago
7387,Speaker,Electronics,427.43,2023-02-23,3,76,"New York"
7388,Keyboard,Electronics,829.36,2023-05-15,3,7,"Los Angeles"
7389,Jacket,Clothing,874.32,2023-02-23,9,243,Houston
7390,T-shirt,Clothing,417.41,2023-04-02,3,478,Miami
7391,T-shirt,Clothing,127.08,2023-01-26,4,121,"New York"
7392,"Coffee Table",Furniture,102.45,2023-01-28,5,405,Houston
7393,"Remote Control Car",Toys,462.58,2023-04-29,10,296,"Los Angeles"
7394,"Coffee Table",Furniture,772.36,2023-05-10,3,93,"New York"
7395,Speaker,Electronics,623.27,2023-02-09,3,247,Houston
7396,Jacket,Clothing,238.62,2023-01-22,9,52,Miami
7397,"Remote Control Car",Toys,422.48,2023-05-08,3,142,Chicago
7398,"Action Figure",Toys,37.54,2023-04-19,10,373,Miami
7399,"History Book",Books,75.79,2023-03-18,10,132,Chicago
7400,Speaker,Electronics,472.44,2023-03-15,7,465,Houston
7401,Puzzle,Toys,231.84,2023-02-16,6,99,"Los Angeles"
7402,Dress,Clothing,62.38,2023-06-17,5,291,Chicago
7403,"Art Book",Books,364.16,2023-02-07,10,63,Houston
7404,T-shirt,Clothing,80.65,2023-01-16,2,313,Chicago
7405,Camera,Electronics,699.85,2023-01-11,2,403,Chicago
7406,"Science Book",Books,53.94,2023-06-08,3,311,"Los Angeles"
7407,"Action Figure",Toys,320.04,2023-01-19,6,218,Chicago
7408,Chair,Furniture,705.60,2023-01-14,3,61,Houston
7409,"History Book",Books,487.78,2023-03-22,8,282,Chicago
7410,"Art Book",Books,558.16,2023-01-11,7,468,Miami
7411,Dresser,Furniture,684.41,2023-03-18,1,29,"New York"
7412,Desk,Furniture,254.05,2023-02-18,6,33,Houston
7413,Doll,Toys,917.23,2023-05-19,1,68,Chicago
7414,"Fiction Book",Books,349.63,2023-04-09,7,403,Miami
7415,Nightstand,Furniture,780.37,2023-06-24,5,294,Chicago
7416,Shoes,Clothing,274.00,2023-04-18,2,486,"Los Angeles"
7417,Tablet,Electronics,830.73,2023-04-02,1,349,"Los Angeles"
7418,"Non-fiction Book",Books,776.19,2023-05-21,6,244,Houston
7419,Nightstand,Furniture,169.14,2023-06-14,1,278,Chicago
7420,"Coffee Table",Furniture,901.27,2023-02-07,4,26,"Los Angeles"
7421,Smartwatch,Electronics,226.52,2023-01-07,6,214,Houston
7422,"Fiction Book",Books,2.26,2023-05-25,1,320,"New York"
7423,"Remote Control Car",Toys,280.78,2023-03-18,3,43,Houston
7424,Doll,Toys,660.86,2023-04-27,3,154,Houston
7425,Headphones,Electronics,860.95,2023-06-17,1,254,"Los Angeles"
7426,Bookshelf,Furniture,892.90,2023-03-16,4,330,"New York"
7427,Puzzle,Toys,678.35,2023-04-02,5,477,"Los Angeles"
7428,Shoes,Clothing,711.02,2023-06-21,7,167,Houston
7429,"Science Book",Books,824.76,2023-06-15,2,434,Miami
7430,Chair,Furniture,143.36,2023-02-16,9,244,Miami
7431,"Action Figure",Toys,765.48,2023-03-22,10,192,"New York"
7432,Nightstand,Furniture,899.78,2023-05-15,1,478,Houston
7433,T-shirt,Clothing,493.69,2023-01-01,6,357,Miami
7434,Jacket,Clothing,333.58,2023-03-03,8,275,Chicago
7435,Nightstand,Furniture,575.05,2023-01-21,9,429,Houston
7436,Desk,Furniture,244.49,2023-02-07,3,437,Chicago
7437,"Non-fiction Book",Books,92.01,2023-05-03,2,325,Miami
7438,Keyboard,Electronics,740.90,2023-02-27,4,468,Chicago
7439,Puzzle,Toys,130.99,2023-03-15,7,21,"Los Angeles"
7440,Smartwatch,Electronics,218.11,2023-01-02,4,473,Chicago
7441,Puzzle,Toys,36.91,2023-06-29,9,169,"New York"
7442,T-shirt,Clothing,793.65,2023-06-03,9,454,Miami
7443,T-shirt,Clothing,978.20,2023-04-08,8,142,"New York"
7444,Jeans,Clothing,936.86,2023-05-29,4,28,"Los Angeles"
7445,"Fiction Book",Books,628.61,2023-05-28,3,276,"New York"
7446,Laptop,Electronics,203.96,2023-05-05,9,88,"Los Angeles"
7447,Mouse,Electronics,494.80,2023-05-21,5,372,Chicago
7448,Laptop,Electronics,311.70,2023-02-02,10,161,Houston
7449,Jeans,Clothing,840.88,2023-03-27,9,398,Chicago
7450,"Remote Control Car",Toys,659.89,2023-05-26,1,417,"New York"
7451,Shoes,Clothing,394.30,2023-04-01,4,77,Houston
7452,Dresser,Furniture,72.92,2023-03-16,9,13,Chicago
7453,"Art Book",Books,721.93,2023-04-29,2,299,Houston
7454,Jeans,Clothing,837.29,2023-04-02,1,295,Miami
7455,"Science Book",Books,415.17,2023-05-10,4,278,Houston
7456,Tablet,Electronics,985.01,2023-01-27,8,216,Miami
7457,"Remote Control Car",Toys,593.45,2023-03-23,5,12,Houston
7458,Wardrobe,Furniture,926.58,2023-02-06,3,265,Miami
7459,Sofa,Furniture,461.43,2023-04-24,8,482,Chicago
7460,"Science Book",Books,889.47,2023-05-28,5,341,"New York"
7461,Dress,Clothing,931.03,2023-01-09,5,46,"New York"
7462,Desk,Furniture,596.55,2023-05-09,8,362,"Los Angeles"
7463,"Coffee Table",Furniture,607.65,2023-06-11,7,283,Miami
7464,"Art Book",Books,122.11,2023-01-16,1,26,"New York"
7465,"Coffee Table",Furniture,344.05,2023-03-05,8,308,Miami
7466,Shoes,Clothing,175.62,2023-01-10,8,260,"Los Angeles"
7467,"Coffee Table",Furniture,801.78,2023-04-22,7,304,Miami
7468,"Remote Control Car",Toys,618.96,2023-03-15,2,375,"New York"
7469,T-shirt,Clothing,328.98,2023-01-17,5,65,"New York"
7470,Jeans,Clothing,117.72,2023-03-23,9,68,Miami
7471,Jacket,Clothing,776.39,2023-06-06,1,237,"Los Angeles"
7472,Camera,Electronics,827.92,2023-04-10,3,349,Houston
7473,Bed,Furniture,514.76,2023-01-21,1,413,"New York"
7474,"Fiction Book",Books,842.58,2023-05-15,2,372,"New York"
7475,Dresser,Furniture,883.03,2023-04-13,2,136,Houston
7476,Camera,Electronics,284.36,2023-05-21,1,472,Chicago
7477,"Remote Control Car",Toys,384.98,2023-03-31,4,58,Houston
7478,"Art Book",Books,10.01,2023-04-03,6,69,"New York"
7479,Puzzle,Toys,266.87,2023-03-17,4,143,Chicago
7480,"Science Book",Books,873.13,2023-05-17,2,299,Chicago
7481,T-shirt,Clothing,106.33,2023-01-31,6,79,"New York"
7482,Jacket,Clothing,877.73,2023-03-27,8,166,"Los Angeles"
7483,Puzzle,Toys,956.19,2023-03-16,2,375,"New York"
7484,T-shirt,Clothing,119.23,2023-02-04,6,198,"New York"
7485,"Non-fiction Book",Books,302.38,2023-04-05,8,491,Houston
7486,Doll,Toys,690.64,2023-04-15,9,193,Chicago
7487,Tablet,Electronics,738.98,2023-01-08,10,421,"Los Angeles"
7488,Jeans,Clothing,512.65,2023-05-26,5,28,Houston
7489,Puzzle,Toys,735.47,2023-05-23,8,201,Houston
7490,Jeans,Clothing,860.69,2023-03-30,9,429,Houston
7491,Doll,Toys,745.37,2023-06-15,4,41,"Los Angeles"
7492,Bookshelf,Furniture,37.07,2023-01-21,5,450,"New York"
7493,Camera,Electronics,42.31,2023-05-03,3,159,Houston
7494,"Action Figure",Toys,207.76,2023-03-31,9,423,Houston
7495,Shoes,Clothing,229.84,2023-02-03,3,310,"Los Angeles"
7496,Monitor,Electronics,358.16,2023-05-23,9,37,Houston
7497,Chair,Furniture,891.57,2023-01-17,8,331,Miami
7498,"Art Book",Books,913.23,2023-01-19,8,304,Houston
7499,Shoes,Clothing,794.68,2023-02-11,8,70,"Los Angeles"
7500,Jacket,Clothing,535.93,2023-05-13,1,81,Chicago
7501,Jeans,Clothing,639.94,2023-01-09,4,248,Chicago
7502,Doll,Toys,548.31,2023-06-13,9,370,"New York"
7503,Doll,Toys,184.27,2023-05-27,6,87,"Los Angeles"
7504,"Remote Control Car",Toys,200.46,2023-04-19,5,102,Miami
7505,Jacket,Clothing,445.41,2023-06-25,6,406,Chicago
7506,"Art Book",Books,586.13,2023-02-15,6,383,"Los Angeles"
7507,Bed,Furniture,203.46,2023-05-27,5,416,Houston
7508,Shoes,Clothing,541.91,2023-05-12,1,463,Chicago
7509,Keyboard,Electronics,10.16,2023-05-27,1,361,Chicago
7510,Dress,Clothing,121.22,2023-02-08,7,421,"New York"
7511,Smartphone,Electronics,798.36,2023-06-26,6,329,Houston
7512,"Art Book",Books,18.76,2023-01-28,8,36,"Los Angeles"
7513,Doll,Toys,217.06,2023-03-08,2,421,Houston
7514,"Non-fiction Book",Books,758.16,2023-05-19,6,272,"New York"
7515,T-shirt,Clothing,956.09,2023-04-30,5,123,Miami
7516,"History Book",Books,893.71,2023-01-17,8,302,Houston
7517,"Fiction Book",Books,794.66,2023-04-07,4,462,Houston
7518,"Non-fiction Book",Books,723.22,2023-04-09,6,104,"Los Angeles"
7519,Laptop,Electronics,482.79,2023-01-17,1,378,Houston
7520,Jeans,Clothing,960.18,2023-06-12,7,214,"Los Angeles"
7521,"Action Figure",Toys,846.79,2023-05-17,3,467,Miami
7522,Puzzle,Toys,813.00,2023-06-20,3,326,"Los Angeles"
7523,"Action Figure",Toys,121.44,2023-02-09,8,14,Miami
7524,Shoes,Clothing,842.78,2023-04-10,3,259,Miami
7525,Puzzle,Toys,548.43,2023-06-08,8,46,"Los Angeles"
7526,"Board Game",Toys,680.01,2023-01-23,6,267,Miami
7527,Tablet,Electronics,213.64,2023-03-03,1,132,"New York"
7528,Doll,Toys,358.78,2023-01-18,5,407,Miami
7529,Dress,Clothing,343.81,2023-04-01,5,446,"New York"
7530,T-shirt,Clothing,18.36,2023-06-15,6,469,"New York"
7531,Dress,Clothing,484.26,2023-02-04,6,478,"Los Angeles"
7532,Jeans,Clothing,470.50,2023-02-25,2,336,"New York"
7533,"Remote Control Car",Toys,827.10,2023-02-15,8,70,"Los Angeles"
7534,Wardrobe,Furniture,84.56,2023-06-07,2,7,Houston
7535,Wardrobe,Furniture,939.55,2023-02-17,6,368,"New York"
7536,Dress,Clothing,598.37,2023-04-13,1,283,Houston
7537,"Fiction Book",Books,689.47,2023-01-22,6,122,Houston
7538,Jacket,Clothing,322.82,2023-02-10,2,55,"New York"
7539,Speaker,Electronics,697.26,2023-04-19,10,417,"Los Angeles"
7540,"Coffee Table",Furniture,563.70,2023-04-21,4,7,Miami
7541,"Art Book",Books,986.45,2023-03-14,1,46,"Los Angeles"
7542,Headphones,Electronics,266.65,2023-02-01,1,424,"New York"
7543,Dress,Clothing,409.41,2023-02-15,1,186,Houston
7544,"History Book",Books,656.60,2023-03-26,4,231,"New York"
7545,T-shirt,Clothing,125.65,2023-02-02,6,33,Houston
7546,"History Book",Books,917.76,2023-03-04,10,457,Chicago
7547,Tablet,Electronics,544.96,2023-01-08,6,373,"New York"
7548,"Art Book",Books,134.63,2023-06-27,6,341,Miami
7549,Camera,Electronics,232.13,2023-03-30,8,171,Chicago
7550,Smartphone,Electronics,930.24,2023-04-18,3,105,Chicago
7551,Jacket,Clothing,481.78,2023-03-21,8,258,"Los Angeles"
7552,"Fiction Book",Books,467.26,2023-05-29,8,76,Chicago
7553,Dress,Clothing,818.66,2023-05-30,7,467,Houston
7554,"Table Lamp",Furniture,741.88,2023-02-01,7,391,Miami
7555,Bed,Furniture,593.10,2023-04-13,1,340,"New York"
7556,"Non-fiction Book",Books,997.70,2023-02-15,3,311,"Los Angeles"
7557,Jacket,Clothing,49.64,2023-01-20,4,290,Houston
7558,Speaker,Electronics,497.59,2023-05-11,2,220,Miami
7559,Puzzle,Toys,16.22,2023-06-22,8,422,Miami
7560,Nightstand,Furniture,644.86,2023-03-05,9,44,Miami
7561,Dress,Clothing,334.97,2023-01-02,1,98,Miami
7562,"Science Book",Books,68.21,2023-04-15,7,365,Chicago
7563,"Science Book",Books,799.85,2023-03-04,4,325,"Los Angeles"
7564,Tablet,Electronics,783.10,2023-01-19,2,259,"New York"
7565,"Action Figure",Toys,179.04,2023-03-12,5,488,Chicago
7566,Doll,Toys,135.00,2023-01-01,7,9,"Los Angeles"
7567,"Coffee Table",Furniture,654.81,2023-01-24,7,30,"Los Angeles"
7568,"Action Figure",Toys,220.13,2023-01-16,8,310,Houston
7569,"Board Game",Toys,684.74,2023-06-09,4,89,Houston
7570,Jacket,Clothing,392.07,2023-05-19,7,8,"New York"
7571,Dresser,Furniture,16.17,2023-02-04,10,8,"Los Angeles"
7572,Jacket,Clothing,20.48,2023-06-17,6,60,Miami
7573,"Remote Control Car",Toys,961.11,2023-01-03,2,465,"New York"
7574,Jeans,Clothing,377.35,2023-05-13,6,284,"New York"
7575,Tablet,Electronics,709.34,2023-06-03,2,75,"Los Angeles"
7576,Headphones,Electronics,230.62,2023-06-24,2,458,"New York"
7577,"Art Book",Books,699.23,2023-05-15,7,469,Houston
7578,Smartphone,Electronics,18.93,2023-06-20,7,266,Houston
7579,Shoes,Clothing,799.38,2023-02-26,2,480,"Los Angeles"
7580,Chair,Furniture,670.16,2023-06-04,3,398,"New York"
7581,Dress,Clothing,558.05,2023-01-23,10,181,Miami
7582,"Art Book",Books,977.56,2023-03-05,9,53,"New York"
7583,"Action Figure",Toys,700.89,2023-03-14,10,159,Miami
7584,Dress,Clothing,812.83,2023-06-03,9,260,"New York"
7585,Dresser,Furniture,476.75,2023-04-01,1,471,Chicago
7586,Bed,Furniture,9.88,2023-05-30,2,53,"New York"
7587,T-shirt,Clothing,20.24,2023-05-15,7,45,Chicago
7588,"Board Game",Toys,988.32,2023-01-31,9,440,Houston
7589,Smartwatch,Electronics,752.66,2023-05-18,6,263,Miami
7590,Smartwatch,Electronics,997.74,2023-01-05,2,315,Houston
7591,"Science Book",Books,84.01,2023-01-13,1,105,Houston
7592,Bookshelf,Furniture,848.03,2023-01-18,10,181,"New York"
7593,Speaker,Electronics,829.77,2023-02-13,8,458,"Los Angeles"
7594,Headphones,Electronics,227.42,2023-06-07,7,398,Miami
7595,"Table Lamp",Furniture,892.00,2023-06-02,6,114,Chicago
7596,"Fiction Book",Books,593.51,2023-04-04,9,256,"New York"
7597,Camera,Electronics,59.31,2023-05-24,9,343,Miami
7598,Doll,Toys,578.48,2023-02-15,6,452,Miami
7599,Puzzle,Toys,709.60,2023-04-05,6,471,"New York"
7600,Laptop,Electronics,436.15,2023-04-26,10,305,"Los Angeles"
7601,"Art Book",Books,222.50,2023-03-11,3,82,"New York"
7602,"Fiction Book",Books,627.51,2023-05-27,2,253,Miami
7603,Bed,Furniture,424.79,2023-05-24,8,97,Miami
7604,Shoes,Clothing,505.03,2023-04-09,3,223,Chicago
7605,Shoes,Clothing,907.25,2023-06-03,6,85,"Los Angeles"
7606,T-shirt,Clothing,853.72,2023-06-25,4,298,"New York"
7607,Dress,Clothing,780.42,2023-03-27,1,366,Chicago
7608,"Science Book",Books,260.65,2023-01-05,4,321,"New York"
7609,Doll,Toys,391.45,2023-02-06,9,285,"Los Angeles"
7610,"Remote Control Car",Toys,562.10,2023-01-19,9,426,Houston
7611,Nightstand,Furniture,932.58,2023-06-06,6,55,Miami
7612,"Table Lamp",Furniture,860.47,2023-05-11,1,50,"Los Angeles"
7613,Dresser,Furniture,450.66,2023-02-02,6,123,Chicago
7614,Mouse,Electronics,444.47,2023-05-05,2,293,Chicago
7615,"Remote Control Car",Toys,565.66,2023-02-22,8,492,Chicago
7616,Tablet,Electronics,408.65,2023-02-01,7,357,Houston
7617,"Remote Control Car",Toys,974.87,2023-06-20,9,110,Houston
7618,"Fiction Book",Books,26.89,2023-04-15,9,199,Chicago
7619,Desk,Furniture,108.77,2023-04-08,4,132,"New York"
7620,Laptop,Electronics,280.31,2023-06-26,1,202,Miami
7621,Puzzle,Toys,867.83,2023-03-05,2,349,"New York"
7622,Tablet,Electronics,190.48,2023-01-18,10,171,Miami
7623,T-shirt,Clothing,118.53,2023-01-12,10,285,Miami
7624,Bookshelf,Furniture,828.82,2023-02-02,5,241,"New York"
7625,T-shirt,Clothing,695.16,2023-02-25,5,192,Chicago
7626,Shoes,Clothing,654.73,2023-05-28,2,100,Houston
7627,Jeans,Clothing,215.71,2023-02-04,4,473,Miami
7628,"Coffee Table",Furniture,184.69,2023-04-13,3,366,Houston
7629,"Science Book",Books,284.74,2023-06-01,4,153,Chicago
7630,Headphones,Electronics,9.85,2023-06-09,5,189,Houston
7631,Speaker,Electronics,131.90,2023-06-02,9,317,Houston
7632,T-shirt,Clothing,5.44,2023-06-11,5,300,Houston
7633,Wardrobe,Furniture,19.74,2023-05-03,4,323,"Los Angeles"
7634,Laptop,Electronics,70.34,2023-01-07,10,377,Miami
7635,Doll,Toys,529.75,2023-05-24,4,297,Houston
7636,Smartphone,Electronics,109.70,2023-03-04,5,488,Houston
7637,Nightstand,Furniture,711.03,2023-04-22,10,488,Miami
7638,Puzzle,Toys,874.54,2023-02-01,3,385,"New York"
7639,Camera,Electronics,317.39,2023-06-25,10,338,Houston
7640,Monitor,Electronics,686.76,2023-03-05,7,203,Miami
7641,Shoes,Clothing,929.51,2023-06-09,7,291,Miami
7642,Monitor,Electronics,420.72,2023-02-04,7,440,"Los Angeles"
7643,"Remote Control Car",Toys,789.44,2023-01-19,2,202,Chicago
7644,"Art Book",Books,688.36,2023-03-26,3,29,Chicago
7645,"Remote Control Car",Toys,282.11,2023-04-09,9,381,"New York"
7646,Jeans,Clothing,482.96,2023-05-15,3,91,"New York"
7647,"Science Book",Books,241.15,2023-05-15,1,404,"New York"
7648,"Fiction Book",Books,424.58,2023-06-22,6,385,"Los Angeles"
7649,"Action Figure",Toys,666.12,2023-06-24,9,168,"New York"
7650,"History Book",Books,854.49,2023-01-07,7,488,"New York"
7651,Nightstand,Furniture,130.07,2023-05-25,7,349,Houston
7652,Laptop,Electronics,831.64,2023-04-28,8,415,Miami
7653,"Remote Control Car",Toys,531.07,2023-01-23,1,416,"New York"
7654,"Non-fiction Book",Books,75.16,2023-05-14,5,83,"Los Angeles"
7655,Jeans,Clothing,745.27,2023-01-01,8,455,"New York"
7656,"Table Lamp",Furniture,276.43,2023-04-17,2,461,"New York"
7657,Tablet,Electronics,934.03,2023-05-25,3,335,Houston
7658,Jeans,Clothing,12.76,2023-02-06,10,110,"Los Angeles"
7659,Chair,Furniture,638.92,2023-05-22,1,349,Chicago
7660,Keyboard,Electronics,749.87,2023-03-16,9,428,Miami
7661,T-shirt,Clothing,865.51,2023-01-19,10,146,Houston
7662,Shoes,Clothing,714.84,2023-06-06,3,228,Houston
7663,"Fiction Book",Books,944.01,2023-04-06,9,243,Miami
7664,Jeans,Clothing,929.03,2023-06-12,8,462,Chicago
7665,Shoes,Clothing,733.41,2023-02-17,2,413,Houston
7666,Chair,Furniture,853.56,2023-06-04,8,17,"New York"
7667,Puzzle,Toys,397.19,2023-01-13,2,301,Chicago
7668,"Non-fiction Book",Books,490.01,2023-03-03,3,114,"Los Angeles"
7669,Nightstand,Furniture,940.97,2023-06-23,10,36,"Los Angeles"
7670,"Non-fiction Book",Books,509.05,2023-04-17,5,214,Miami
7671,"Non-fiction Book",Books,592.44,2023-06-01,5,293,Houston
7672,Jacket,Clothing,242.77,2023-06-07,7,282,Miami
7673,"Board Game",Toys,40.70,2023-04-28,2,376,"Los Angeles"
7674,Nightstand,Furniture,512.27,2023-05-18,3,81,Miami
7675,Speaker,Electronics,411.77,2023-01-26,5,470,"Los Angeles"
7676,Shoes,Clothing,977.82,2023-01-21,7,435,Chicago
7677,T-shirt,Clothing,918.32,2023-03-16,4,159,Houston
7678,Dresser,Furniture,228.57,2023-02-11,5,303,Houston
7679,Jeans,Clothing,735.82,2023-01-12,2,173,Chicago
7680,Puzzle,Toys,675.64,2023-02-04,10,63,Miami
7681,"Art Book",Books,86.73,2023-01-05,9,117,Chicago
7682,Tablet,Electronics,625.29,2023-03-13,2,202,Houston
7683,Monitor,Electronics,746.36,2023-04-10,6,491,"Los Angeles"
7684,"Non-fiction Book",Books,860.72,2023-02-03,4,75,Houston
7685,Smartwatch,Electronics,549.27,2023-06-19,1,263,Chicago
7686,T-shirt,Clothing,391.68,2023-03-24,2,120,Miami
7687,Dress,Clothing,536.54,2023-01-06,6,333,Houston
7688,"Coffee Table",Furniture,572.87,2023-05-06,8,396,Houston
7689,"Art Book",Books,872.17,2023-06-14,10,492,"New York"
7690,T-shirt,Clothing,847.21,2023-01-19,10,297,"New York"
7691,Bed,Furniture,530.13,2023-02-01,3,477,Miami
7692,T-shirt,Clothing,443.81,2023-02-06,7,400,Miami
7693,Nightstand,Furniture,744.67,2023-05-28,9,426,Houston
7694,"Remote Control Car",Toys,574.93,2023-06-09,8,437,"Los Angeles"
7695,"Non-fiction Book",Books,990.19,2023-05-31,2,247,Miami
7696,Puzzle,Toys,854.65,2023-02-09,6,480,"Los Angeles"
7697,Dresser,Furniture,587.95,2023-06-10,7,404,Miami
7698,"Coffee Table",Furniture,749.53,2023-04-05,4,184,Houston
7699,Chair,Furniture,957.06,2023-03-15,2,304,Chicago
7700,Puzzle,Toys,244.83,2023-06-10,8,496,Houston
7701,"History Book",Books,84.44,2023-03-04,5,217,Houston
7702,Monitor,Electronics,318.01,2023-05-04,5,148,"New York"
7703,Shoes,Clothing,561.59,2023-06-10,8,112,Houston
7704,Dresser,Furniture,847.69,2023-01-30,3,453,Houston
7705,"Science Book",Books,80.33,2023-01-19,3,13,"Los Angeles"
7706,Shoes,Clothing,517.46,2023-01-11,8,269,Chicago
7707,"Art Book",Books,622.86,2023-03-07,10,304,"Los Angeles"
7708,Dresser,Furniture,569.53,2023-05-30,5,358,"Los Angeles"
7709,Camera,Electronics,843.88,2023-05-06,10,338,Chicago
7710,Jeans,Clothing,684.15,2023-04-17,9,363,Miami
7711,Dress,Clothing,248.47,2023-04-30,6,420,Chicago
7712,"Board Game",Toys,316.16,2023-02-06,1,364,Chicago
7713,Puzzle,Toys,397.24,2023-06-21,6,4,"Los Angeles"
7714,Jacket,Clothing,267.19,2023-06-29,2,470,"New York"
7715,"Remote Control Car",Toys,773.32,2023-02-17,1,126,"Los Angeles"
7716,Sofa,Furniture,194.88,2023-01-28,2,195,Chicago
7717,Headphones,Electronics,885.81,2023-01-12,7,35,"Los Angeles"
7718,"History Book",Books,817.74,2023-02-11,7,397,Miami
7719,Keyboard,Electronics,46.34,2023-06-27,8,498,Houston
7720,Keyboard,Electronics,981.14,2023-04-23,2,44,Miami
7721,Mouse,Electronics,640.84,2023-04-15,10,61,Houston
7722,Monitor,Electronics,458.18,2023-02-18,10,32,"Los Angeles"
7723,"History Book",Books,964.92,2023-06-06,5,324,Miami
7724,Jacket,Clothing,93.06,2023-03-07,6,316,Chicago
7725,"Art Book",Books,654.84,2023-03-17,2,190,Chicago
7726,Jacket,Clothing,800.89,2023-01-27,4,102,"New York"
7727,Dress,Clothing,120.08,2023-06-27,6,455,Miami
7728,Bed,Furniture,247.41,2023-05-22,2,277,"Los Angeles"
7729,Jacket,Clothing,807.28,2023-01-22,2,255,"New York"
7730,Shoes,Clothing,593.05,2023-03-05,10,418,"Los Angeles"
7731,"History Book",Books,626.99,2023-06-14,7,354,Chicago
7732,"Coffee Table",Furniture,877.31,2023-02-16,7,254,Chicago
7733,Nightstand,Furniture,596.00,2023-02-12,5,154,"Los Angeles"
7734,"Science Book",Books,110.30,2023-02-17,10,101,"New York"
7735,T-shirt,Clothing,210.79,2023-05-19,3,365,"New York"
7736,Puzzle,Toys,379.44,2023-06-24,8,322,"New York"
7737,Jeans,Clothing,540.02,2023-01-17,9,467,"New York"
7738,"Remote Control Car",Toys,313.71,2023-04-18,1,225,"New York"
7739,Keyboard,Electronics,861.61,2023-06-14,10,114,"New York"
7740,Camera,Electronics,92.99,2023-06-12,3,225,Chicago
7741,Dress,Clothing,780.20,2023-05-05,2,261,"Los Angeles"
7742,"Science Book",Books,946.10,2023-06-23,10,32,"Los Angeles"
7743,Dress,Clothing,938.45,2023-02-11,4,478,Houston
7744,Laptop,Electronics,276.33,2023-01-07,4,346,"Los Angeles"
7745,"Art Book",Books,869.67,2023-05-24,4,242,"Los Angeles"
7746,Laptop,Electronics,866.15,2023-05-23,4,201,Miami
7747,Jacket,Clothing,148.81,2023-04-06,3,213,Chicago
7748,Desk,Furniture,79.19,2023-03-11,8,184,Houston
7749,Jeans,Clothing,833.08,2023-03-13,5,149,Miami
7750,Tablet,Electronics,171.13,2023-01-14,9,21,Houston
7751,Smartwatch,Electronics,702.73,2023-05-06,4,390,Houston
7752,Jeans,Clothing,826.30,2023-02-24,1,153,"Los Angeles"
7753,Smartphone,Electronics,293.61,2023-02-04,1,427,"New York"
7754,Jeans,Clothing,853.53,2023-04-09,2,129,Houston
7755,"Board Game",Toys,596.28,2023-04-05,9,329,Houston
7756,"Science Book",Books,842.78,2023-01-02,6,242,Miami
7757,Camera,Electronics,88.89,2023-05-17,6,197,"Los Angeles"
7758,"Art Book",Books,15.00,2023-02-01,9,284,"Los Angeles"
7759,Nightstand,Furniture,161.03,2023-06-12,1,242,"Los Angeles"
7760,Tablet,Electronics,39.79,2023-04-08,6,133,Chicago
7761,Laptop,Electronics,198.72,2023-04-07,1,390,Houston
7762,"Remote Control Car",Toys,912.02,2023-04-22,4,480,Houston
7763,"Fiction Book",Books,235.00,2023-01-20,9,455,"New York"
7764,Bookshelf,Furniture,126.09,2023-03-23,9,25,Houston
7765,"Board Game",Toys,42.37,2023-04-23,10,54,Chicago
7766,Dress,Clothing,17.23,2023-05-10,6,285,"Los Angeles"
7767,Nightstand,Furniture,935.70,2023-05-14,10,168,Miami
7768,"Science Book",Books,487.06,2023-06-22,4,398,Miami
7769,Dress,Clothing,716.48,2023-02-26,5,62,"Los Angeles"
7770,Dress,Clothing,168.65,2023-01-31,4,82,Miami
7771,"Science Book",Books,6.07,2023-03-03,7,183,Houston
7772,"Action Figure",Toys,797.83,2023-05-05,1,122,"New York"
7773,Shoes,Clothing,539.76,2023-06-01,6,218,"Los Angeles"
7774,"Non-fiction Book",Books,236.75,2023-03-13,3,74,Miami
7775,Bookshelf,Furniture,108.04,2023-03-24,10,202,"New York"
7776,Jeans,Clothing,146.52,2023-04-23,7,261,Chicago
7777,Dresser,Furniture,478.87,2023-03-17,7,8,"New York"
7778,Jeans,Clothing,12.59,2023-01-17,5,435,"New York"
7779,"Fiction Book",Books,556.78,2023-03-28,8,83,Houston
7780,"Action Figure",Toys,244.32,2023-05-22,2,304,Chicago
7781,Shoes,Clothing,435.78,2023-02-19,1,250,"Los Angeles"
7782,Laptop,Electronics,576.74,2023-04-06,10,23,Chicago
7783,Smartphone,Electronics,921.97,2023-04-06,9,426,Chicago
7784,Jeans,Clothing,959.70,2023-01-19,7,407,"New York"
7785,T-shirt,Clothing,256.15,2023-05-11,9,52,Miami
7786,Jeans,Clothing,359.28,2023-05-24,10,59,Miami
7787,Smartwatch,Electronics,38.67,2023-02-18,3,146,Miami
7788,Monitor,Electronics,130.55,2023-05-09,2,366,"New York"
7789,Shoes,Clothing,228.72,2023-03-09,2,380,"Los Angeles"
7790,Mouse,Electronics,564.86,2023-01-28,1,447,"Los Angeles"
7791,Jeans,Clothing,265.91,2023-05-06,7,195,Miami
7792,Speaker,Electronics,333.80,2023-06-11,5,343,"New York"
7793,Puzzle,Toys,887.11,2023-02-04,4,476,Miami
7794,Chair,Furniture,547.20,2023-03-19,6,121,Houston
7795,"Science Book",Books,186.36,2023-04-10,3,210,Chicago
7796,"Board Game",Toys,873.84,2023-05-02,8,402,Houston
7797,Smartwatch,Electronics,599.26,2023-01-31,1,370,Chicago
7798,Shoes,Clothing,817.69,2023-04-01,1,386,Houston
7799,Mouse,Electronics,561.11,2023-01-06,5,146,"New York"
7800,Chair,Furniture,901.99,2023-01-26,10,281,Miami
7801,Dress,Clothing,708.57,2023-05-21,8,290,Chicago
7802,"Action Figure",Toys,881.60,2023-06-23,2,8,Chicago
7803,"Science Book",Books,394.70,2023-04-26,1,123,"New York"
7804,"Remote Control Car",Toys,342.91,2023-05-14,7,75,Houston
7805,Smartwatch,Electronics,852.70,2023-02-14,7,347,"Los Angeles"
7806,Doll,Toys,165.60,2023-05-03,10,242,Houston
7807,Tablet,Electronics,907.49,2023-06-07,7,303,"New York"
7808,"Art Book",Books,808.98,2023-02-05,6,112,Chicago
7809,Shoes,Clothing,551.39,2023-05-27,5,335,"New York"
7810,Dresser,Furniture,336.43,2023-04-15,10,385,"New York"
7811,Bed,Furniture,310.64,2023-01-15,5,63,"Los Angeles"
7812,"History Book",Books,303.77,2023-04-11,9,368,"New York"
7813,"Board Game",Toys,11.77,2023-03-10,9,118,Chicago
7814,Keyboard,Electronics,121.82,2023-02-26,3,42,Houston
7815,"Non-fiction Book",Books,421.24,2023-01-21,3,67,Houston
7816,Jeans,Clothing,529.45,2023-01-02,5,125,Miami
7817,"History Book",Books,282.77,2023-03-24,5,412,Houston
7818,T-shirt,Clothing,264.84,2023-06-02,5,359,"Los Angeles"
7819,"Action Figure",Toys,946.55,2023-02-09,3,345,Houston
7820,Mouse,Electronics,414.40,2023-03-26,2,69,"Los Angeles"
7821,Wardrobe,Furniture,960.79,2023-03-04,9,95,Chicago
7822,T-shirt,Clothing,178.20,2023-04-08,2,143,Miami
7823,T-shirt,Clothing,526.10,2023-04-11,3,198,"Los Angeles"
7824,Jeans,Clothing,299.84,2023-03-28,6,43,Miami
7825,Dresser,Furniture,455.81,2023-02-26,2,8,Chicago
7826,Shoes,Clothing,242.52,2023-03-10,2,341,Miami
7827,Shoes,Clothing,62.69,2023-04-02,4,144,"Los Angeles"
7828,Doll,Toys,467.91,2023-05-14,3,119,"Los Angeles"
7829,Doll,Toys,211.41,2023-06-26,3,211,"Los Angeles"
7830,Speaker,Electronics,148.51,2023-06-25,5,119,Miami
7831,"Fiction Book",Books,801.14,2023-01-01,7,41,Chicago
7832,Jacket,Clothing,417.50,2023-05-19,7,353,Houston
7833,Jeans,Clothing,607.36,2023-03-18,3,103,"New York"
7834,Smartphone,Electronics,6.88,2023-06-03,3,345,Houston
7835,Shoes,Clothing,452.00,2023-03-25,10,212,"Los Angeles"
7836,Puzzle,Toys,782.02,2023-06-06,10,192,Miami
7837,Dress,Clothing,538.34,2023-06-15,10,47,Chicago
7838,Shoes,Clothing,973.24,2023-01-28,9,383,"Los Angeles"
7839,Speaker,Electronics,110.21,2023-05-25,7,487,Miami
7840,Nightstand,Furniture,822.88,2023-02-22,10,33,"Los Angeles"
7841,Shoes,Clothing,820.29,2023-03-01,2,472,"New York"
7842,Doll,Toys,262.72,2023-05-02,6,458,Miami
7843,Chair,Furniture,691.13,2023-01-15,4,190,Miami
7844,Jacket,Clothing,783.93,2023-06-26,6,383,"Los Angeles"
7845,"Art Book",Books,784.08,2023-06-21,5,130,"New York"
7846,"Table Lamp",Furniture,882.34,2023-05-05,9,11,Houston
7847,Headphones,Electronics,555.70,2023-03-11,3,75,Miami
7848,Nightstand,Furniture,669.58,2023-03-28,4,276,Chicago
7849,Smartphone,Electronics,625.51,2023-01-20,7,490,Miami
7850,"Science Book",Books,207.94,2023-05-20,3,481,"New York"
7851,Bookshelf,Furniture,679.38,2023-03-29,4,230,"New York"
7852,Bookshelf,Furniture,729.40,2023-04-11,7,185,"New York"
7853,"Remote Control Car",Toys,465.78,2023-05-01,10,366,Miami
7854,"Remote Control Car",Toys,863.70,2023-04-26,7,92,"New York"
7855,"Non-fiction Book",Books,657.16,2023-02-11,2,110,Chicago
7856,Camera,Electronics,846.27,2023-05-16,3,413,Chicago
7857,Doll,Toys,311.92,2023-06-10,6,466,"New York"
7858,"Fiction Book",Books,207.94,2023-06-16,10,91,Miami
7859,Camera,Electronics,737.05,2023-02-09,9,385,"New York"
7860,"History Book",Books,459.39,2023-02-14,9,280,"Los Angeles"
7861,Jeans,Clothing,751.03,2023-04-12,6,98,"Los Angeles"
7862,"Non-fiction Book",Books,63.44,2023-01-29,7,272,Miami
7863,Puzzle,Toys,825.95,2023-01-10,8,369,"Los Angeles"
7864,Jacket,Clothing,756.70,2023-05-15,5,20,Miami
7865,Smartwatch,Electronics,340.67,2023-04-25,2,413,Houston
7866,"Remote Control Car",Toys,96.29,2023-01-13,1,37,"New York"
7867,"Non-fiction Book",Books,101.08,2023-04-27,10,350,Houston
7868,T-shirt,Clothing,287.81,2023-01-10,5,439,"New York"
7869,Keyboard,Electronics,511.09,2023-02-28,1,254,"Los Angeles"
7870,"History Book",Books,825.87,2023-05-18,4,223,"New York"
7871,Jeans,Clothing,554.71,2023-01-08,6,291,"Los Angeles"
7872,"Science Book",Books,240.53,2023-06-07,7,351,Chicago
7873,Dress,Clothing,409.71,2023-03-26,2,121,Miami
7874,Sofa,Furniture,49.41,2023-04-24,10,42,Chicago
7875,Doll,Toys,70.15,2023-02-09,9,394,"Los Angeles"
7876,"Action Figure",Toys,466.17,2023-01-17,1,35,"New York"
7877,Shoes,Clothing,457.75,2023-03-05,4,456,"Los Angeles"
7878,Mouse,Electronics,358.17,2023-01-24,6,281,"New York"
7879,T-shirt,Clothing,612.92,2023-03-27,6,144,Miami
7880,Monitor,Electronics,421.55,2023-06-24,6,15,"Los Angeles"
7881,"Remote Control Car",Toys,983.02,2023-02-20,5,227,Miami
7882,Headphones,Electronics,390.09,2023-05-20,8,123,"New York"
7883,"Fiction Book",Books,659.38,2023-06-08,5,255,"Los Angeles"
7884,"Art Book",Books,146.74,2023-01-27,3,3,"New York"
7885,"Non-fiction Book",Books,560.05,2023-05-03,8,294,Houston
7886,Camera,Electronics,260.33,2023-05-05,7,178,Houston
7887,Jeans,Clothing,350.76,2023-04-26,2,399,Chicago
7888,Sofa,Furniture,51.63,2023-04-08,6,89,"Los Angeles"
7889,Shoes,Clothing,595.62,2023-04-09,10,81,Miami
7890,Headphones,Electronics,569.93,2023-04-03,9,409,Chicago
7891,"Remote Control Car",Toys,244.80,2023-02-24,8,16,Houston
7892,"Remote Control Car",Toys,704.27,2023-06-27,9,52,"New York"
7893,Laptop,Electronics,730.67,2023-01-11,1,161,"Los Angeles"
7894,Shoes,Clothing,691.02,2023-06-01,2,47,"New York"
7895,"Coffee Table",Furniture,292.47,2023-01-18,7,358,Houston
7896,"Non-fiction Book",Books,532.26,2023-04-22,5,309,Houston
7897,Smartphone,Electronics,626.05,2023-01-10,4,389,Houston
7898,Sofa,Furniture,219.90,2023-03-27,8,67,Chicago
7899,"Coffee Table",Furniture,70.58,2023-01-02,9,89,"Los Angeles"
7900,Sofa,Furniture,238.62,2023-04-17,3,231,Chicago
7901,Dress,Clothing,60.55,2023-06-09,3,318,"Los Angeles"
7902,Laptop,Electronics,425.43,2023-05-18,6,217,Chicago
7903,Sofa,Furniture,926.13,2023-01-06,4,363,Chicago
7904,T-shirt,Clothing,655.77,2023-01-22,7,405,"New York"
7905,Desk,Furniture,315.69,2023-03-24,4,177,Houston
7906,Jacket,Clothing,728.67,2023-04-14,7,341,"Los Angeles"
7907,"Art Book",Books,927.05,2023-01-10,5,120,Houston
7908,Laptop,Electronics,462.52,2023-06-08,1,230,"Los Angeles"
7909,"Fiction Book",Books,561.84,2023-02-20,8,375,Chicago
7910,"History Book",Books,626.14,2023-06-09,6,80,"New York"
7911,Camera,Electronics,29.83,2023-05-04,4,340,"Los Angeles"
7912,"Science Book",Books,126.34,2023-02-24,2,382,Chicago
7913,"Science Book",Books,572.36,2023-01-28,1,370,Chicago
7914,"History Book",Books,70.09,2023-04-01,4,17,"Los Angeles"
7915,Smartwatch,Electronics,152.71,2023-05-13,3,444,Houston
7916,Wardrobe,Furniture,471.28,2023-06-03,9,334,Miami
7917,Smartwatch,Electronics,200.14,2023-01-12,8,173,Houston
7918,Tablet,Electronics,230.65,2023-03-10,3,477,"New York"
7919,"Fiction Book",Books,81.06,2023-03-06,6,325,Houston
7920,Smartwatch,Electronics,24.87,2023-01-25,6,281,"New York"
7921,Jeans,Clothing,819.38,2023-03-07,4,367,Chicago
7922,"Science Book",Books,669.71,2023-05-22,10,108,"Los Angeles"
7923,Smartphone,Electronics,364.90,2023-04-14,8,116,Houston
7924,Dresser,Furniture,811.89,2023-01-01,6,445,Houston
7925,Doll,Toys,663.99,2023-04-08,8,484,Houston
7926,Dress,Clothing,557.33,2023-04-14,3,148,Miami
7927,Jacket,Clothing,792.26,2023-01-16,1,493,Houston
7928,Doll,Toys,912.32,2023-04-06,10,496,"Los Angeles"
7929,Smartwatch,Electronics,181.74,2023-06-11,10,484,"New York"
7930,Bed,Furniture,248.64,2023-06-17,10,369,Miami
7931,"Non-fiction Book",Books,566.35,2023-06-18,10,45,Chicago
7932,Wardrobe,Furniture,472.80,2023-05-21,5,38,Miami
7933,Jeans,Clothing,186.46,2023-01-14,9,428,Miami
7934,Jeans,Clothing,203.02,2023-06-04,7,445,"Los Angeles"
7935,Mouse,Electronics,574.89,2023-01-16,8,134,"Los Angeles"
7936,Wardrobe,Furniture,250.78,2023-05-19,1,67,Chicago
7937,"Art Book",Books,404.81,2023-03-28,2,269,"New York"
7938,"Action Figure",Toys,849.25,2023-06-21,3,142,Houston
7939,"History Book",Books,326.93,2023-03-19,2,269,"New York"
7940,Desk,Furniture,446.52,2023-06-24,6,325,Houston
7941,Shoes,Clothing,312.70,2023-01-22,7,472,Houston
7942,"Action Figure",Toys,746.76,2023-04-09,5,418,Houston
7943,Puzzle,Toys,367.95,2023-06-16,6,414,Chicago
7944,Chair,Furniture,673.05,2023-06-09,5,220,Miami
7945,Desk,Furniture,970.51,2023-05-27,2,174,"Los Angeles"
7946,"Table Lamp",Furniture,919.18,2023-06-24,1,242,"New York"
7947,Shoes,Clothing,643.74,2023-05-21,10,261,Houston
7948,Doll,Toys,168.19,2023-05-14,3,404,Chicago
7949,"Fiction Book",Books,458.57,2023-01-03,7,190,Miami
7950,Speaker,Electronics,474.86,2023-04-02,2,55,"New York"
7951,Shoes,Clothing,90.65,2023-05-14,5,454,"Los Angeles"
7952,T-shirt,Clothing,755.24,2023-03-29,2,214,Chicago
7953,"History Book",Books,517.87,2023-03-16,6,163,"New York"
7954,Shoes,Clothing,608.62,2023-01-13,6,203,Chicago
7955,Smartphone,Electronics,869.42,2023-02-20,8,75,"Los Angeles"
7956,Bed,Furniture,390.71,2023-04-14,8,406,Miami
7957,Bookshelf,Furniture,16.73,2023-01-12,3,86,"New York"
7958,"Non-fiction Book",Books,350.48,2023-06-15,6,497,"Los Angeles"
7959,T-shirt,Clothing,375.65,2023-05-21,8,269,"Los Angeles"
7960,Camera,Electronics,663.63,2023-05-22,10,196,"New York"
7961,Bed,Furniture,979.64,2023-05-05,6,291,"Los Angeles"
7962,"Art Book",Books,643.33,2023-02-09,2,118,Houston
7963,Dress,Clothing,744.18,2023-03-20,10,206,"Los Angeles"
7964,Puzzle,Toys,953.46,2023-04-22,3,152,Miami
7965,Keyboard,Electronics,622.82,2023-05-29,3,391,"New York"
7966,Dress,Clothing,767.53,2023-01-08,9,175,"New York"
7967,Sofa,Furniture,314.70,2023-06-06,4,182,Houston
7968,Keyboard,Electronics,258.35,2023-05-23,2,283,"Los Angeles"
7969,T-shirt,Clothing,24.56,2023-04-29,3,36,Houston
7970,Shoes,Clothing,539.64,2023-05-25,4,255,"Los Angeles"
7971,T-shirt,Clothing,142.60,2023-03-14,6,347,Houston
7972,Jacket,Clothing,396.12,2023-01-25,5,18,Houston
7973,T-shirt,Clothing,242.74,2023-06-04,6,109,Chicago
7974,Jacket,Clothing,675.44,2023-01-09,3,480,"New York"
7975,"Science Book",Books,60.64,2023-06-07,2,171,"New York"
7976,"History Book",Books,687.26,2023-02-25,5,250,"New York"
7977,"Science Book",Books,9.08,2023-05-17,8,296,Houston
7978,Desk,Furniture,952.07,2023-05-07,7,65,Houston
7979,Mouse,Electronics,363.50,2023-01-29,8,44,"Los Angeles"
7980,Chair,Furniture,113.77,2023-01-24,4,93,Miami
7981,"Coffee Table",Furniture,531.10,2023-04-10,2,69,"Los Angeles"
7982,"Science Book",Books,6.98,2023-02-18,4,434,"Los Angeles"
7983,Tablet,Electronics,978.67,2023-02-11,3,208,Chicago
7984,"History Book",Books,461.20,2023-06-28,6,428,Chicago
7985,Nightstand,Furniture,605.05,2023-02-17,6,385,"Los Angeles"
7986,Chair,Furniture,245.73,2023-05-04,7,209,Miami
7987,"History Book",Books,375.16,2023-05-09,5,22,Miami
7988,Jeans,Clothing,309.12,2023-04-24,3,124,Chicago
7989,Keyboard,Electronics,34.13,2023-06-16,6,428,Houston
7990,"Board Game",Toys,843.56,2023-04-27,8,320,"New York"
7991,Bookshelf,Furniture,781.70,2023-06-14,3,208,"Los Angeles"
7992,"Fiction Book",Books,404.84,2023-05-30,10,111,"Los Angeles"
7993,"History Book",Books,465.12,2023-02-01,5,407,Houston
7994,"Board Game",Toys,812.66,2023-04-10,4,485,Miami
7995,Dress,Clothing,404.50,2023-03-15,9,482,"Los Angeles"
7996,T-shirt,Clothing,648.75,2023-06-26,10,446,Chicago
7997,Headphones,Electronics,405.82,2023-06-03,1,318,"New York"
7998,Shoes,Clothing,56.75,2023-05-09,4,421,"New York"
7999,Jacket,Clothing,974.41,2023-05-04,6,269,"New York"
8000,Smartwatch,Electronics,237.57,2023-02-12,5,344,Miami
8001,"Board Game",Toys,874.02,2023-05-30,6,77,"New York"
8002,Dress,Clothing,574.50,2023-02-01,2,120,Houston
8003,"Board Game",Toys,114.77,2023-05-20,6,161,"New York"
8004,Mouse,Electronics,275.12,2023-05-26,3,304,Chicago
8005,Sofa,Furniture,142.81,2023-01-18,1,491,Houston
8006,"History Book",Books,844.21,2023-02-28,1,237,"New York"
8007,Smartphone,Electronics,910.10,2023-03-30,8,111,Miami
8008,"Fiction Book",Books,86.58,2023-02-14,10,79,Miami
8009,"Fiction Book",Books,758.74,2023-02-05,8,467,Chicago
8010,Doll,Toys,122.98,2023-06-27,6,424,Chicago
8011,Bed,Furniture,681.25,2023-06-28,10,274,"New York"
8012,Dress,Clothing,610.28,2023-05-21,1,20,Miami
8013,"Science Book",Books,750.94,2023-01-12,1,70,Chicago
8014,Headphones,Electronics,746.58,2023-03-12,8,204,Miami
8015,Monitor,Electronics,51.31,2023-02-19,3,137,Houston
8016,"Science Book",Books,198.81,2023-04-15,4,399,"New York"
8017,"Board Game",Toys,326.74,2023-03-10,10,224,Chicago
8018,Smartphone,Electronics,742.45,2023-05-06,3,119,"Los Angeles"
8019,Nightstand,Furniture,967.19,2023-01-13,5,485,Chicago
8020,"Non-fiction Book",Books,458.27,2023-02-02,6,30,Houston
8021,Jeans,Clothing,875.67,2023-04-12,2,121,Houston
8022,Jacket,Clothing,848.21,2023-02-02,4,148,"Los Angeles"
8023,Puzzle,Toys,325.57,2023-05-12,7,86,Miami
8024,"Art Book",Books,516.31,2023-05-31,7,310,"Los Angeles"
8025,"Table Lamp",Furniture,898.76,2023-06-17,10,9,"New York"
8026,"Action Figure",Toys,477.84,2023-02-11,8,476,Chicago
8027,"Action Figure",Toys,825.53,2023-05-05,10,410,"New York"
8028,Chair,Furniture,963.22,2023-02-12,4,400,"New York"
8029,Camera,Electronics,303.69,2023-06-10,6,10,Chicago
8030,Bookshelf,Furniture,804.44,2023-06-08,10,126,"Los Angeles"
8031,Doll,Toys,4.92,2023-01-15,4,358,Chicago
8032,"Action Figure",Toys,931.97,2023-03-04,10,358,Houston
8033,T-shirt,Clothing,815.48,2023-01-02,6,457,Miami
8034,Desk,Furniture,383.77,2023-05-17,7,456,Houston
8035,Dress,Clothing,309.16,2023-06-04,4,132,"Los Angeles"
8036,Dresser,Furniture,414.64,2023-01-31,7,283,Miami
8037,Smartphone,Electronics,549.08,2023-05-01,8,268,Chicago
8038,Smartphone,Electronics,827.36,2023-06-28,5,177,"Los Angeles"
8039,"Remote Control Car",Toys,91.07,2023-05-16,5,114,Houston
8040,Jacket,Clothing,264.49,2023-06-27,2,367,"Los Angeles"
8041,Mouse,Electronics,639.66,2023-03-31,6,166,Miami
8042,Doll,Toys,549.40,2023-01-27,1,490,Houston
8043,Bed,Furniture,435.93,2023-05-28,8,266,"Los Angeles"
8044,"History Book",Books,623.33,2023-06-07,5,424,Houston
8045,Wardrobe,Furniture,625.95,2023-04-10,9,382,"New York"
8046,Jeans,Clothing,383.33,2023-02-26,5,90,Houston
8047,Shoes,Clothing,965.24,2023-01-09,4,262,Houston
8048,Shoes,Clothing,556.70,2023-02-19,8,367,Chicago
8049,Jacket,Clothing,731.33,2023-05-30,10,133,Chicago
8050,Dress,Clothing,335.06,2023-03-24,3,39,Chicago
8051,Desk,Furniture,280.51,2023-02-18,6,356,"New York"
8052,Monitor,Electronics,568.21,2023-05-09,9,82,"Los Angeles"
8053,"History Book",Books,439.14,2023-01-20,3,412,Chicago
8054,"Art Book",Books,27.89,2023-01-27,7,381,Miami
8055,Laptop,Electronics,68.51,2023-01-05,10,265,Miami
8056,"Board Game",Toys,758.42,2023-03-26,1,450,"Los Angeles"
8057,"Board Game",Toys,692.19,2023-01-10,3,418,Chicago
8058,Chair,Furniture,514.00,2023-02-05,5,296,Houston
8059,Dress,Clothing,906.47,2023-01-21,9,453,Miami
8060,Speaker,Electronics,139.14,2023-06-12,1,368,Chicago
8061,"Action Figure",Toys,883.95,2023-01-23,10,254,Houston
8062,Jacket,Clothing,908.12,2023-03-31,8,174,Chicago
8063,Tablet,Electronics,49.66,2023-03-16,10,163,Miami
8064,Jacket,Clothing,953.57,2023-05-16,10,148,Houston
8065,"Remote Control Car",Toys,734.21,2023-02-01,7,395,Miami
8066,Jeans,Clothing,123.17,2023-05-18,5,469,"Los Angeles"
8067,Puzzle,Toys,309.35,2023-05-03,5,165,"Los Angeles"
8068,Speaker,Electronics,458.48,2023-03-11,6,331,Houston
8069,Keyboard,Electronics,197.42,2023-04-11,3,183,"Los Angeles"
8070,"Remote Control Car",Toys,998.16,2023-01-28,8,205,Houston
8071,Shoes,Clothing,19.36,2023-04-10,8,459,Chicago
8072,Jacket,Clothing,655.61,2023-06-18,8,380,Houston
8073,"Action Figure",Toys,167.09,2023-05-13,2,335,Miami
8074,Speaker,Electronics,639.32,2023-02-16,4,22,"New York"
8075,T-shirt,Clothing,178.68,2023-03-28,9,445,Miami
8076,Jeans,Clothing,803.26,2023-01-20,2,194,Chicago
8077,Sofa,Furniture,295.10,2023-04-29,4,7,Miami
8078,Desk,Furniture,37.33,2023-02-02,8,222,Miami
8079,"Science Book",Books,954.67,2023-03-11,1,72,Chicago
8080,Dresser,Furniture,546.14,2023-05-15,1,101,Houston
8081,Monitor,Electronics,555.62,2023-04-22,5,155,"Los Angeles"
8082,"Coffee Table",Furniture,869.95,2023-01-17,9,489,"Los Angeles"
8083,"History Book",Books,962.64,2023-06-17,8,43,"New York"
8084,"Coffee Table",Furniture,162.97,2023-04-09,3,279,"New York"
8085,"Fiction Book",Books,504.48,2023-02-12,7,297,Miami
8086,Headphones,Electronics,446.97,2023-06-12,2,85,"Los Angeles"
8087,Keyboard,Electronics,159.46,2023-03-03,3,67,Miami
8088,Jeans,Clothing,527.40,2023-03-30,9,474,"New York"
8089,Dress,Clothing,944.48,2023-01-30,10,222,"Los Angeles"
8090,"Remote Control Car",Toys,534.75,2023-01-17,9,22,Houston
8091,"Remote Control Car",Toys,752.56,2023-06-28,8,286,Houston
8092,Doll,Toys,222.06,2023-06-17,10,87,Miami
8093,"Remote Control Car",Toys,430.66,2023-05-04,2,314,Houston
8094,"Science Book",Books,563.73,2023-01-25,10,249,Chicago
8095,Bed,Furniture,773.04,2023-03-13,7,99,Miami
8096,Camera,Electronics,865.43,2023-05-17,2,351,Miami
8097,Jacket,Clothing,831.61,2023-02-04,5,395,Chicago
8098,Dresser,Furniture,539.44,2023-05-13,1,29,"New York"
8099,T-shirt,Clothing,674.76,2023-02-23,5,220,Houston
8100,"Art Book",Books,680.47,2023-04-18,10,464,Miami
8101,Wardrobe,Furniture,552.28,2023-01-30,2,178,"Los Angeles"
8102,"Table Lamp",Furniture,948.25,2023-01-16,6,317,Chicago
8103,Nightstand,Furniture,44.15,2023-03-04,6,475,Miami
8104,Puzzle,Toys,756.32,2023-05-05,2,412,Chicago
8105,Dress,Clothing,765.85,2023-04-18,7,308,"New York"
8106,Bed,Furniture,350.39,2023-03-11,9,106,Chicago
8107,Dress,Clothing,453.91,2023-01-03,8,277,Houston
8108,Nightstand,Furniture,581.28,2023-01-25,10,148,Houston
8109,Wardrobe,Furniture,147.92,2023-02-07,6,168,Miami
8110,Shoes,Clothing,672.05,2023-06-01,2,189,"Los Angeles"
8111,Shoes,Clothing,898.19,2023-05-03,8,279,Houston
8112,Jeans,Clothing,183.64,2023-01-06,7,471,Miami
8113,"Non-fiction Book",Books,939.15,2023-04-28,5,120,Miami
8114,"History Book",Books,746.68,2023-03-25,1,500,Houston
8115,Puzzle,Toys,310.08,2023-02-26,7,139,Chicago
8116,Shoes,Clothing,844.41,2023-05-11,1,143,"New York"
8117,"Action Figure",Toys,497.16,2023-03-08,4,350,Chicago
8118,"Board Game",Toys,343.96,2023-03-21,2,299,Chicago
8119,"Table Lamp",Furniture,466.30,2023-05-25,7,341,Chicago
8120,"Art Book",Books,81.84,2023-06-13,4,387,Miami
8121,Jacket,Clothing,862.92,2023-02-17,8,454,"Los Angeles"
8122,Doll,Toys,62.25,2023-03-02,5,231,Miami
8123,"Fiction Book",Books,640.55,2023-05-09,7,33,Chicago
8124,"Remote Control Car",Toys,92.75,2023-05-11,4,255,Chicago
8125,Tablet,Electronics,670.96,2023-04-26,3,51,Miami
8126,Smartphone,Electronics,649.58,2023-02-08,2,496,Chicago
8127,"Remote Control Car",Toys,369.38,2023-03-11,9,483,"Los Angeles"
8128,"Action Figure",Toys,295.62,2023-06-27,1,145,"Los Angeles"
8129,"Fiction Book",Books,996.88,2023-03-29,5,383,Chicago
8130,Monitor,Electronics,251.88,2023-02-07,3,426,"Los Angeles"
8131,Sofa,Furniture,469.65,2023-04-15,5,367,"New York"
8132,"Fiction Book",Books,9.11,2023-06-21,8,386,Houston
8133,Monitor,Electronics,597.53,2023-06-09,7,246,Chicago
8134,Chair,Furniture,665.76,2023-06-04,3,446,Chicago
8135,Sofa,Furniture,796.72,2023-01-26,4,113,"New York"
8136,"Board Game",Toys,414.70,2023-05-03,2,348,"New York"
8137,Keyboard,Electronics,19.68,2023-05-01,3,226,"Los Angeles"
8138,Jacket,Clothing,400.75,2023-01-31,7,384,Miami
8139,Keyboard,Electronics,432.84,2023-05-02,1,159,"Los Angeles"
8140,Puzzle,Toys,243.22,2023-03-06,1,96,Miami
8141,Jacket,Clothing,499.61,2023-02-09,6,164,Miami
8142,"Coffee Table",Furniture,901.16,2023-02-24,9,102,Chicago
8143,Speaker,Electronics,415.39,2023-02-08,9,248,Miami
8144,Jeans,Clothing,506.72,2023-03-10,4,386,Houston
8145,Desk,Furniture,645.65,2023-01-02,1,221,Miami
8146,Wardrobe,Furniture,235.01,2023-04-27,6,348,Miami
8147,Sofa,Furniture,888.03,2023-05-30,5,483,"Los Angeles"
8148,Doll,Toys,799.62,2023-01-29,4,219,"New York"
8149,"Board Game",Toys,359.63,2023-04-08,7,283,Miami
8150,"Board Game",Toys,808.15,2023-04-28,9,94,Chicago
8151,"Non-fiction Book",Books,936.77,2023-01-06,4,312,"New York"
8152,Dress,Clothing,98.40,2023-05-28,8,268,"Los Angeles"
8153,"Fiction Book",Books,147.91,2023-03-20,8,162,Chicago
8154,Wardrobe,Furniture,579.88,2023-02-28,9,241,Houston
8155,Headphones,Electronics,253.61,2023-06-25,2,347,"New York"
8156,"Table Lamp",Furniture,641.54,2023-04-13,10,477,Miami
8157,"Remote Control Car",Toys,697.00,2023-05-13,6,365,Miami
8158,Bed,Furniture,522.72,2023-02-26,1,32,"Los Angeles"
8159,Nightstand,Furniture,418.85,2023-03-10,7,54,Chicago
8160,"Non-fiction Book",Books,473.87,2023-04-19,6,63,Miami
8161,"Action Figure",Toys,914.47,2023-01-21,9,409,Chicago
8162,Jacket,Clothing,174.96,2023-04-30,9,19,Houston
8163,"Non-fiction Book",Books,394.79,2023-01-07,10,433,"Los Angeles"
8164,Mouse,Electronics,231.37,2023-04-23,5,166,"Los Angeles"
8165,"Fiction Book",Books,17.33,2023-04-08,7,314,"New York"
8166,Smartwatch,Electronics,188.43,2023-06-21,2,44,Miami
8167,Camera,Electronics,141.91,2023-01-08,8,397,Houston
8168,"Science Book",Books,780.38,2023-02-07,8,462,Chicago
8169,"History Book",Books,784.07,2023-05-07,2,373,"Los Angeles"
8170,"Non-fiction Book",Books,452.55,2023-01-29,5,321,Miami
8171,"Fiction Book",Books,200.63,2023-04-30,8,300,Miami
8172,Dress,Clothing,410.53,2023-03-26,2,58,"Los Angeles"
8173,"Action Figure",Toys,722.05,2023-02-05,9,283,"Los Angeles"
8174,Puzzle,Toys,779.19,2023-05-13,4,251,Chicago
8175,"Action Figure",Toys,762.07,2023-04-03,3,464,Houston
8176,Puzzle,Toys,192.65,2023-01-17,9,59,Miami
8177,T-shirt,Clothing,693.96,2023-06-15,6,407,Chicago
8178,Monitor,Electronics,260.29,2023-02-07,3,311,"Los Angeles"
8179,Puzzle,Toys,560.94,2023-05-15,1,25,"New York"
8180,Headphones,Electronics,102.85,2023-02-27,3,219,"Los Angeles"
8181,T-shirt,Clothing,486.23,2023-06-19,3,216,Chicago
8182,"Non-fiction Book",Books,683.87,2023-02-28,6,435,Houston
8183,"Fiction Book",Books,647.81,2023-06-23,9,240,Houston
8184,Shoes,Clothing,804.90,2023-04-14,5,264,"Los Angeles"
8185,"Board Game",Toys,906.35,2023-01-02,4,310,"New York"
8186,"Fiction Book",Books,498.16,2023-01-28,3,448,Houston
8187,"Non-fiction Book",Books,167.12,2023-02-01,4,191,Houston
8188,"Art Book",Books,594.18,2023-02-19,6,81,"New York"
8189,Shoes,Clothing,684.85,2023-05-17,8,202,Miami
8190,Puzzle,Toys,329.86,2023-03-03,8,261,Chicago
8191,Puzzle,Toys,77.52,2023-02-14,1,148,Chicago
8192,Bed,Furniture,327.36,2023-02-02,10,16,Chicago
8193,Puzzle,Toys,112.12,2023-05-16,5,425,Miami
8194,Nightstand,Furniture,587.69,2023-01-19,8,198,Houston
8195,Jacket,Clothing,648.28,2023-02-04,1,246,Chicago
8196,Jacket,Clothing,904.06,2023-02-25,9,81,"Los Angeles"
8197,"Table Lamp",Furniture,601.94,2023-03-27,6,209,"Los Angeles"
8198,"Fiction Book",Books,681.27,2023-01-04,1,104,Miami
8199,"Fiction Book",Books,530.17,2023-01-31,3,386,"New York"
8200,Monitor,Electronics,359.73,2023-05-18,8,220,Miami
8201,Dress,Clothing,900.56,2023-01-23,10,103,"Los Angeles"
8202,"Fiction Book",Books,83.86,2023-01-28,6,72,"New York"
8203,Sofa,Furniture,233.70,2023-03-15,4,255,Chicago
8204,Doll,Toys,820.77,2023-01-13,9,101,"Los Angeles"
8205,Speaker,Electronics,916.74,2023-06-08,7,315,"New York"
8206,Mouse,Electronics,644.44,2023-04-20,2,343,"New York"
8207,Dress,Clothing,558.76,2023-03-21,6,173,"New York"
8208,Dress,Clothing,542.52,2023-03-10,3,102,"Los Angeles"
8209,Dress,Clothing,540.16,2023-06-27,4,276,Miami
8210,"Science Book",Books,458.25,2023-06-18,4,350,Chicago
8211,"Board Game",Toys,274.13,2023-04-25,4,446,"Los Angeles"
8212,Wardrobe,Furniture,814.34,2023-03-17,7,12,"New York"
8213,"Art Book",Books,142.48,2023-02-16,9,263,"New York"
8214,"Fiction Book",Books,493.85,2023-02-08,6,174,Miami
8215,"Non-fiction Book",Books,71.19,2023-01-29,6,208,"Los Angeles"
8216,Jeans,Clothing,758.94,2023-01-25,4,296,Houston
8217,Camera,Electronics,102.29,2023-01-02,8,340,"New York"
8218,"Board Game",Toys,334.60,2023-01-02,1,90,Houston
8219,Bookshelf,Furniture,576.26,2023-06-20,1,119,"New York"
8220,Doll,Toys,931.23,2023-04-16,2,468,"Los Angeles"
8221,Jacket,Clothing,48.86,2023-01-22,5,430,Miami
8222,Bed,Furniture,493.13,2023-01-14,9,118,Chicago
8223,"Science Book",Books,26.15,2023-05-03,4,292,Miami
8224,"Remote Control Car",Toys,670.31,2023-04-28,3,148,Houston
8225,"Science Book",Books,545.66,2023-01-10,7,13,"Los Angeles"
8226,Doll,Toys,161.65,2023-01-31,4,158,Chicago
8227,Jacket,Clothing,474.24,2023-01-19,1,47,"Los Angeles"
8228,Puzzle,Toys,612.36,2023-01-25,9,403,Chicago
8229,Speaker,Electronics,409.88,2023-02-14,1,132,"Los Angeles"
8230,"Art Book",Books,412.17,2023-02-08,9,260,"New York"
8231,Doll,Toys,927.06,2023-04-21,3,284,Miami
8232,Bookshelf,Furniture,25.60,2023-01-05,1,98,Miami
8233,Shoes,Clothing,416.32,2023-01-30,6,163,Miami
8234,"History Book",Books,747.80,2023-03-13,8,234,"New York"
8235,Sofa,Furniture,192.95,2023-02-13,7,219,"Los Angeles"
8236,Smartwatch,Electronics,64.77,2023-02-23,3,277,Miami
8237,"Board Game",Toys,690.63,2023-01-28,8,27,"New York"
8238,"Science Book",Books,982.19,2023-02-12,3,234,Houston
8239,"Art Book",Books,197.20,2023-02-24,10,353,Houston
8240,"Fiction Book",Books,508.58,2023-02-09,6,103,"Los Angeles"
8241,Puzzle,Toys,480.46,2023-03-27,10,99,"Los Angeles"
8242,Shoes,Clothing,818.22,2023-03-30,10,262,Houston
8243,Jacket,Clothing,854.19,2023-02-15,8,382,Houston
8244,Nightstand,Furniture,128.80,2023-05-22,6,207,Chicago
8245,"History Book",Books,740.69,2023-06-10,3,223,Chicago
8246,Jacket,Clothing,910.92,2023-04-12,1,358,"Los Angeles"
8247,Jacket,Clothing,792.96,2023-06-15,3,165,Miami
8248,"Remote Control Car",Toys,619.64,2023-03-07,10,381,Miami
8249,Laptop,Electronics,99.51,2023-01-29,5,2,Chicago
8250,"Science Book",Books,877.42,2023-05-12,1,482,Houston
8251,"Non-fiction Book",Books,368.84,2023-06-27,9,109,Chicago
8252,Bookshelf,Furniture,307.31,2023-03-04,9,30,Miami
8253,Keyboard,Electronics,484.07,2023-06-16,2,75,"New York"
8254,Jacket,Clothing,578.38,2023-04-01,8,167,"Los Angeles"
8255,"Action Figure",Toys,895.33,2023-02-11,5,351,"New York"
8256,Nightstand,Furniture,98.21,2023-04-21,8,18,Miami
8257,Laptop,Electronics,544.08,2023-01-23,10,268,Houston
8258,Laptop,Electronics,366.33,2023-03-31,5,252,"Los Angeles"
8259,Keyboard,Electronics,825.88,2023-06-12,1,262,Chicago
8260,Puzzle,Toys,608.81,2023-02-10,4,433,"Los Angeles"
8261,"Coffee Table",Furniture,404.87,2023-06-12,3,374,Miami
8262,Headphones,Electronics,612.24,2023-05-19,1,357,Chicago
8263,"Science Book",Books,833.51,2023-04-02,1,320,"New York"
8264,Dress,Clothing,60.20,2023-04-26,1,103,Miami
8265,Camera,Electronics,757.22,2023-02-21,2,452,"New York"
8266,Jacket,Clothing,125.21,2023-02-21,1,197,Miami
8267,"Action Figure",Toys,730.13,2023-03-09,7,165,Chicago
8268,Puzzle,Toys,448.24,2023-03-17,8,233,"New York"
8269,Laptop,Electronics,342.18,2023-03-06,8,402,Houston
8270,Smartphone,Electronics,25.22,2023-01-16,4,268,Chicago
8271,Desk,Furniture,350.41,2023-03-25,3,468,Miami
8272,Jeans,Clothing,821.50,2023-01-28,3,492,"New York"
8273,"Table Lamp",Furniture,665.62,2023-05-08,6,328,Houston
8274,Keyboard,Electronics,133.64,2023-02-22,1,191,Houston
8275,"Art Book",Books,251.12,2023-05-24,3,406,"Los Angeles"
8276,Desk,Furniture,610.36,2023-06-14,8,497,Houston
8277,"Art Book",Books,802.80,2023-02-09,7,404,Miami
8278,Nightstand,Furniture,676.07,2023-04-03,6,112,Chicago
8279,Jacket,Clothing,373.57,2023-06-23,8,314,"New York"
8280,Desk,Furniture,793.29,2023-05-01,10,420,"Los Angeles"
8281,Puzzle,Toys,809.51,2023-06-15,2,17,Houston
8282,"Coffee Table",Furniture,695.11,2023-02-05,9,447,Houston
8283,Smartwatch,Electronics,670.84,2023-03-14,10,376,Houston
8284,"Art Book",Books,970.72,2023-06-05,5,234,"New York"
8285,Laptop,Electronics,502.80,2023-01-10,8,287,Houston
8286,Jeans,Clothing,949.50,2023-01-02,3,489,"Los Angeles"
8287,Dress,Clothing,465.64,2023-04-13,5,290,Chicago
8288,Puzzle,Toys,856.87,2023-02-14,7,310,"New York"
8289,Dress,Clothing,496.98,2023-02-11,7,331,"Los Angeles"
8290,Dress,Clothing,67.70,2023-06-01,1,269,Houston
8291,T-shirt,Clothing,555.49,2023-04-12,2,59,"New York"
8292,Keyboard,Electronics,698.74,2023-02-08,10,104,"New York"
8293,Smartwatch,Electronics,267.37,2023-03-07,1,4,Miami
8294,"Board Game",Toys,465.22,2023-01-15,1,395,Miami
8295,"Table Lamp",Furniture,966.30,2023-01-31,10,142,Chicago
8296,Puzzle,Toys,518.27,2023-05-17,3,449,Houston
8297,"Coffee Table",Furniture,33.11,2023-06-22,7,279,Houston
8298,Puzzle,Toys,618.73,2023-06-22,10,385,"New York"
8299,Puzzle,Toys,981.21,2023-04-05,7,436,"Los Angeles"
8300,Doll,Toys,657.57,2023-04-23,2,442,Miami
8301,Speaker,Electronics,102.58,2023-05-18,6,115,Houston
8302,Dress,Clothing,945.51,2023-02-25,8,295,Miami
8303,Dress,Clothing,696.35,2023-05-08,5,47,"New York"
8304,Jacket,Clothing,104.95,2023-04-02,3,313,Chicago
8305,Chair,Furniture,747.82,2023-03-10,7,93,Miami
8306,Smartwatch,Electronics,799.23,2023-02-02,5,463,"New York"
8307,"Board Game",Toys,480.26,2023-06-17,3,138,Houston
8308,"Remote Control Car",Toys,464.59,2023-03-02,3,196,"New York"
8309,Jacket,Clothing,281.23,2023-02-23,7,178,Miami
8310,Headphones,Electronics,834.60,2023-05-20,4,263,Chicago
8311,Mouse,Electronics,663.20,2023-05-03,5,12,Miami
8312,Wardrobe,Furniture,528.30,2023-06-26,4,337,"Los Angeles"
8313,"Board Game",Toys,784.01,2023-03-06,5,81,Chicago
8314,Puzzle,Toys,975.34,2023-05-30,3,322,Chicago
8315,"Fiction Book",Books,112.95,2023-03-10,6,340,Houston
8316,Jeans,Clothing,34.37,2023-02-21,4,373,Houston
8317,Jacket,Clothing,561.58,2023-05-25,4,129,"Los Angeles"
8318,"Non-fiction Book",Books,902.19,2023-03-16,4,274,Houston
8319,"Science Book",Books,25.73,2023-06-09,4,58,Chicago
8320,Keyboard,Electronics,575.01,2023-04-16,3,165,Miami
8321,"Remote Control Car",Toys,296.75,2023-06-25,10,6,"New York"
8322,Shoes,Clothing,226.45,2023-03-15,4,282,Houston
8323,Camera,Electronics,331.43,2023-01-04,2,246,"New York"
8324,Keyboard,Electronics,533.97,2023-03-26,8,155,"Los Angeles"
8325,"Non-fiction Book",Books,283.17,2023-05-07,7,118,"New York"
8326,Laptop,Electronics,293.92,2023-01-12,5,14,Miami
8327,Doll,Toys,255.09,2023-04-30,6,401,"Los Angeles"
8328,Sofa,Furniture,464.32,2023-04-18,7,116,"Los Angeles"
8329,"Remote Control Car",Toys,501.30,2023-06-02,8,48,"Los Angeles"
8330,Smartphone,Electronics,504.84,2023-04-01,1,254,Chicago
8331,Speaker,Electronics,429.41,2023-02-24,3,85,"New York"
8332,Shoes,Clothing,822.40,2023-04-07,3,208,Chicago
8333,Speaker,Electronics,557.40,2023-06-17,10,56,Houston
8334,"Art Book",Books,153.66,2023-01-25,3,331,Houston
8335,"Coffee Table",Furniture,655.93,2023-01-11,4,244,Chicago
8336,"Non-fiction Book",Books,113.54,2023-05-28,8,180,Chicago
8337,Dress,Clothing,649.62,2023-04-03,7,266,Miami
8338,Shoes,Clothing,527.61,2023-04-26,7,74,Miami
8339,Mouse,Electronics,602.28,2023-03-07,1,465,Houston
8340,T-shirt,Clothing,286.56,2023-01-25,9,347,"New York"
8341,Puzzle,Toys,449.07,2023-02-24,2,443,Miami
8342,Smartwatch,Electronics,145.55,2023-04-26,8,452,"Los Angeles"
8343,Sofa,Furniture,160.65,2023-01-04,7,482,"New York"
8344,Headphones,Electronics,102.00,2023-03-11,7,486,Miami
8345,"Remote Control Car",Toys,886.18,2023-04-07,1,231,"Los Angeles"
8346,"Action Figure",Toys,186.66,2023-06-09,9,320,Houston
8347,Smartphone,Electronics,679.65,2023-02-17,3,327,"Los Angeles"
8348,Speaker,Electronics,519.72,2023-06-02,7,441,"Los Angeles"
8349,Monitor,Electronics,621.90,2023-06-28,1,229,"New York"
8350,"History Book",Books,378.33,2023-05-05,4,277,Houston
8351,Desk,Furniture,221.96,2023-01-16,8,263,"Los Angeles"
8352,Nightstand,Furniture,149.77,2023-06-10,1,195,Miami
8353,Desk,Furniture,986.12,2023-06-16,7,281,Miami
8354,Bookshelf,Furniture,518.82,2023-04-29,8,369,Chicago
8355,Smartphone,Electronics,833.73,2023-01-24,2,164,"Los Angeles"
8356,Headphones,Electronics,332.22,2023-04-08,8,452,Chicago
8357,Bookshelf,Furniture,773.46,2023-06-01,9,478,"New York"
8358,Dress,Clothing,671.90,2023-06-27,10,289,"New York"
8359,Smartphone,Electronics,725.70,2023-04-21,9,284,"New York"
8360,"Coffee Table",Furniture,834.48,2023-01-01,6,290,"Los Angeles"
8361,"Remote Control Car",Toys,321.27,2023-01-11,4,221,"Los Angeles"
8362,"Board Game",Toys,281.17,2023-05-06,7,70,Houston
8363,"Table Lamp",Furniture,645.61,2023-04-16,10,117,"New York"
8364,Laptop,Electronics,510.89,2023-01-01,5,181,"Los Angeles"
8365,"Action Figure",Toys,973.94,2023-04-09,9,226,Houston
8366,"History Book",Books,979.19,2023-04-13,10,405,"Los Angeles"
8367,Bookshelf,Furniture,892.82,2023-03-20,6,118,Houston
8368,Jacket,Clothing,874.24,2023-02-24,9,248,Miami
8369,"Art Book",Books,649.78,2023-03-17,2,226,Miami
8370,"Board Game",Toys,186.15,2023-03-09,4,229,"Los Angeles"
8371,"Table Lamp",Furniture,889.85,2023-05-15,1,36,"New York"
8372,"History Book",Books,307.43,2023-04-22,2,27,Houston
8373,Shoes,Clothing,172.85,2023-02-12,7,305,"New York"
8374,T-shirt,Clothing,232.81,2023-05-24,3,34,Chicago
8375,Smartphone,Electronics,855.64,2023-02-10,6,83,"New York"
8376,Smartphone,Electronics,978.12,2023-05-18,9,88,"New York"
8377,Dress,Clothing,421.55,2023-03-31,3,315,Chicago
8378,Shoes,Clothing,312.54,2023-05-11,7,131,"Los Angeles"
8379,Dress,Clothing,903.68,2023-02-04,3,361,Miami
8380,Doll,Toys,508.16,2023-05-12,2,231,Miami
8381,Smartphone,Electronics,937.79,2023-03-20,4,248,"Los Angeles"
8382,Jeans,Clothing,967.55,2023-06-23,10,352,Houston
8383,"Fiction Book",Books,888.99,2023-06-04,7,278,Miami
8384,"Board Game",Toys,783.25,2023-04-10,5,186,Houston
8385,Mouse,Electronics,466.80,2023-05-03,1,9,"New York"
8386,Smartwatch,Electronics,973.95,2023-05-23,1,384,Houston
8387,T-shirt,Clothing,775.99,2023-05-23,7,398,"New York"
8388,Puzzle,Toys,433.99,2023-01-27,5,376,Chicago
8389,Doll,Toys,117.43,2023-03-18,8,271,Chicago
8390,T-shirt,Clothing,385.15,2023-03-17,10,202,"Los Angeles"
8391,"Remote Control Car",Toys,820.84,2023-03-06,4,282,Miami
8392,Shoes,Clothing,734.06,2023-02-05,8,158,"Los Angeles"
8393,Bed,Furniture,353.27,2023-04-11,8,482,Houston
8394,"Table Lamp",Furniture,783.01,2023-03-01,3,243,Chicago
8395,Dresser,Furniture,366.61,2023-06-23,8,368,Chicago
8396,Nightstand,Furniture,906.82,2023-04-30,7,29,Chicago
8397,Smartphone,Electronics,915.25,2023-03-30,8,51,"Los Angeles"
8398,Dress,Clothing,593.89,2023-05-09,8,382,Chicago
8399,Speaker,Electronics,452.57,2023-03-26,10,244,Chicago
8400,Headphones,Electronics,543.81,2023-04-01,9,477,"New York"
8401,Dress,Clothing,78.00,2023-05-13,5,488,Chicago
8402,"Remote Control Car",Toys,595.32,2023-03-09,1,150,"Los Angeles"
8403,Nightstand,Furniture,554.88,2023-01-09,6,379,"New York"
8404,"Board Game",Toys,920.17,2023-06-24,1,260,"Los Angeles"
8405,Smartwatch,Electronics,810.80,2023-01-24,3,380,"New York"
8406,Wardrobe,Furniture,373.97,2023-03-22,2,116,Miami
8407,Bed,Furniture,22.60,2023-05-29,1,419,Miami
8408,Jeans,Clothing,106.04,2023-04-27,10,341,Houston
8409,Smartwatch,Electronics,45.26,2023-02-04,9,279,"Los Angeles"
8410,Doll,Toys,966.37,2023-06-18,8,78,"Los Angeles"
8411,Jeans,Clothing,760.12,2023-01-15,2,156,"Los Angeles"
8412,Bed,Furniture,497.00,2023-02-02,5,242,"Los Angeles"
8413,T-shirt,Clothing,211.58,2023-04-06,1,256,Chicago
8414,"Action Figure",Toys,157.63,2023-02-08,6,141,Houston
8415,T-shirt,Clothing,490.16,2023-06-29,6,300,Chicago
8416,Dresser,Furniture,958.52,2023-06-15,8,452,"Los Angeles"
8417,Doll,Toys,282.35,2023-02-21,6,47,Houston
8418,Headphones,Electronics,323.53,2023-02-28,7,146,Chicago
8419,Dress,Clothing,575.95,2023-03-27,7,400,"New York"
8420,Doll,Toys,822.67,2023-02-07,6,126,Chicago
8421,Puzzle,Toys,347.03,2023-03-05,8,298,Houston
8422,Laptop,Electronics,527.48,2023-01-26,2,120,Houston
8423,Nightstand,Furniture,966.02,2023-06-23,10,369,Miami
8424,Nightstand,Furniture,631.67,2023-03-11,1,2,Miami
8425,T-shirt,Clothing,937.21,2023-02-21,7,113,"Los Angeles"
8426,"History Book",Books,163.15,2023-06-06,9,335,Houston
8427,"Action Figure",Toys,199.41,2023-03-22,7,403,"New York"
8428,Desk,Furniture,196.52,2023-06-20,2,468,"Los Angeles"
8429,"Table Lamp",Furniture,971.16,2023-02-16,4,46,"Los Angeles"
8430,T-shirt,Clothing,830.09,2023-01-24,2,186,Chicago
8431,Doll,Toys,601.90,2023-02-13,5,166,Chicago
8432,Laptop,Electronics,524.65,2023-01-31,3,401,"Los Angeles"
8433,"Art Book",Books,185.75,2023-03-04,2,446,Miami
8434,"Fiction Book",Books,623.42,2023-04-11,10,448,Houston
8435,Camera,Electronics,163.59,2023-02-23,1,55,Chicago
8436,Bookshelf,Furniture,465.89,2023-03-03,4,292,Miami
8437,"Action Figure",Toys,434.62,2023-06-19,5,106,Miami
8438,Jeans,Clothing,395.27,2023-03-07,7,33,Chicago
8439,"Board Game",Toys,405.76,2023-05-03,2,457,Miami
8440,Desk,Furniture,762.85,2023-04-15,7,154,Houston
8441,"Art Book",Books,100.35,2023-04-04,3,438,Chicago
8442,Doll,Toys,718.29,2023-04-18,9,198,Chicago
8443,Laptop,Electronics,514.18,2023-01-13,8,379,Chicago
8444,"History Book",Books,788.36,2023-01-16,1,35,"New York"
8445,Jeans,Clothing,685.06,2023-04-25,2,376,"Los Angeles"
8446,Jacket,Clothing,519.40,2023-05-09,10,427,"Los Angeles"
8447,Doll,Toys,959.25,2023-06-18,9,131,Miami
8448,Shoes,Clothing,325.96,2023-05-10,7,451,Houston
8449,"Non-fiction Book",Books,422.57,2023-02-18,1,324,Miami
8450,"Board Game",Toys,449.28,2023-01-07,9,12,Houston
8451,Headphones,Electronics,332.15,2023-03-17,2,135,"New York"
8452,"Table Lamp",Furniture,913.80,2023-05-28,4,170,Houston
8453,Keyboard,Electronics,946.83,2023-03-26,6,89,"Los Angeles"
8454,Smartwatch,Electronics,812.49,2023-01-27,3,19,"Los Angeles"
8455,Desk,Furniture,183.58,2023-05-06,10,270,Miami
8456,"Action Figure",Toys,750.93,2023-03-03,5,131,Miami
8457,Puzzle,Toys,621.32,2023-01-23,8,221,Miami
8458,"Table Lamp",Furniture,950.16,2023-01-21,8,131,"New York"
8459,Doll,Toys,299.27,2023-06-02,4,50,Chicago
8460,Nightstand,Furniture,638.79,2023-03-29,6,57,"New York"
8461,"History Book",Books,665.15,2023-06-18,7,304,Miami
8462,Smartwatch,Electronics,943.06,2023-05-10,8,357,"Los Angeles"
8463,Mouse,Electronics,699.80,2023-05-20,8,259,"Los Angeles"
8464,"Board Game",Toys,590.04,2023-04-29,6,310,Chicago
8465,Puzzle,Toys,669.92,2023-03-15,1,469,Chicago
8466,Camera,Electronics,674.63,2023-06-24,9,105,Chicago
8467,Bed,Furniture,528.84,2023-02-25,10,442,Chicago
8468,Doll,Toys,606.80,2023-01-21,8,190,Houston
8469,Speaker,Electronics,71.66,2023-04-16,8,403,Miami
8470,Mouse,Electronics,568.03,2023-02-09,5,177,Chicago
8471,"Art Book",Books,431.74,2023-03-15,8,275,Chicago
8472,"Non-fiction Book",Books,305.35,2023-04-17,1,237,"Los Angeles"
8473,"History Book",Books,323.52,2023-04-24,2,14,Chicago
8474,"Board Game",Toys,890.95,2023-06-28,3,220,"Los Angeles"
8475,T-shirt,Clothing,970.59,2023-05-10,7,145,"Los Angeles"
8476,Speaker,Electronics,553.98,2023-01-05,5,97,Houston
8477,Dress,Clothing,768.11,2023-04-14,6,60,Miami
8478,Camera,Electronics,760.57,2023-03-09,6,396,"Los Angeles"
8479,"History Book",Books,504.12,2023-03-18,7,370,Miami
8480,Bed,Furniture,630.45,2023-05-19,10,230,Chicago
8481,"History Book",Books,53.03,2023-02-05,9,247,"New York"
8482,"Fiction Book",Books,260.93,2023-02-13,5,181,Chicago
8483,"History Book",Books,812.60,2023-05-13,3,31,Chicago
8484,Shoes,Clothing,415.34,2023-01-15,2,297,Chicago
8485,Jeans,Clothing,660.23,2023-04-11,9,183,Chicago
8486,"Board Game",Toys,263.45,2023-01-18,7,84,Houston
8487,Bookshelf,Furniture,577.44,2023-06-23,1,274,Chicago
8488,"Non-fiction Book",Books,882.80,2023-05-20,3,415,Chicago
8489,"Science Book",Books,59.32,2023-06-09,3,297,"Los Angeles"
8490,"Coffee Table",Furniture,40.81,2023-06-06,3,273,"New York"
8491,Dress,Clothing,616.87,2023-05-27,3,316,Chicago
8492,"Art Book",Books,302.31,2023-06-11,6,132,Chicago
8493,"Remote Control Car",Toys,546.52,2023-02-06,4,131,"New York"
8494,Laptop,Electronics,485.03,2023-06-05,9,377,"New York"
8495,Jeans,Clothing,475.36,2023-05-10,2,350,Miami
8496,"Fiction Book",Books,883.16,2023-02-14,6,112,"Los Angeles"
8497,Smartphone,Electronics,29.32,2023-01-23,6,160,Miami
8498,Puzzle,Toys,71.82,2023-01-03,9,134,Houston
8499,Doll,Toys,18.38,2023-01-06,2,205,Houston
8500,Jeans,Clothing,727.52,2023-06-13,4,49,"Los Angeles"
8501,"Fiction Book",Books,859.18,2023-05-20,3,66,Houston
8502,Jeans,Clothing,924.76,2023-05-09,8,391,Chicago
8503,Dress,Clothing,441.10,2023-04-07,4,109,Miami
8504,"Table Lamp",Furniture,721.09,2023-01-07,1,471,Houston
8505,Shoes,Clothing,564.54,2023-02-12,5,386,"Los Angeles"
8506,Dress,Clothing,693.59,2023-01-26,7,330,Chicago
8507,Nightstand,Furniture,869.27,2023-04-13,3,259,Miami
8508,"Art Book",Books,483.72,2023-05-04,10,392,"New York"
8509,"History Book",Books,955.91,2023-06-08,6,498,"Los Angeles"
8510,Camera,Electronics,141.92,2023-02-08,7,299,"New York"
8511,Shoes,Clothing,520.15,2023-05-14,2,246,"New York"
8512,"Non-fiction Book",Books,340.11,2023-06-09,5,211,Miami
8513,"Board Game",Toys,108.67,2023-02-21,2,361,"Los Angeles"
8514,Headphones,Electronics,543.86,2023-03-14,4,323,"New York"
8515,"Art Book",Books,534.49,2023-06-26,4,304,"New York"
8516,"Non-fiction Book",Books,922.09,2023-06-27,2,456,"New York"
8517,Shoes,Clothing,716.39,2023-04-19,9,251,Miami
8518,Headphones,Electronics,554.55,2023-03-21,6,227,Chicago
8519,T-shirt,Clothing,164.34,2023-02-16,9,117,Houston
8520,Laptop,Electronics,384.88,2023-04-10,7,207,"Los Angeles"
8521,Puzzle,Toys,683.74,2023-03-23,3,374,"New York"
8522,Tablet,Electronics,875.85,2023-05-07,9,165,Miami
8523,Puzzle,Toys,833.08,2023-06-26,4,24,"New York"
8524,Tablet,Electronics,876.23,2023-05-12,1,490,Houston
8525,Headphones,Electronics,561.15,2023-04-24,5,256,"New York"
8526,Headphones,Electronics,830.39,2023-05-27,6,210,"Los Angeles"
8527,"Fiction Book",Books,457.57,2023-01-10,10,174,"New York"
8528,Keyboard,Electronics,914.50,2023-02-11,5,175,Chicago
8529,Jeans,Clothing,642.72,2023-03-15,2,145,"New York"
8530,"Remote Control Car",Toys,572.36,2023-03-11,3,449,Miami
8531,Jeans,Clothing,682.84,2023-04-16,9,324,Chicago
8532,Tablet,Electronics,244.95,2023-03-26,7,357,Houston
8533,Bookshelf,Furniture,971.46,2023-05-18,10,125,Chicago
8534,Puzzle,Toys,912.78,2023-03-29,7,499,Miami
8535,T-shirt,Clothing,824.76,2023-05-26,6,182,"New York"
8536,"History Book",Books,908.04,2023-02-13,5,352,"New York"
8537,Headphones,Electronics,149.86,2023-04-06,2,204,Chicago
8538,"Board Game",Toys,993.04,2023-02-06,1,266,Chicago
8539,Dresser,Furniture,346.83,2023-06-01,2,148,Miami
8540,Monitor,Electronics,359.71,2023-06-09,4,47,Chicago
8541,"History Book",Books,234.23,2023-01-01,4,275,Miami
8542,Jacket,Clothing,960.69,2023-06-08,6,453,"New York"
8543,Bed,Furniture,364.60,2023-03-28,4,73,Houston
8544,Jacket,Clothing,361.58,2023-04-30,3,105,"Los Angeles"
8545,"Remote Control Car",Toys,516.61,2023-06-17,2,366,"Los Angeles"
8546,Dress,Clothing,141.59,2023-01-19,1,61,"Los Angeles"
8547,Wardrobe,Furniture,199.95,2023-03-12,4,281,Houston
8548,Keyboard,Electronics,873.27,2023-06-23,3,74,"New York"
8549,Laptop,Electronics,461.95,2023-06-05,10,38,Chicago
8550,"Science Book",Books,748.96,2023-01-22,4,184,Miami
8551,"Action Figure",Toys,79.15,2023-06-12,3,320,"Los Angeles"
8552,Smartphone,Electronics,165.19,2023-04-26,8,293,Miami
8553,Bookshelf,Furniture,530.66,2023-05-05,9,125,Houston
8554,Dress,Clothing,298.78,2023-05-27,2,183,"Los Angeles"
8555,"Fiction Book",Books,732.78,2023-02-21,3,148,Houston
8556,Camera,Electronics,997.77,2023-04-06,7,328,"Los Angeles"
8557,"Science Book",Books,419.55,2023-04-16,7,280,Miami
8558,Bookshelf,Furniture,744.10,2023-04-24,10,377,Miami
8559,"Non-fiction Book",Books,205.81,2023-03-08,3,22,Chicago
8560,Shoes,Clothing,193.50,2023-01-26,2,124,Miami
8561,Dress,Clothing,395.85,2023-03-17,10,153,Houston
8562,Headphones,Electronics,516.90,2023-03-22,7,69,Chicago
8563,Shoes,Clothing,328.97,2023-04-27,3,149,Houston
8564,"Remote Control Car",Toys,124.59,2023-06-03,9,428,Houston
8565,T-shirt,Clothing,418.78,2023-06-28,7,247,"Los Angeles"
8566,T-shirt,Clothing,332.33,2023-02-11,2,53,"New York"
8567,Doll,Toys,278.75,2023-02-05,2,56,"New York"
8568,Sofa,Furniture,441.68,2023-03-02,4,361,Chicago
8569,"History Book",Books,536.27,2023-04-05,1,264,Chicago
8570,"Coffee Table",Furniture,826.52,2023-06-13,1,294,Houston
8571,Puzzle,Toys,223.31,2023-02-11,5,350,"New York"
8572,Nightstand,Furniture,968.57,2023-01-11,4,372,Chicago
8573,Jeans,Clothing,323.05,2023-06-26,10,349,Houston
8574,Shoes,Clothing,677.56,2023-03-19,2,133,Miami
8575,Speaker,Electronics,128.94,2023-05-31,8,209,Houston
8576,Wardrobe,Furniture,841.71,2023-05-22,4,320,"New York"
8577,Keyboard,Electronics,922.47,2023-02-23,8,380,Houston
8578,"Art Book",Books,135.09,2023-01-13,10,265,Miami
8579,Jacket,Clothing,138.87,2023-04-30,9,247,Houston
8580,Jacket,Clothing,291.09,2023-03-04,9,151,Miami
8581,Jeans,Clothing,517.66,2023-05-27,6,69,"New York"
8582,Nightstand,Furniture,130.10,2023-04-30,10,331,Chicago
8583,Jeans,Clothing,190.70,2023-05-22,4,189,Miami
8584,Speaker,Electronics,417.82,2023-02-18,1,311,Miami
8585,Bookshelf,Furniture,614.35,2023-01-04,3,126,Chicago
8586,Dress,Clothing,966.99,2023-02-04,1,345,"Los Angeles"
8587,Desk,Furniture,171.40,2023-04-28,8,421,Miami
8588,Smartwatch,Electronics,203.68,2023-06-17,1,178,Houston
8589,Shoes,Clothing,651.58,2023-02-28,7,164,Houston
8590,"Table Lamp",Furniture,34.60,2023-03-11,9,483,"Los Angeles"
8591,Doll,Toys,636.63,2023-03-23,4,233,"Los Angeles"
8592,"Art Book",Books,580.24,2023-01-09,6,194,Chicago
8593,Doll,Toys,42.25,2023-01-23,5,57,"New York"
8594,Speaker,Electronics,582.24,2023-01-19,8,285,Chicago
8595,"Remote Control Car",Toys,583.41,2023-03-11,2,349,Miami
8596,"Fiction Book",Books,793.36,2023-06-05,10,45,Houston
8597,Puzzle,Toys,686.34,2023-03-07,8,349,"Los Angeles"
8598,Doll,Toys,567.00,2023-06-13,9,248,Miami
8599,Bookshelf,Furniture,19.00,2023-01-11,3,9,"Los Angeles"
8600,"History Book",Books,638.38,2023-05-26,2,102,Houston
8601,T-shirt,Clothing,544.09,2023-04-03,10,96,"New York"
8602,Puzzle,Toys,154.69,2023-06-10,10,155,Chicago
8603,"Board Game",Toys,11.31,2023-04-10,8,11,Miami
8604,Jeans,Clothing,481.43,2023-03-12,6,202,Chicago
8605,Laptop,Electronics,605.39,2023-03-23,5,440,"New York"
8606,"Fiction Book",Books,295.91,2023-03-04,9,74,"Los Angeles"
8607,"History Book",Books,791.84,2023-04-26,9,120,Houston
8608,"History Book",Books,75.58,2023-03-11,8,175,Houston
8609,Speaker,Electronics,65.29,2023-04-15,8,426,"New York"
8610,Doll,Toys,484.21,2023-05-08,1,149,"Los Angeles"
8611,Dresser,Furniture,626.90,2023-01-11,5,417,Miami
8612,Dresser,Furniture,545.79,2023-04-24,6,328,Houston
8613,"History Book",Books,869.86,2023-03-19,6,194,"Los Angeles"
8614,Dress,Clothing,852.63,2023-06-06,8,146,"New York"
8615,"Fiction Book",Books,781.21,2023-03-08,5,197,Chicago
8616,Monitor,Electronics,106.08,2023-04-22,8,490,Chicago
8617,Keyboard,Electronics,84.24,2023-01-16,2,314,Houston
8618,Speaker,Electronics,234.12,2023-03-06,1,172,Chicago
8619,Desk,Furniture,461.41,2023-01-19,2,196,Chicago
8620,Shoes,Clothing,785.54,2023-03-09,6,229,Houston
8621,Bed,Furniture,140.75,2023-03-18,8,131,"New York"
8622,Laptop,Electronics,250.39,2023-06-03,6,26,Houston
8623,Bookshelf,Furniture,999.53,2023-06-08,5,187,Houston
8624,Camera,Electronics,698.97,2023-06-27,9,106,Chicago
8625,Speaker,Electronics,317.71,2023-05-22,10,293,Miami
8626,Tablet,Electronics,378.08,2023-01-01,9,185,"Los Angeles"
8627,Doll,Toys,528.60,2023-05-14,2,178,Chicago
8628,Laptop,Electronics,514.55,2023-01-19,10,261,Houston
8629,Puzzle,Toys,866.86,2023-01-11,7,121,"New York"
8630,Speaker,Electronics,296.32,2023-05-18,10,190,"New York"
8631,Sofa,Furniture,324.62,2023-06-09,5,309,Houston
8632,"Science Book",Books,589.74,2023-02-15,6,386,"Los Angeles"
8633,"Coffee Table",Furniture,833.27,2023-05-29,7,321,"Los Angeles"
8634,"History Book",Books,567.67,2023-04-08,10,180,Miami
8635,Doll,Toys,806.22,2023-01-08,8,385,Chicago
8636,Wardrobe,Furniture,269.99,2023-06-11,7,326,"Los Angeles"
8637,"Coffee Table",Furniture,986.25,2023-04-16,10,48,Chicago
8638,Shoes,Clothing,964.83,2023-01-21,7,37,"Los Angeles"
8639,"Coffee Table",Furniture,755.33,2023-04-03,4,15,"Los Angeles"
8640,"Remote Control Car",Toys,125.41,2023-05-07,2,306,Houston
8641,Bed,Furniture,418.80,2023-05-20,7,411,"Los Angeles"
8642,"Non-fiction Book",Books,43.48,2023-01-20,5,365,Chicago
8643,Doll,Toys,439.00,2023-04-04,3,431,Chicago
8644,"Art Book",Books,882.38,2023-03-29,8,233,Miami
8645,Jeans,Clothing,389.71,2023-06-12,4,7,"New York"
8646,Mouse,Electronics,200.17,2023-03-25,8,73,Houston
8647,"Non-fiction Book",Books,239.33,2023-04-11,1,357,"Los Angeles"
8648,Dress,Clothing,11.96,2023-04-11,8,73,Chicago
8649,"Non-fiction Book",Books,143.40,2023-06-22,4,454,Chicago
8650,"History Book",Books,310.04,2023-05-03,5,133,Miami
8651,Puzzle,Toys,98.93,2023-02-02,7,233,Chicago
8652,"Table Lamp",Furniture,200.41,2023-02-17,8,422,"New York"
8653,"Art Book",Books,955.59,2023-06-14,7,364,Chicago
8654,"Non-fiction Book",Books,48.99,2023-01-22,5,422,Miami
8655,"Action Figure",Toys,920.03,2023-01-17,8,137,"Los Angeles"
8656,Desk,Furniture,184.37,2023-05-21,4,215,"New York"
8657,Monitor,Electronics,191.64,2023-01-09,7,104,"New York"
8658,Jeans,Clothing,379.42,2023-05-23,9,390,"Los Angeles"
8659,"Art Book",Books,90.41,2023-03-23,10,296,Miami
8660,Camera,Electronics,795.06,2023-03-14,7,471,Miami
8661,Wardrobe,Furniture,451.74,2023-05-10,3,45,Houston
8662,Nightstand,Furniture,81.86,2023-04-17,8,400,Miami
8663,Puzzle,Toys,208.86,2023-05-18,2,347,Miami
8664,"Coffee Table",Furniture,904.24,2023-02-22,8,433,"New York"
8665,"History Book",Books,374.94,2023-04-21,10,441,Chicago
8666,Bookshelf,Furniture,240.60,2023-01-12,6,393,"New York"
8667,Bookshelf,Furniture,502.00,2023-04-16,5,188,Chicago
8668,"Board Game",Toys,829.55,2023-05-09,1,139,"New York"
8669,Puzzle,Toys,991.20,2023-06-11,6,413,Houston
8670,"Non-fiction Book",Books,485.86,2023-04-20,6,56,Houston
8671,"History Book",Books,613.83,2023-01-01,2,413,Houston
8672,"Science Book",Books,111.12,2023-02-24,2,483,"Los Angeles"
8673,"Fiction Book",Books,797.21,2023-04-22,8,350,"Los Angeles"
8674,"Science Book",Books,920.28,2023-03-13,3,472,"New York"
8675,"Table Lamp",Furniture,607.16,2023-03-31,7,392,Miami
8676,Jeans,Clothing,806.45,2023-03-14,7,405,"Los Angeles"
8677,"Art Book",Books,268.91,2023-05-07,7,186,Houston
8678,"Science Book",Books,6.77,2023-05-01,4,323,"Los Angeles"
8679,Bed,Furniture,708.61,2023-01-17,4,171,Houston
8680,"Fiction Book",Books,896.29,2023-06-14,9,343,Houston
8681,"Science Book",Books,362.20,2023-02-09,1,184,Miami
8682,"Board Game",Toys,604.13,2023-03-26,6,114,Chicago
8683,Headphones,Electronics,677.39,2023-01-04,1,120,"New York"
8684,Wardrobe,Furniture,901.98,2023-01-19,8,345,"New York"
8685,Headphones,Electronics,243.78,2023-06-20,1,82,Miami
8686,Dress,Clothing,787.10,2023-03-13,7,459,Houston
8687,"Action Figure",Toys,694.06,2023-03-03,7,77,Miami
8688,"Board Game",Toys,868.06,2023-06-25,3,223,"Los Angeles"
8689,"Fiction Book",Books,525.11,2023-02-28,1,127,"New York"
8690,"Action Figure",Toys,642.67,2023-01-05,2,453,Miami
8691,"Action Figure",Toys,569.54,2023-04-06,10,86,Miami
8692,Jeans,Clothing,911.76,2023-05-27,4,91,Miami
8693,Camera,Electronics,962.96,2023-02-04,1,383,Houston
8694,Doll,Toys,589.02,2023-02-28,9,165,"New York"
8695,Bed,Furniture,172.35,2023-04-14,4,57,Chicago
8696,Doll,Toys,957.72,2023-05-09,7,143,"Los Angeles"
8697,Speaker,Electronics,524.97,2023-06-12,10,482,"New York"
8698,Camera,Electronics,792.59,2023-03-06,5,12,Miami
8699,Bed,Furniture,638.92,2023-06-02,4,23,"Los Angeles"
8700,Bed,Furniture,374.56,2023-04-17,9,230,Houston
8701,Dresser,Furniture,978.27,2023-01-06,3,2,"Los Angeles"
8702,"History Book",Books,604.29,2023-05-02,6,374,"New York"
8703,Monitor,Electronics,628.85,2023-06-20,9,175,"Los Angeles"
8704,Speaker,Electronics,250.80,2023-03-27,7,368,Houston
8705,"Art Book",Books,871.23,2023-03-23,7,429,"Los Angeles"
8706,Nightstand,Furniture,311.59,2023-04-17,1,156,Chicago
8707,"Science Book",Books,728.13,2023-01-21,4,264,Chicago
8708,"Board Game",Toys,218.10,2023-05-18,2,268,"New York"
8709,Nightstand,Furniture,873.58,2023-04-01,10,497,"Los Angeles"
8710,Wardrobe,Furniture,95.44,2023-01-09,10,323,"Los Angeles"
8711,"Remote Control Car",Toys,457.68,2023-03-08,5,120,Houston
8712,"Coffee Table",Furniture,182.18,2023-04-17,5,135,"New York"
8713,"Science Book",Books,398.01,2023-03-04,6,342,Houston
8714,"Remote Control Car",Toys,187.44,2023-01-14,9,438,Miami
8715,"Remote Control Car",Toys,601.69,2023-03-12,2,305,Chicago
8716,Keyboard,Electronics,91.48,2023-01-27,5,450,"New York"
8717,"Science Book",Books,878.03,2023-01-26,1,459,"Los Angeles"
8718,Smartwatch,Electronics,584.36,2023-01-19,8,249,"Los Angeles"
8719,T-shirt,Clothing,587.41,2023-05-30,4,235,"New York"
8720,Jacket,Clothing,218.63,2023-06-23,2,442,Miami
8721,Smartwatch,Electronics,144.83,2023-04-26,8,449,"New York"
8722,Wardrobe,Furniture,565.17,2023-01-28,1,436,"New York"
8723,Monitor,Electronics,283.10,2023-03-05,10,233,Houston
8724,"History Book",Books,14.45,2023-02-08,1,229,"Los Angeles"
8725,"Fiction Book",Books,455.04,2023-05-29,8,132,"New York"
8726,"Art Book",Books,319.71,2023-01-18,6,189,"Los Angeles"
8727,Bed,Furniture,489.75,2023-01-17,10,352,Chicago
8728,Shoes,Clothing,324.33,2023-05-09,6,414,"Los Angeles"
8729,Bookshelf,Furniture,888.26,2023-03-14,4,281,Houston
8730,Speaker,Electronics,638.33,2023-03-03,8,486,Chicago
8731,Bookshelf,Furniture,882.50,2023-02-16,7,201,"New York"
8732,Bookshelf,Furniture,615.28,2023-01-22,8,171,Chicago
8733,Jacket,Clothing,270.18,2023-02-05,2,155,Miami
8734,Monitor,Electronics,523.66,2023-04-15,4,468,Houston
8735,Jacket,Clothing,735.77,2023-05-02,2,415,Houston
8736,"Science Book",Books,77.33,2023-01-28,6,102,Chicago
8737,T-shirt,Clothing,483.01,2023-06-01,8,149,"New York"
8738,Headphones,Electronics,408.68,2023-06-11,3,289,"New York"
8739,"Action Figure",Toys,750.65,2023-03-31,3,350,Houston
8740,"History Book",Books,714.98,2023-05-11,5,109,Houston
8741,"Fiction Book",Books,773.97,2023-03-30,2,127,Miami
8742,Bookshelf,Furniture,483.15,2023-03-29,10,220,"Los Angeles"
8743,"Action Figure",Toys,676.75,2023-01-03,1,62,Chicago
8744,"Table Lamp",Furniture,107.30,2023-06-07,1,299,Miami
8745,Shoes,Clothing,648.52,2023-05-24,1,429,"New York"
8746,Laptop,Electronics,204.93,2023-05-10,10,377,Miami
8747,Puzzle,Toys,164.34,2023-04-21,6,6,"Los Angeles"
8748,"Science Book",Books,70.95,2023-01-12,2,179,Chicago
8749,"Coffee Table",Furniture,943.01,2023-04-10,10,30,Chicago
8750,Laptop,Electronics,643.37,2023-04-23,2,56,Miami
8751,Dress,Clothing,821.56,2023-05-21,5,418,Miami
8752,Puzzle,Toys,687.38,2023-03-30,4,226,"New York"
8753,Mouse,Electronics,25.90,2023-04-22,1,147,"Los Angeles"
8754,Puzzle,Toys,15.88,2023-05-07,5,106,Houston
8755,"Non-fiction Book",Books,902.09,2023-03-06,1,164,"Los Angeles"
8756,Puzzle,Toys,936.50,2023-03-01,9,131,Houston
8757,Puzzle,Toys,328.82,2023-05-02,4,478,Chicago
8758,Keyboard,Electronics,332.15,2023-02-01,9,422,Chicago
8759,Dress,Clothing,226.69,2023-04-12,2,481,Chicago
8760,"Coffee Table",Furniture,256.35,2023-06-22,1,113,"New York"
8761,"Fiction Book",Books,754.45,2023-02-25,3,231,Chicago
8762,"Board Game",Toys,591.29,2023-03-18,4,255,Chicago
8763,Puzzle,Toys,137.53,2023-04-03,2,149,Miami
8764,"Remote Control Car",Toys,13.72,2023-01-17,5,395,Houston
8765,Smartwatch,Electronics,901.50,2023-03-28,8,52,"Los Angeles"
8766,"Art Book",Books,537.62,2023-01-15,8,345,"New York"
8767,Dresser,Furniture,228.53,2023-01-19,9,396,Chicago
8768,Laptop,Electronics,249.95,2023-06-07,7,253,Houston
8769,"History Book",Books,51.98,2023-03-03,6,358,Miami
8770,Shoes,Clothing,556.43,2023-02-24,9,143,Miami
8771,"History Book",Books,718.16,2023-02-24,4,432,"Los Angeles"
8772,"History Book",Books,349.03,2023-05-05,5,3,Houston
8773,"Action Figure",Toys,524.57,2023-04-07,2,482,Chicago
8774,Shoes,Clothing,8.03,2023-03-16,1,489,Houston
8775,"Remote Control Car",Toys,87.57,2023-05-03,2,336,Miami
8776,"Non-fiction Book",Books,601.59,2023-01-27,10,78,"New York"
8777,"Fiction Book",Books,997.25,2023-03-16,1,70,Chicago
8778,"Action Figure",Toys,122.72,2023-01-17,2,117,Miami
8779,Jeans,Clothing,974.52,2023-05-31,3,419,"Los Angeles"
8780,"Table Lamp",Furniture,955.74,2023-06-28,1,234,"New York"
8781,Puzzle,Toys,233.68,2023-02-20,8,336,"Los Angeles"
8782,Bed,Furniture,344.44,2023-03-31,5,416,Houston
8783,Chair,Furniture,999.27,2023-03-28,4,263,Chicago
8784,"Art Book",Books,900.68,2023-04-13,2,486,Chicago
8785,Bookshelf,Furniture,775.01,2023-05-23,7,410,"New York"
8786,Jacket,Clothing,978.64,2023-06-14,7,218,"Los Angeles"
8787,Monitor,Electronics,718.56,2023-04-01,4,131,"Los Angeles"
8788,Dress,Clothing,83.41,2023-06-24,6,24,Chicago
8789,Keyboard,Electronics,886.00,2023-06-27,3,193,"New York"
8790,Shoes,Clothing,916.62,2023-01-08,5,59,"Los Angeles"
8791,Puzzle,Toys,753.89,2023-05-11,4,312,"New York"
8792,Bed,Furniture,178.26,2023-04-25,7,171,Houston
8793,"Non-fiction Book",Books,760.58,2023-04-25,10,306,"Los Angeles"
8794,Doll,Toys,828.45,2023-02-23,1,77,Houston
8795,Headphones,Electronics,392.60,2023-04-13,7,338,"Los Angeles"
8796,"Science Book",Books,16.37,2023-05-30,2,25,Miami
8797,Dress,Clothing,352.64,2023-01-22,6,152,Miami
8798,"History Book",Books,171.06,2023-06-17,2,465,"Los Angeles"
8799,Dresser,Furniture,558.68,2023-05-23,3,28,Chicago
8800,Doll,Toys,685.89,2023-04-17,9,353,Miami
8801,Speaker,Electronics,447.36,2023-03-13,7,22,"Los Angeles"
8802,Bookshelf,Furniture,237.05,2023-01-01,4,273,Houston
8803,Sofa,Furniture,358.27,2023-06-26,9,118,Houston
8804,"Fiction Book",Books,4.20,2023-03-26,4,136,"Los Angeles"
8805,"Board Game",Toys,63.43,2023-04-22,10,355,Miami
8806,"Action Figure",Toys,712.30,2023-02-26,5,112,Miami
8807,"Table Lamp",Furniture,557.40,2023-01-25,1,322,"New York"
8808,Doll,Toys,993.31,2023-05-23,10,255,Houston
8809,Shoes,Clothing,163.12,2023-06-11,1,167,Houston
8810,Sofa,Furniture,510.83,2023-05-28,6,195,"Los Angeles"
8811,Doll,Toys,489.51,2023-04-10,4,435,Chicago
8812,Jeans,Clothing,838.72,2023-03-09,4,341,"Los Angeles"
8813,Shoes,Clothing,740.88,2023-01-06,10,268,Miami
8814,"Remote Control Car",Toys,506.94,2023-06-28,5,77,Chicago
8815,Mouse,Electronics,792.77,2023-02-18,10,47,Chicago
8816,Nightstand,Furniture,943.59,2023-05-25,2,277,"New York"
8817,"Coffee Table",Furniture,969.65,2023-04-18,1,306,Miami
8818,Dresser,Furniture,691.65,2023-03-22,2,225,Houston
8819,Jeans,Clothing,814.14,2023-02-14,8,125,Miami
8820,T-shirt,Clothing,522.34,2023-04-14,3,381,Miami
8821,"Coffee Table",Furniture,840.44,2023-06-22,3,249,Houston
8822,"Action Figure",Toys,853.74,2023-01-19,10,248,Chicago
8823,Dress,Clothing,427.66,2023-03-21,10,133,Chicago
8824,Smartwatch,Electronics,24.58,2023-02-01,8,237,Miami
8825,Jeans,Clothing,916.27,2023-06-04,6,51,Miami
8826,Bookshelf,Furniture,962.06,2023-06-05,5,318,Miami
8827,"Coffee Table",Furniture,88.99,2023-01-25,5,340,"New York"
8828,"Art Book",Books,881.23,2023-03-22,6,295,"New York"
8829,Keyboard,Electronics,423.41,2023-06-13,3,328,Chicago
8830,Nightstand,Furniture,84.41,2023-03-31,3,363,Miami
8831,"Coffee Table",Furniture,683.02,2023-02-26,6,311,Chicago
8832,Doll,Toys,288.00,2023-05-03,6,306,Chicago
8833,T-shirt,Clothing,186.38,2023-04-01,10,126,"Los Angeles"
8834,Desk,Furniture,329.54,2023-04-21,1,301,Houston
8835,"Action Figure",Toys,334.29,2023-01-16,5,423,Miami
8836,Dresser,Furniture,182.53,2023-01-10,8,229,"New York"
8837,Dresser,Furniture,779.95,2023-06-05,10,138,Chicago
8838,Shoes,Clothing,433.41,2023-02-17,1,140,"Los Angeles"
8839,Puzzle,Toys,619.06,2023-01-01,2,417,Houston
8840,"Art Book",Books,569.31,2023-06-07,7,377,Houston
8841,Shoes,Clothing,31.34,2023-04-18,9,347,Houston
8842,"Science Book",Books,580.25,2023-01-27,1,293,Miami
8843,"Fiction Book",Books,94.52,2023-02-16,10,109,"New York"
8844,"Remote Control Car",Toys,927.67,2023-06-25,1,284,Chicago
8845,Doll,Toys,375.28,2023-01-19,4,300,Miami
8846,Jacket,Clothing,200.98,2023-06-06,8,76,Chicago
8847,Smartwatch,Electronics,94.88,2023-04-14,6,110,"Los Angeles"
8848,Smartphone,Electronics,105.93,2023-03-24,10,245,Chicago
8849,Tablet,Electronics,877.95,2023-04-10,2,489,Chicago
8850,"Science Book",Books,760.94,2023-02-15,10,75,Miami
8851,Dress,Clothing,393.65,2023-05-09,4,409,Miami
8852,Headphones,Electronics,488.27,2023-02-01,5,249,"Los Angeles"
8853,"Board Game",Toys,244.54,2023-03-30,8,81,Houston
8854,"Non-fiction Book",Books,451.89,2023-03-24,10,182,Miami
8855,"Art Book",Books,978.85,2023-03-06,9,89,"Los Angeles"
8856,Headphones,Electronics,139.89,2023-04-11,4,76,Houston
8857,Doll,Toys,872.90,2023-04-01,9,489,"New York"
8858,Mouse,Electronics,674.25,2023-05-11,6,395,"New York"
8859,Shoes,Clothing,300.53,2023-04-24,3,190,"New York"
8860,T-shirt,Clothing,282.57,2023-06-16,8,61,"Los Angeles"
8861,"Action Figure",Toys,403.42,2023-05-29,10,28,Chicago
8862,"Science Book",Books,365.41,2023-03-29,4,93,Miami
8863,Speaker,Electronics,146.02,2023-06-25,5,145,"New York"
8864,"Fiction Book",Books,846.14,2023-04-27,8,292,Miami
8865,Wardrobe,Furniture,547.14,2023-01-28,2,75,"Los Angeles"
8866,T-shirt,Clothing,70.64,2023-01-21,4,232,"Los Angeles"
8867,"Fiction Book",Books,239.83,2023-06-10,8,500,Houston
8868,Doll,Toys,0.90,2023-06-12,5,397,Chicago
8869,Doll,Toys,105.61,2023-03-02,4,411,"New York"
8870,Shoes,Clothing,726.92,2023-06-20,6,440,Houston
8871,Smartwatch,Electronics,563.57,2023-06-21,1,238,"New York"
8872,Jacket,Clothing,571.97,2023-03-28,7,474,Houston
8873,"Non-fiction Book",Books,185.92,2023-02-08,6,470,"New York"
8874,"Action Figure",Toys,547.50,2023-04-18,4,485,Houston
8875,Headphones,Electronics,757.54,2023-03-29,2,182,"Los Angeles"
8876,Dress,Clothing,273.04,2023-05-06,7,130,"Los Angeles"
8877,"Non-fiction Book",Books,621.62,2023-02-06,2,74,"Los Angeles"
8878,"Action Figure",Toys,287.15,2023-02-23,7,143,Chicago
8879,"Fiction Book",Books,76.60,2023-02-14,10,118,"New York"
8880,Dresser,Furniture,629.56,2023-01-22,8,112,Miami
8881,Camera,Electronics,631.60,2023-05-12,8,287,Houston
8882,Wardrobe,Furniture,116.36,2023-01-22,3,418,Chicago
8883,Puzzle,Toys,791.64,2023-01-06,8,429,Miami
8884,Doll,Toys,183.67,2023-02-09,6,15,Chicago
8885,Jeans,Clothing,866.64,2023-03-06,2,454,Miami
8886,Tablet,Electronics,21.33,2023-03-27,4,75,Houston
8887,Jeans,Clothing,0.86,2023-01-05,2,261,"Los Angeles"
8888,"Science Book",Books,955.38,2023-01-02,2,406,Chicago
8889,Chair,Furniture,629.09,2023-05-08,7,104,"New York"
8890,Dress,Clothing,975.93,2023-03-07,9,171,"New York"
8891,Nightstand,Furniture,39.37,2023-03-11,9,429,Miami
8892,"Board Game",Toys,679.84,2023-01-25,7,374,Miami
8893,Doll,Toys,883.28,2023-02-28,10,442,Chicago
8894,Puzzle,Toys,210.42,2023-05-24,4,174,Houston
8895,Shoes,Clothing,752.87,2023-05-19,6,295,"Los Angeles"
8896,"Coffee Table",Furniture,13.21,2023-05-16,8,206,Miami
8897,"Board Game",Toys,289.45,2023-01-14,6,159,"New York"
8898,Bed,Furniture,405.84,2023-04-17,8,485,Chicago
8899,Mouse,Electronics,358.68,2023-02-19,4,352,Chicago
8900,"Board Game",Toys,171.06,2023-02-04,5,304,Houston
8901,"Remote Control Car",Toys,307.94,2023-04-29,4,458,Chicago
8902,Shoes,Clothing,166.80,2023-01-25,2,265,"New York"
8903,"Remote Control Car",Toys,963.71,2023-01-27,9,421,Houston
8904,"Non-fiction Book",Books,447.73,2023-03-19,9,389,Chicago
8905,"Action Figure",Toys,513.26,2023-03-31,10,97,"New York"
8906,Dresser,Furniture,392.50,2023-01-25,5,47,Miami
8907,Shoes,Clothing,656.53,2023-05-05,6,215,Houston
8908,"Board Game",Toys,108.20,2023-06-06,1,247,Chicago
8909,Dress,Clothing,667.91,2023-06-26,10,295,"Los Angeles"
8910,Chair,Furniture,673.61,2023-06-12,5,375,"Los Angeles"
8911,Headphones,Electronics,284.73,2023-02-16,5,236,"New York"
8912,"Fiction Book",Books,260.59,2023-02-16,6,372,"Los Angeles"
8913,"Board Game",Toys,715.86,2023-02-22,4,325,"Los Angeles"
8914,"Science Book",Books,663.70,2023-04-26,3,76,"New York"
8915,Tablet,Electronics,838.65,2023-03-28,9,2,"Los Angeles"
8916,"Science Book",Books,707.63,2023-05-27,10,132,Chicago
8917,"Art Book",Books,826.76,2023-02-03,5,360,"Los Angeles"
8918,"Action Figure",Toys,54.87,2023-05-04,3,139,Chicago
8919,Smartwatch,Electronics,150.09,2023-05-07,1,126,"New York"
8920,T-shirt,Clothing,95.96,2023-02-11,9,312,Chicago
8921,"Non-fiction Book",Books,906.41,2023-05-27,4,149,Chicago
8922,Bookshelf,Furniture,664.32,2023-02-27,7,62,Houston
8923,Shoes,Clothing,970.11,2023-02-24,7,67,Miami
8924,"Science Book",Books,958.14,2023-03-10,1,492,Miami
8925,Wardrobe,Furniture,358.96,2023-02-21,4,449,Chicago
8926,T-shirt,Clothing,823.89,2023-06-26,5,129,Miami
8927,Tablet,Electronics,325.60,2023-05-20,9,56,Miami
8928,Smartphone,Electronics,733.57,2023-04-13,7,263,Houston
8929,"Action Figure",Toys,75.24,2023-01-07,10,322,"Los Angeles"
8930,Doll,Toys,29.37,2023-01-25,6,286,"New York"
8931,"Art Book",Books,278.11,2023-06-19,9,286,"Los Angeles"
8932,Chair,Furniture,506.50,2023-02-05,5,398,Chicago
8933,Nightstand,Furniture,858.11,2023-03-15,5,27,Miami
8934,Desk,Furniture,52.88,2023-02-08,10,465,Miami
8935,"Art Book",Books,330.87,2023-06-22,9,64,"Los Angeles"
8936,"Fiction Book",Books,648.89,2023-04-28,4,329,"Los Angeles"
8937,Shoes,Clothing,214.10,2023-01-16,8,367,"Los Angeles"
8938,Camera,Electronics,891.23,2023-06-09,8,59,"Los Angeles"
8939,Sofa,Furniture,667.93,2023-03-30,5,401,Houston
8940,"Fiction Book",Books,794.07,2023-06-07,10,145,Chicago
8941,"History Book",Books,281.17,2023-04-03,8,24,"New York"
8942,Chair,Furniture,719.63,2023-02-20,3,181,"New York"
8943,"Table Lamp",Furniture,516.76,2023-01-06,7,477,Miami
8944,Doll,Toys,290.39,2023-03-09,10,434,"Los Angeles"
8945,Keyboard,Electronics,986.35,2023-04-13,9,385,"New York"
8946,Shoes,Clothing,326.24,2023-05-17,9,399,Chicago
8947,Nightstand,Furniture,803.12,2023-01-31,5,321,Miami
8948,"Science Book",Books,751.95,2023-01-23,4,213,"New York"
8949,Puzzle,Toys,505.91,2023-03-30,10,91,"New York"
8950,Camera,Electronics,311.26,2023-06-08,5,343,"New York"
8951,Monitor,Electronics,486.81,2023-03-11,5,95,Chicago
8952,Speaker,Electronics,522.24,2023-05-04,9,143,Miami
8953,"Coffee Table",Furniture,127.03,2023-02-26,2,498,Chicago
8954,Laptop,Electronics,543.00,2023-02-14,7,150,Houston
8955,T-shirt,Clothing,670.20,2023-05-17,8,306,Houston
8956,"History Book",Books,365.46,2023-04-19,10,362,Miami
8957,Desk,Furniture,148.54,2023-04-23,7,232,"Los Angeles"
8958,Desk,Furniture,637.45,2023-01-08,4,205,"New York"
8959,"Table Lamp",Furniture,672.58,2023-04-30,3,239,Chicago
8960,Speaker,Electronics,648.81,2023-02-18,5,114,Miami
8961,Puzzle,Toys,792.85,2023-06-10,1,378,Chicago
8962,Nightstand,Furniture,830.85,2023-02-28,2,325,Miami
8963,Dress,Clothing,474.64,2023-05-06,1,139,"New York"
8964,Doll,Toys,56.20,2023-01-17,3,63,Houston
8965,Dress,Clothing,394.63,2023-05-14,6,187,"Los Angeles"
8966,T-shirt,Clothing,456.65,2023-06-06,10,140,Chicago
8967,T-shirt,Clothing,664.73,2023-02-15,3,322,"Los Angeles"
8968,"Board Game",Toys,779.85,2023-03-08,5,188,"Los Angeles"
8969,"Remote Control Car",Toys,948.26,2023-01-22,8,224,Miami
8970,T-shirt,Clothing,581.40,2023-03-20,5,455,"Los Angeles"
8971,Desk,Furniture,218.14,2023-06-21,2,351,"New York"
8972,"Fiction Book",Books,676.48,2023-06-03,3,296,"Los Angeles"
8973,Shoes,Clothing,317.44,2023-04-17,10,101,"New York"
8974,Dress,Clothing,109.20,2023-06-19,4,28,"New York"
8975,Dress,Clothing,405.04,2023-05-15,6,211,Chicago
8976,"Coffee Table",Furniture,872.01,2023-02-05,4,111,"New York"
8977,T-shirt,Clothing,321.27,2023-02-10,2,82,"Los Angeles"
8978,Tablet,Electronics,321.23,2023-05-14,8,226,"New York"
8979,"Board Game",Toys,498.91,2023-01-24,2,203,Chicago
8980,Shoes,Clothing,337.25,2023-05-13,7,85,Miami
8981,Dress,Clothing,384.88,2023-04-29,2,376,"Los Angeles"
8982,"Coffee Table",Furniture,606.70,2023-06-05,6,477,"Los Angeles"
8983,Wardrobe,Furniture,196.64,2023-04-04,1,231,"Los Angeles"
8984,Mouse,Electronics,296.41,2023-06-24,10,425,"Los Angeles"
8985,Shoes,Clothing,399.67,2023-02-05,8,166,"Los Angeles"
8986,Jacket,Clothing,763.93,2023-05-31,10,495,"Los Angeles"
8987,"Table Lamp",Furniture,986.93,2023-02-20,5,165,"Los Angeles"
8988,"History Book",Books,350.59,2023-04-16,9,320,Chicago
8989,"Board Game",Toys,380.36,2023-01-27,6,255,Houston
8990,Bed,Furniture,83.08,2023-01-25,5,357,"Los Angeles"
8991,"Coffee Table",Furniture,755.42,2023-04-08,5,271,Chicago
8992,Shoes,Clothing,77.69,2023-05-23,8,99,Miami
8993,"History Book",Books,218.85,2023-02-10,5,359,"New York"
8994,Dress,Clothing,811.71,2023-04-01,1,453,"Los Angeles"
8995,"Science Book",Books,104.99,2023-02-24,2,38,Houston
8996,"Fiction Book",Books,435.11,2023-06-07,1,342,"Los Angeles"
8997,Camera,Electronics,958.14,2023-02-09,3,198,"Los Angeles"
8998,Shoes,Clothing,323.14,2023-02-04,10,172,Houston
8999,"History Book",Books,989.07,2023-06-16,7,248,Chicago
9000,Camera,Electronics,899.13,2023-01-06,5,72,"Los Angeles"
9001,T-shirt,Clothing,587.92,2023-03-04,10,394,"New York"
9002,"Action Figure",Toys,837.73,2023-06-26,4,474,Houston
9003,Sofa,Furniture,429.35,2023-04-03,3,434,Chicago
9004,Puzzle,Toys,311.37,2023-02-13,3,342,Chicago
9005,"Non-fiction Book",Books,993.83,2023-01-25,8,65,Chicago
9006,Keyboard,Electronics,594.45,2023-04-29,6,306,Chicago
9007,"Art Book",Books,49.89,2023-05-30,1,267,Houston
9008,"Non-fiction Book",Books,264.21,2023-04-22,4,345,Chicago
9009,Shoes,Clothing,126.28,2023-06-07,10,153,Chicago
9010,"Remote Control Car",Toys,125.16,2023-04-29,10,297,"Los Angeles"
9011,Desk,Furniture,211.68,2023-06-14,10,435,Chicago
9012,Wardrobe,Furniture,320.85,2023-01-06,2,417,Houston
9013,Shoes,Clothing,961.12,2023-01-07,4,218,"Los Angeles"
9014,"Remote Control Car",Toys,609.97,2023-03-18,3,82,Miami
9015,Dresser,Furniture,228.77,2023-02-17,7,215,"Los Angeles"
9016,"Fiction Book",Books,670.70,2023-05-20,9,483,"Los Angeles"
9017,Desk,Furniture,189.10,2023-05-21,4,175,Houston
9018,"Art Book",Books,438.53,2023-04-24,9,165,"New York"
9019,Dress,Clothing,494.62,2023-02-03,5,340,"New York"
9020,Desk,Furniture,447.26,2023-01-25,4,135,"Los Angeles"
9021,"Board Game",Toys,751.12,2023-02-19,2,420,Houston
9022,Shoes,Clothing,119.92,2023-06-13,2,62,"New York"
9023,Dresser,Furniture,762.13,2023-05-22,7,431,"Los Angeles"
9024,Bookshelf,Furniture,759.44,2023-05-28,9,318,Houston
9025,"Non-fiction Book",Books,738.09,2023-04-14,7,260,Houston
9026,"Science Book",Books,677.40,2023-05-09,6,300,"Los Angeles"
9027,"Board Game",Toys,87.31,2023-05-12,4,364,Chicago
9028,Wardrobe,Furniture,434.43,2023-04-26,9,277,"New York"
9029,"Science Book",Books,146.75,2023-02-25,1,288,Chicago
9030,Smartphone,Electronics,796.48,2023-05-29,8,78,Houston
9031,Shoes,Clothing,74.32,2023-04-07,5,324,Miami
9032,Jacket,Clothing,429.39,2023-05-27,8,218,Miami
9033,"Action Figure",Toys,867.64,2023-06-18,1,264,Chicago
9034,"History Book",Books,809.70,2023-06-06,10,479,"New York"
9035,"Coffee Table",Furniture,439.62,2023-01-12,1,430,"Los Angeles"
9036,"Art Book",Books,115.50,2023-06-29,7,94,"New York"
9037,Shoes,Clothing,297.52,2023-01-13,5,30,Miami
9038,Jacket,Clothing,274.62,2023-01-15,6,305,"Los Angeles"
9039,Doll,Toys,868.21,2023-03-26,8,175,Chicago
9040,Bed,Furniture,997.41,2023-05-09,6,362,Miami
9041,Nightstand,Furniture,595.86,2023-02-13,5,211,Miami
9042,"Board Game",Toys,563.80,2023-01-05,5,60,"Los Angeles"
9043,Tablet,Electronics,369.21,2023-06-26,9,44,"New York"
9044,"Art Book",Books,243.56,2023-03-22,6,111,Chicago
9045,Smartphone,Electronics,853.05,2023-01-16,9,34,Houston
9046,Jeans,Clothing,966.23,2023-06-20,9,151,"New York"
9047,Nightstand,Furniture,152.56,2023-06-13,1,321,Miami
9048,Smartphone,Electronics,435.53,2023-06-11,2,108,Chicago
9049,Keyboard,Electronics,396.03,2023-04-02,4,147,"Los Angeles"
9050,"Remote Control Car",Toys,81.34,2023-06-27,7,214,"New York"
9051,Nightstand,Furniture,786.48,2023-02-10,8,50,"Los Angeles"
9052,Puzzle,Toys,826.13,2023-01-10,8,367,"Los Angeles"
9053,Jeans,Clothing,382.14,2023-05-30,1,270,Houston
9054,"History Book",Books,667.71,2023-06-23,9,81,"Los Angeles"
9055,Wardrobe,Furniture,43.44,2023-05-03,3,170,Miami
9056,Nightstand,Furniture,809.40,2023-02-07,7,198,"New York"
9057,"History Book",Books,799.52,2023-05-15,4,226,"Los Angeles"
9058,"Board Game",Toys,780.61,2023-04-07,4,25,"Los Angeles"
9059,Camera,Electronics,52.17,2023-04-17,9,131,Miami
9060,"Science Book",Books,238.28,2023-06-21,1,178,Houston
9061,Speaker,Electronics,226.82,2023-02-19,7,313,"New York"
9062,Shoes,Clothing,227.79,2023-03-24,7,332,Chicago
9063,Shoes,Clothing,842.96,2023-05-02,9,102,Chicago
9064,"Science Book",Books,719.53,2023-03-11,8,379,Chicago
9065,"Action Figure",Toys,122.82,2023-01-25,4,72,Houston
9066,T-shirt,Clothing,38.97,2023-06-09,4,478,Miami
9067,Monitor,Electronics,470.41,2023-02-02,5,441,Miami
9068,Headphones,Electronics,356.95,2023-04-10,8,422,"New York"
9069,Headphones,Electronics,847.93,2023-06-10,10,430,Chicago
9070,"Coffee Table",Furniture,935.25,2023-03-10,1,155,"Los Angeles"
9071,Jeans,Clothing,661.50,2023-01-21,6,266,Miami
9072,Mouse,Electronics,746.33,2023-06-19,5,239,"New York"
9073,Shoes,Clothing,934.90,2023-06-03,5,345,"New York"
9074,Shoes,Clothing,318.08,2023-05-23,1,326,"Los Angeles"
9075,Bed,Furniture,585.15,2023-04-10,1,206,"New York"
9076,"Action Figure",Toys,835.73,2023-01-02,6,296,"Los Angeles"
9077,Smartwatch,Electronics,833.55,2023-01-31,4,113,"New York"
9078,"Science Book",Books,403.96,2023-03-15,9,481,"Los Angeles"
9079,Shoes,Clothing,162.60,2023-06-10,10,84,Miami
9080,Speaker,Electronics,452.70,2023-02-26,3,34,Houston
9081,T-shirt,Clothing,402.39,2023-04-04,4,170,Chicago
9082,"Non-fiction Book",Books,81.14,2023-04-05,4,145,"Los Angeles"
9083,"Art Book",Books,544.97,2023-05-18,2,299,Chicago
9084,T-shirt,Clothing,75.10,2023-01-07,10,318,"Los Angeles"
9085,"Art Book",Books,853.07,2023-05-20,4,103,"New York"
9086,Doll,Toys,734.67,2023-05-19,7,436,Chicago
9087,"Art Book",Books,542.77,2023-01-03,5,90,Chicago
9088,Dresser,Furniture,500.32,2023-04-04,1,437,"New York"
9089,Doll,Toys,74.97,2023-02-11,10,474,Miami
9090,Puzzle,Toys,816.38,2023-06-20,3,324,"Los Angeles"
9091,"History Book",Books,210.07,2023-06-29,4,372,Houston
9092,Camera,Electronics,664.86,2023-05-26,1,392,Houston
9093,"History Book",Books,527.50,2023-04-23,6,416,Chicago
9094,Laptop,Electronics,465.70,2023-05-19,5,485,Chicago
9095,Shoes,Clothing,415.25,2023-01-30,6,160,Miami
9096,"Non-fiction Book",Books,36.58,2023-01-06,1,79,Houston
9097,"Science Book",Books,616.27,2023-03-27,6,132,Houston
9098,"Science Book",Books,157.18,2023-03-15,6,329,Chicago
9099,"Non-fiction Book",Books,949.04,2023-06-24,10,35,"Los Angeles"
9100,Shoes,Clothing,672.40,2023-05-04,5,33,"New York"
9101,Laptop,Electronics,422.88,2023-05-18,6,238,Houston
9102,Mouse,Electronics,188.10,2023-03-13,5,435,"New York"
9103,"Board Game",Toys,365.62,2023-03-29,4,101,"New York"
9104,Jeans,Clothing,735.87,2023-01-06,10,292,"New York"
9105,Puzzle,Toys,373.05,2023-04-12,7,381,Houston
9106,"Coffee Table",Furniture,649.35,2023-06-20,8,50,"New York"
9107,Bookshelf,Furniture,556.11,2023-05-31,6,35,Houston
9108,"Science Book",Books,400.58,2023-03-03,5,224,Houston
9109,T-shirt,Clothing,723.36,2023-04-10,6,162,Miami
9110,Monitor,Electronics,362.44,2023-05-04,4,309,"New York"
9111,Jacket,Clothing,346.95,2023-06-10,5,227,Miami
9112,Shoes,Clothing,716.84,2023-06-17,6,369,"New York"
9113,"History Book",Books,461.11,2023-02-20,1,149,"Los Angeles"
9114,Tablet,Electronics,961.65,2023-01-14,6,136,Miami
9115,Jacket,Clothing,382.62,2023-04-27,1,252,"Los Angeles"
9116,"Art Book",Books,312.72,2023-06-05,4,169,Chicago
9117,"Science Book",Books,988.91,2023-02-08,1,412,Miami
9118,"Fiction Book",Books,290.73,2023-02-02,1,323,"New York"
9119,Jacket,Clothing,573.07,2023-06-01,6,491,"Los Angeles"
9120,Speaker,Electronics,770.92,2023-06-18,4,10,Miami
9121,Puzzle,Toys,667.27,2023-02-14,3,204,"Los Angeles"
9122,Dress,Clothing,889.95,2023-01-03,4,452,"Los Angeles"
9123,Tablet,Electronics,856.21,2023-05-02,9,496,Chicago
9124,"Fiction Book",Books,490.32,2023-06-28,5,240,Miami
9125,Smartphone,Electronics,761.21,2023-04-29,1,36,"Los Angeles"
9126,T-shirt,Clothing,562.85,2023-02-23,9,69,"Los Angeles"
9127,Puzzle,Toys,870.87,2023-02-08,5,301,Houston
9128,Dress,Clothing,89.83,2023-06-11,3,182,"New York"
9129,"Board Game",Toys,294.71,2023-05-29,3,345,Houston
9130,"Fiction Book",Books,531.28,2023-03-01,1,168,Chicago
9131,Bed,Furniture,164.37,2023-03-21,8,141,"Los Angeles"
9132,Desk,Furniture,318.83,2023-03-05,9,500,Chicago
9133,Doll,Toys,281.34,2023-03-12,2,189,Chicago
9134,"Science Book",Books,798.38,2023-03-06,4,452,"Los Angeles"
9135,Puzzle,Toys,498.29,2023-04-05,2,16,Houston
9136,"Action Figure",Toys,710.69,2023-02-27,5,156,"Los Angeles"
9137,Headphones,Electronics,577.64,2023-04-20,4,383,Miami
9138,Smartwatch,Electronics,81.32,2023-03-25,1,15,Miami
9139,Desk,Furniture,240.51,2023-01-08,5,171,"Los Angeles"
9140,Headphones,Electronics,389.72,2023-05-20,8,127,"New York"
9141,Puzzle,Toys,206.95,2023-06-01,6,227,Chicago
9142,Smartwatch,Electronics,393.60,2023-06-09,3,303,"Los Angeles"
9143,Shoes,Clothing,615.96,2023-04-11,10,1,"New York"
9144,Doll,Toys,904.35,2023-03-11,3,487,"New York"
9145,Keyboard,Electronics,261.96,2023-06-21,10,491,"New York"
9146,Keyboard,Electronics,55.19,2023-06-05,2,87,Chicago
9147,Jeans,Clothing,186.62,2023-06-11,10,480,"New York"
9148,Smartwatch,Electronics,15.82,2023-01-04,1,89,Houston
9149,Smartwatch,Electronics,908.43,2023-03-25,7,311,"Los Angeles"
9150,"Non-fiction Book",Books,190.09,2023-02-27,1,93,Miami
9151,"History Book",Books,592.34,2023-06-02,5,349,"New York"
9152,"History Book",Books,51.94,2023-06-04,2,77,"Los Angeles"
9153,Camera,Electronics,739.96,2023-01-29,6,216,Chicago
9154,"Science Book",Books,73.81,2023-01-01,8,485,Chicago
9155,Bed,Furniture,200.99,2023-04-24,6,415,Chicago
9156,Speaker,Electronics,496.65,2023-04-18,6,365,"New York"
9157,Shoes,Clothing,363.51,2023-06-21,7,262,Chicago
9158,Desk,Furniture,349.84,2023-03-26,4,47,Chicago
9159,T-shirt,Clothing,392.56,2023-06-22,7,95,"New York"
9160,"Board Game",Toys,684.61,2023-06-06,3,442,Chicago
9161,"Action Figure",Toys,801.40,2023-04-27,9,86,"Los Angeles"
9162,T-shirt,Clothing,63.29,2023-01-12,2,220,Miami
9163,"Non-fiction Book",Books,487.34,2023-03-09,5,493,Houston
9164,Dresser,Furniture,343.99,2023-05-11,6,396,"New York"
9165,T-shirt,Clothing,703.94,2023-03-07,8,248,"Los Angeles"
9166,Smartwatch,Electronics,837.27,2023-02-17,9,151,"New York"
9167,Bed,Furniture,266.87,2023-01-02,3,92,"New York"
9168,Bookshelf,Furniture,734.61,2023-04-07,5,360,"Los Angeles"
9169,Puzzle,Toys,4.83,2023-06-04,3,424,"Los Angeles"
9170,Dresser,Furniture,344.81,2023-04-29,3,135,Houston
9171,Sofa,Furniture,462.38,2023-04-30,10,364,Miami
9172,Puzzle,Toys,122.60,2023-03-23,10,85,"New York"
9173,Laptop,Electronics,397.52,2023-04-13,7,268,Houston
9174,Smartphone,Electronics,118.43,2023-03-19,9,373,"Los Angeles"
9175,Bed,Furniture,389.71,2023-04-24,10,26,"Los Angeles"
9176,"Table Lamp",Furniture,25.24,2023-03-12,9,115,Chicago
9177,Puzzle,Toys,850.90,2023-02-12,7,216,"Los Angeles"
9178,Mouse,Electronics,578.93,2023-02-07,4,453,Houston
9179,"Coffee Table",Furniture,886.66,2023-01-24,10,279,Miami
9180,Jacket,Clothing,991.36,2023-01-01,1,102,Miami
9181,"Board Game",Toys,862.87,2023-06-13,10,42,Chicago
9182,Bookshelf,Furniture,529.04,2023-04-25,7,57,Houston
9183,"Coffee Table",Furniture,409.90,2023-06-12,3,330,Chicago
9184,Jacket,Clothing,306.87,2023-03-08,10,259,Miami
9185,T-shirt,Clothing,616.04,2023-01-06,4,244,Chicago
9186,Doll,Toys,910.91,2023-03-27,7,389,Miami
9187,Dress,Clothing,211.62,2023-03-24,7,467,Houston
9188,"Art Book",Books,136.90,2023-05-08,2,273,"Los Angeles"
9189,"Remote Control Car",Toys,305.64,2023-01-04,2,432,Houston
9190,Headphones,Electronics,982.09,2023-05-19,9,70,"New York"
9191,"Science Book",Books,470.99,2023-05-20,5,473,"Los Angeles"
9192,Speaker,Electronics,536.39,2023-06-22,2,493,Chicago
9193,Tablet,Electronics,81.60,2023-04-14,7,214,"Los Angeles"
9194,"Remote Control Car",Toys,915.00,2023-05-14,10,320,"Los Angeles"
9195,Dress,Clothing,733.92,2023-03-18,10,175,Miami
9196,"Action Figure",Toys,455.44,2023-05-11,3,66,Miami
9197,"Action Figure",Toys,801.07,2023-04-22,8,334,"Los Angeles"
9198,Smartwatch,Electronics,208.21,2023-01-01,4,460,Chicago
9199,Shoes,Clothing,297.54,2023-05-06,6,437,Chicago
9200,"Coffee Table",Furniture,922.56,2023-02-26,8,15,Houston
9201,"Non-fiction Book",Books,691.46,2023-02-27,6,345,Miami
9202,Bed,Furniture,809.76,2023-04-15,5,336,Miami
9203,Jacket,Clothing,308.68,2023-02-19,5,191,Chicago
9204,"Fiction Book",Books,561.22,2023-02-14,6,28,Chicago
9205,Doll,Toys,111.23,2023-04-20,8,379,Houston
9206,"Board Game",Toys,815.62,2023-04-21,7,139,Chicago
9207,"Fiction Book",Books,357.14,2023-03-24,3,377,"New York"
9208,Smartwatch,Electronics,814.08,2023-01-08,8,345,"New York"
9209,"Fiction Book",Books,267.35,2023-01-19,8,107,Miami
9210,Camera,Electronics,624.95,2023-05-08,7,114,"New York"
9211,Doll,Toys,438.93,2023-03-27,1,440,"Los Angeles"
9212,Dress,Clothing,187.71,2023-03-24,8,135,"New York"
9213,"Board Game",Toys,377.79,2023-03-28,3,460,Houston
9214,Monitor,Electronics,169.54,2023-06-14,1,292,Houston
9215,"Action Figure",Toys,81.10,2023-01-02,9,494,Chicago
9216,"History Book",Books,687.17,2023-02-11,2,411,Houston
9217,T-shirt,Clothing,920.52,2023-03-08,1,154,"Los Angeles"
9218,Jacket,Clothing,79.92,2023-02-09,9,310,Chicago
9219,"Non-fiction Book",Books,151.69,2023-06-07,10,470,Miami
9220,"Remote Control Car",Toys,57.84,2023-02-24,4,381,Miami
9221,"Non-fiction Book",Books,653.35,2023-01-19,6,201,"Los Angeles"
9222,"Science Book",Books,176.30,2023-03-26,9,342,Miami
9223,"Art Book",Books,923.73,2023-01-24,9,24,Chicago
9224,"History Book",Books,774.31,2023-04-11,5,322,Miami
9225,"Table Lamp",Furniture,269.33,2023-04-19,2,83,"Los Angeles"
9226,"Art Book",Books,652.91,2023-03-01,8,265,Chicago
9227,Headphones,Electronics,598.36,2023-05-07,8,249,"Los Angeles"
9228,Mouse,Electronics,385.35,2023-02-27,5,133,Miami
9229,Headphones,Electronics,478.56,2023-01-07,8,290,Houston
9230,"Science Book",Books,184.88,2023-04-08,2,95,Chicago
9231,"Fiction Book",Books,639.86,2023-05-16,9,466,"New York"
9232,"Action Figure",Toys,75.61,2023-06-08,2,108,Chicago
9233,Laptop,Electronics,291.28,2023-06-25,1,51,Chicago
9234,Tablet,Electronics,965.57,2023-06-25,10,489,Miami
9235,"Fiction Book",Books,953.81,2023-04-19,2,447,"New York"
9236,Jacket,Clothing,35.15,2023-06-12,5,191,Houston
9237,Smartwatch,Electronics,682.88,2023-04-19,10,21,"Los Angeles"
9238,Wardrobe,Furniture,111.38,2023-01-14,1,4,Miami
9239,Jacket,Clothing,665.18,2023-03-31,6,4,Chicago
9240,"History Book",Books,213.57,2023-02-01,3,338,Houston
9241,Bookshelf,Furniture,794.04,2023-01-06,8,393,Houston
9242,"Science Book",Books,247.62,2023-06-16,9,288,"Los Angeles"
9243,"Non-fiction Book",Books,779.00,2023-06-11,2,2,Houston
9244,"Action Figure",Toys,970.32,2023-02-18,5,191,Chicago
9245,Doll,Toys,28.32,2023-02-16,3,149,Miami
9246,Desk,Furniture,139.97,2023-04-30,10,266,Miami
9247,Smartwatch,Electronics,2.39,2023-01-08,3,447,Miami
9248,Jeans,Clothing,87.68,2023-03-01,4,494,Houston
9249,"History Book",Books,842.37,2023-02-25,1,103,Miami
9250,Headphones,Electronics,199.29,2023-06-08,9,215,Houston
9251,Nightstand,Furniture,249.90,2023-02-25,8,33,Miami
9252,Jeans,Clothing,609.17,2023-06-12,7,385,Houston
9253,T-shirt,Clothing,786.99,2023-05-31,9,318,Houston
9254,Jacket,Clothing,518.24,2023-05-08,10,423,"Los Angeles"
9255,"History Book",Books,278.06,2023-03-14,2,341,Miami
9256,Desk,Furniture,128.18,2023-04-13,5,316,Houston
9257,"Action Figure",Toys,858.12,2023-01-02,5,156,"New York"
9258,Puzzle,Toys,735.45,2023-05-18,7,401,"New York"
9259,Chair,Furniture,835.19,2023-05-07,1,469,Houston
9260,Jeans,Clothing,428.56,2023-01-09,10,299,"New York"
9261,Doll,Toys,401.70,2023-02-20,3,101,"Los Angeles"
9262,Chair,Furniture,82.44,2023-06-12,3,282,"New York"
9263,"Art Book",Books,463.96,2023-05-15,4,255,Chicago
9264,Doll,Toys,271.85,2023-05-07,8,212,Miami
9265,"Science Book",Books,279.03,2023-06-27,2,279,Chicago
9266,"Fiction Book",Books,248.14,2023-01-07,5,25,Miami
9267,"Non-fiction Book",Books,245.35,2023-04-14,2,457,"New York"
9268,Keyboard,Electronics,499.64,2023-02-14,8,463,Chicago
9269,Bed,Furniture,158.70,2023-03-29,10,143,Chicago
9270,Mouse,Electronics,585.26,2023-02-17,6,35,Houston
9271,Puzzle,Toys,543.52,2023-05-18,2,351,Miami
9272,Dress,Clothing,811.35,2023-05-25,6,221,Chicago
9273,Monitor,Electronics,149.73,2023-05-18,4,280,Houston
9274,"History Book",Books,906.90,2023-05-01,7,74,Miami
9275,"Non-fiction Book",Books,367.27,2023-05-29,1,305,"New York"
9276,Camera,Electronics,841.66,2023-04-16,5,154,"Los Angeles"
9277,Jacket,Clothing,336.32,2023-02-28,7,37,Chicago
9278,Jacket,Clothing,488.79,2023-01-16,10,258,Houston
9279,Speaker,Electronics,874.04,2023-03-13,4,319,"New York"
9280,Dress,Clothing,570.25,2023-04-06,10,77,Miami
9281,Camera,Electronics,38.29,2023-04-08,6,145,Houston
9282,"Fiction Book",Books,438.99,2023-06-28,7,111,"New York"
9283,"Coffee Table",Furniture,5.15,2023-05-16,8,215,Miami
9284,Chair,Furniture,523.03,2023-02-06,5,303,Houston
9285,"Non-fiction Book",Books,36.00,2023-04-14,8,75,Chicago
9286,"Fiction Book",Books,144.75,2023-04-28,9,100,Chicago
9287,"Action Figure",Toys,555.03,2023-04-18,4,419,"Los Angeles"
9288,Shoes,Clothing,410.92,2023-01-12,1,142,"New York"
9289,"Science Book",Books,450.72,2023-04-12,5,304,Houston
9290,Jeans,Clothing,225.68,2023-01-31,2,185,"Los Angeles"
9291,Jeans,Clothing,416.26,2023-01-01,8,428,Miami
9292,Sofa,Furniture,434.53,2023-04-04,3,463,Houston
9293,Doll,Toys,586.43,2023-02-02,2,64,"Los Angeles"
9294,Doll,Toys,111.96,2023-04-27,10,285,"New York"
9295,"Board Game",Toys,660.03,2023-05-11,7,21,"Los Angeles"
9296,Bed,Furniture,295.41,2023-02-16,5,128,"New York"
9297,Dress,Clothing,615.57,2023-05-19,1,348,Chicago
9298,Nightstand,Furniture,964.33,2023-06-20,9,205,Chicago
9299,"Coffee Table",Furniture,878.28,2023-02-11,6,467,"New York"
9300,"Art Book",Books,480.20,2023-05-22,6,70,"New York"
9301,T-shirt,Clothing,991.32,2023-04-17,10,76,Houston
9302,Jeans,Clothing,697.40,2023-05-09,5,151,"New York"
9303,Sofa,Furniture,524.66,2023-05-27,5,3,Chicago
9304,"Non-fiction Book",Books,727.12,2023-01-01,9,48,"New York"
9305,"Action Figure",Toys,612.66,2023-01-06,4,234,Chicago
9306,"Art Book",Books,483.43,2023-05-28,7,389,Miami
9307,Desk,Furniture,257.09,2023-01-09,5,63,"Los Angeles"
9308,"Action Figure",Toys,461.22,2023-01-13,10,293,"New York"
9309,Jeans,Clothing,358.46,2023-04-30,3,130,Chicago
9310,"Remote Control Car",Toys,90.58,2023-04-09,5,359,"New York"
9311,"Art Book",Books,369.61,2023-02-08,10,59,Houston
9312,Bed,Furniture,207.65,2023-05-10,10,362,Houston
9313,Sofa,Furniture,530.09,2023-06-03,7,428,"Los Angeles"
9314,T-shirt,Clothing,941.84,2023-03-02,9,133,Houston
9315,Headphones,Electronics,760.06,2023-04-06,4,137,"Los Angeles"
9316,Jeans,Clothing,681.27,2023-02-10,1,375,Chicago
9317,Keyboard,Electronics,767.69,2023-03-22,10,150,Houston
9318,"Fiction Book",Books,957.19,2023-02-08,2,169,"New York"
9319,T-shirt,Clothing,127.63,2023-02-22,1,275,Chicago
9320,"Non-fiction Book",Books,682.04,2023-02-08,1,266,Chicago
9321,Smartphone,Electronics,976.80,2023-04-25,3,178,"New York"
9322,Speaker,Electronics,885.02,2023-03-29,8,220,Miami
9323,"Action Figure",Toys,113.05,2023-06-27,6,3,"Los Angeles"
9324,Bookshelf,Furniture,276.50,2023-02-07,3,201,"Los Angeles"
9325,"Science Book",Books,694.35,2023-05-07,5,497,Houston
9326,Jacket,Clothing,485.73,2023-04-10,3,413,"Los Angeles"
9327,"Art Book",Books,217.36,2023-03-25,7,475,Houston
9328,"Action Figure",Toys,743.23,2023-04-05,5,228,"New York"
9329,Doll,Toys,651.38,2023-03-28,5,399,Houston
9330,"Action Figure",Toys,409.16,2023-04-05,4,197,Houston
9331,"Non-fiction Book",Books,533.80,2023-04-21,5,274,"Los Angeles"
9332,"Board Game",Toys,506.06,2023-02-18,9,169,"New York"
9333,Doll,Toys,607.61,2023-01-20,8,125,"New York"
9334,"Science Book",Books,81.09,2023-01-01,8,397,Houston
9335,Monitor,Electronics,373.61,2023-06-12,4,99,Miami
9336,"History Book",Books,142.01,2023-06-11,1,300,Miami
9337,Desk,Furniture,411.75,2023-06-05,1,396,Houston
9338,Sofa,Furniture,211.28,2023-03-18,5,81,"Los Angeles"
9339,Sofa,Furniture,481.68,2023-04-28,9,54,"New York"
9340,Mouse,Electronics,240.62,2023-04-10,1,304,Miami
9341,T-shirt,Clothing,627.39,2023-01-01,2,348,"New York"
9342,Smartwatch,Electronics,665.11,2023-03-23,3,465,Miami
9343,Jeans,Clothing,743.67,2023-05-28,9,452,Miami
9344,"Fiction Book",Books,376.36,2023-03-28,3,483,Miami
9345,"Remote Control Car",Toys,13.59,2023-01-16,5,376,Chicago
9346,Jacket,Clothing,892.80,2023-04-02,9,407,Chicago
9347,"Remote Control Car",Toys,127.51,2023-05-25,7,377,Miami
9348,Camera,Electronics,989.05,2023-03-11,10,305,"New York"
9349,Smartphone,Electronics,22.60,2023-06-05,3,308,"Los Angeles"
9350,"Board Game",Toys,990.78,2023-02-23,6,364,"New York"
9351,Keyboard,Electronics,958.21,2023-03-10,1,478,Houston
9352,"Science Book",Books,168.91,2023-03-21,7,72,Houston
9353,"Art Book",Books,369.58,2023-01-07,1,136,"New York"
9354,Puzzle,Toys,17.15,2023-01-03,1,496,Miami
9355,"Art Book",Books,142.77,2023-01-18,1,479,Houston
9356,"Coffee Table",Furniture,733.61,2023-03-18,10,187,"New York"
9357,Nightstand,Furniture,79.53,2023-04-06,5,239,"New York"
9358,Nightstand,Furniture,126.69,2023-04-26,9,136,Miami
9359,Sofa,Furniture,338.20,2023-06-02,3,268,"New York"
9360,Jacket,Clothing,610.60,2023-01-18,7,11,"New York"
9361,Jeans,Clothing,765.65,2023-01-05,9,33,Miami
9362,Mouse,Electronics,581.49,2023-03-03,10,411,"New York"
9363,Shoes,Clothing,184.80,2023-01-20,10,286,Miami
9364,Puzzle,Toys,104.38,2023-02-10,9,192,Chicago
9365,"Coffee Table",Furniture,31.18,2023-06-14,5,318,Houston
9366,"Remote Control Car",Toys,84.88,2023-05-02,2,312,Houston
9367,"Science Book",Books,444.88,2023-04-23,8,54,"New York"
9368,Dress,Clothing,713.69,2023-05-27,10,86,"New York"
9369,"Board Game",Toys,425.91,2023-05-19,6,294,"New York"
9370,Bed,Furniture,535.87,2023-03-13,4,342,"Los Angeles"
9371,Chair,Furniture,389.71,2023-04-19,9,192,Chicago
9372,"Action Figure",Toys,215.81,2023-04-13,3,157,Miami
9373,"Action Figure",Toys,471.06,2023-05-29,8,39,"Los Angeles"
9374,Keyboard,Electronics,176.50,2023-03-30,10,111,"Los Angeles"
9375,"Art Book",Books,178.52,2023-02-13,7,342,"Los Angeles"
9376,"History Book",Books,408.89,2023-05-28,9,464,"New York"
9377,Chair,Furniture,219.59,2023-04-06,1,219,"New York"
9378,T-shirt,Clothing,594.92,2023-06-14,8,105,Houston
9379,"History Book",Books,956.74,2023-06-11,7,214,"Los Angeles"
9380,Monitor,Electronics,633.96,2023-01-26,9,331,Miami
9381,"Coffee Table",Furniture,797.64,2023-06-04,10,484,"New York"
9382,"Art Book",Books,179.69,2023-03-25,8,268,"Los Angeles"
9383,"Remote Control Car",Toys,14.30,2023-01-15,4,258,Chicago
9384,Headphones,Electronics,493.35,2023-02-17,9,212,Chicago
9385,"Science Book",Books,728.05,2023-01-03,9,212,Chicago
9386,Doll,Toys,553.10,2023-06-27,3,222,"Los Angeles"
9387,Dress,Clothing,166.26,2023-01-31,4,114,"New York"
9388,"History Book",Books,148.17,2023-04-21,7,125,"Los Angeles"
9389,Nightstand,Furniture,50.43,2023-03-16,10,188,"New York"
9390,Dresser,Furniture,60.55,2023-03-07,7,28,"Los Angeles"
9391,"History Book",Books,155.35,2023-05-06,1,496,Miami
9392,T-shirt,Clothing,452.80,2023-02-07,7,420,"New York"
9393,Camera,Electronics,999.34,2023-04-09,8,9,Miami
9394,Dress,Clothing,805.59,2023-05-23,6,151,Miami
9395,"Non-fiction Book",Books,974.76,2023-05-21,10,288,Miami
9396,Puzzle,Toys,10.70,2023-05-28,1,421,"New York"
9397,"Fiction Book",Books,365.53,2023-05-02,3,207,"New York"
9398,"Fiction Book",Books,502.17,2023-01-12,9,424,Miami
9399,Jeans,Clothing,418.88,2023-03-30,3,268,"New York"
9400,"Science Book",Books,348.97,2023-02-04,10,10,"Los Angeles"
9401,"Fiction Book",Books,477.05,2023-02-05,6,78,"New York"
9402,Keyboard,Electronics,747.32,2023-03-12,8,200,Miami
9403,Headphones,Electronics,356.72,2023-05-03,4,308,"New York"
9404,Dress,Clothing,856.71,2023-05-22,4,219,"New York"
9405,"Coffee Table",Furniture,236.47,2023-06-02,6,33,Houston
9406,"Art Book",Books,284.13,2023-06-16,8,51,"New York"
9407,Jeans,Clothing,995.56,2023-06-20,8,463,"Los Angeles"
9408,Laptop,Electronics,408.43,2023-05-11,5,443,"New York"
9409,"Coffee Table",Furniture,884.21,2023-02-11,6,416,Houston
9410,"History Book",Books,39.64,2023-02-22,4,431,"Los Angeles"
9411,"History Book",Books,633.75,2023-06-15,8,382,Houston
9412,Camera,Electronics,827.71,2023-03-30,10,209,"New York"
9413,T-shirt,Clothing,597.84,2023-06-20,10,407,"Los Angeles"
9414,"Remote Control Car",Toys,853.84,2023-03-20,7,381,Miami
9415,Shoes,Clothing,648.24,2023-04-29,4,370,Houston
9416,Smartwatch,Electronics,753.61,2023-06-09,2,116,Houston
9417,T-shirt,Clothing,622.62,2023-04-20,2,36,Miami
9418,"Remote Control Car",Toys,596.77,2023-03-29,7,393,Miami
9419,Jacket,Clothing,24.01,2023-06-20,7,264,Houston
9420,Dress,Clothing,412.18,2023-03-04,5,211,Houston
9421,"Board Game",Toys,188.99,2023-02-10,6,35,Houston
9422,Bookshelf,Furniture,956.13,2023-05-03,6,300,Chicago
9423,Chair,Furniture,802.64,2023-04-26,8,14,Houston
9424,"Science Book",Books,38.01,2023-05-27,10,176,Miami
9425,Chair,Furniture,587.95,2023-04-09,10,107,"New York"
9426,Tablet,Electronics,741.51,2023-01-02,9,50,"New York"
9427,"Art Book",Books,106.04,2023-06-02,10,10,"Los Angeles"
9428,"Science Book",Books,756.26,2023-01-02,8,425,Miami
9429,Mouse,Electronics,654.46,2023-04-11,9,210,Houston
9430,Puzzle,Toys,100.02,2023-01-27,5,375,Chicago
9431,Doll,Toys,617.63,2023-02-19,6,366,"New York"
9432,Jacket,Clothing,604.26,2023-05-04,7,490,"New York"
9433,Shoes,Clothing,616.19,2023-01-21,8,122,"New York"
9434,"Art Book",Books,554.47,2023-01-23,10,233,Chicago
9435,"Non-fiction Book",Books,97.48,2023-05-19,6,245,Houston
9436,Bed,Furniture,135.72,2023-03-10,5,146,Miami
9437,Smartwatch,Electronics,703.27,2023-05-02,3,144,Houston
9438,Desk,Furniture,909.95,2023-03-30,8,103,Miami
9439,Shoes,Clothing,51.87,2023-04-16,8,43,"New York"
9440,Bed,Furniture,206.55,2023-04-27,7,76,Miami
9441,Mouse,Electronics,508.79,2023-06-22,3,202,"Los Angeles"
9442,Mouse,Electronics,673.35,2023-04-25,2,477,"Los Angeles"
9443,Desk,Furniture,118.88,2023-03-30,1,488,Houston
9444,Headphones,Electronics,336.67,2023-03-28,4,276,Chicago
9445,Smartphone,Electronics,752.31,2023-04-28,1,39,"Los Angeles"
9446,Shoes,Clothing,422.07,2023-04-19,8,482,Chicago
9447,"Board Game",Toys,336.07,2023-06-23,9,77,"Los Angeles"
9448,Sofa,Furniture,325.41,2023-06-27,10,404,"New York"
9449,Jacket,Clothing,355.93,2023-04-09,7,380,Houston
9450,T-shirt,Clothing,66.82,2023-01-10,1,63,Chicago
9451,"Action Figure",Toys,124.74,2023-01-21,3,329,Houston
9452,Jeans,Clothing,890.74,2023-05-04,8,350,"Los Angeles"
9453,Camera,Electronics,734.71,2023-02-13,1,146,Chicago
9454,Bed,Furniture,171.87,2023-04-03,1,352,"Los Angeles"
9455,"History Book",Books,94.01,2023-03-22,10,209,"Los Angeles"
9456,Puzzle,Toys,139.10,2023-03-16,7,493,Miami
9457,Smartphone,Electronics,397.42,2023-05-11,5,476,Chicago
9458,Dress,Clothing,304.21,2023-02-25,7,116,"Los Angeles"
9459,"Non-fiction Book",Books,346.68,2023-01-08,2,377,"Los Angeles"
9460,"Remote Control Car",Toys,855.65,2023-03-30,10,16,Chicago
9461,Monitor,Electronics,410.53,2023-06-21,6,390,"Los Angeles"
9462,Chair,Furniture,305.76,2023-06-18,8,12,Miami
9463,Smartwatch,Electronics,975.28,2023-01-14,5,498,Houston
9464,Sofa,Furniture,330.16,2023-01-09,3,46,Houston
9465,Bookshelf,Furniture,2.20,2023-06-04,3,422,"Los Angeles"
9466,Bed,Furniture,133.02,2023-03-21,9,377,"Los Angeles"
9467,Dresser,Furniture,246.79,2023-02-26,9,118,Houston
9468,"Fiction Book",Books,734.96,2023-02-26,4,413,"New York"
9469,"Action Figure",Toys,296.60,2023-06-15,8,402,Miami
9470,Doll,Toys,215.71,2023-03-14,4,304,Miami
9471,"Remote Control Car",Toys,214.71,2023-05-01,8,253,Chicago
9472,Dress,Clothing,33.89,2023-04-09,7,270,Houston
9473,Chair,Furniture,859.58,2023-06-01,7,312,"Los Angeles"
9474,"Coffee Table",Furniture,709.47,2023-03-17,10,268,Miami
9475,Jacket,Clothing,92.49,2023-03-24,1,340,"Los Angeles"
9476,"Art Book",Books,721.05,2023-01-31,7,436,"Los Angeles"
9477,Tablet,Electronics,89.08,2023-05-07,3,72,Miami
9478,Desk,Furniture,292.75,2023-01-31,10,168,Houston
9479,"Remote Control Car",Toys,674.73,2023-06-08,4,154,"Los Angeles"
9480,Doll,Toys,247.15,2023-01-14,7,477,Miami
9481,Dress,Clothing,670.68,2023-04-13,9,233,Miami
9482,"Fiction Book",Books,357.62,2023-03-30,4,213,Miami
9483,"Non-fiction Book",Books,946.79,2023-04-10,10,9,"Los Angeles"
9484,"Coffee Table",Furniture,926.47,2023-02-24,8,360,Chicago
9485,"Board Game",Toys,670.61,2023-05-30,2,123,Houston
9486,Keyboard,Electronics,806.36,2023-04-30,9,247,Houston
9487,Dresser,Furniture,949.64,2023-06-08,6,48,Miami
9488,"Action Figure",Toys,355.24,2023-05-12,6,389,"New York"
9489,Mouse,Electronics,102.28,2023-06-22,5,264,"New York"
9490,Bookshelf,Furniture,796.81,2023-05-23,6,233,Houston
9491,"History Book",Books,115.49,2023-04-27,9,268,Miami
9492,"Coffee Table",Furniture,738.58,2023-03-19,10,170,Miami
9493,Jeans,Clothing,279.17,2023-05-16,10,207,"Los Angeles"
9494,Mouse,Electronics,560.10,2023-01-26,1,372,Houston
9495,Doll,Toys,83.82,2023-03-27,2,94,Chicago
9496,"Coffee Table",Furniture,796.87,2023-05-22,6,178,"New York"
9497,"Art Book",Books,304.04,2023-06-21,9,214,Chicago
9498,Shoes,Clothing,951.21,2023-01-11,5,4,Houston
9499,"Art Book",Books,829.07,2023-02-27,2,309,Houston
9500,"Action Figure",Toys,506.82,2023-04-02,1,290,Miami
9501,Dress,Clothing,568.00,2023-01-30,2,34,"New York"
9502,"Action Figure",Toys,721.54,2023-04-05,5,341,"New York"
9503,Desk,Furniture,401.83,2023-06-18,5,311,Houston
9504,Wardrobe,Furniture,62.98,2023-06-02,1,345,"Los Angeles"
9505,Dress,Clothing,990.95,2023-03-29,5,443,"New York"
9506,T-shirt,Clothing,26.00,2023-06-22,8,335,"Los Angeles"
9507,Camera,Electronics,798.83,2023-04-08,4,476,Miami
9508,"Table Lamp",Furniture,280.61,2023-05-01,6,268,"New York"
9509,Tablet,Electronics,971.19,2023-01-02,2,312,Houston
9510,"Science Book",Books,528.74,2023-06-27,4,403,Miami
9511,Desk,Furniture,177.75,2023-05-03,9,141,Miami
9512,"Coffee Table",Furniture,998.23,2023-05-18,9,403,Chicago
9513,Dress,Clothing,961.10,2023-03-23,4,257,Chicago
9514,"Fiction Book",Books,709.48,2023-01-11,2,322,Houston
9515,"Non-fiction Book",Books,408.73,2023-01-27,6,65,"New York"
9516,Tablet,Electronics,807.63,2023-03-08,5,488,Houston
9517,Sofa,Furniture,540.80,2023-06-24,3,116,Chicago
9518,"Art Book",Books,187.37,2023-03-25,8,187,Houston
9519,"Remote Control Car",Toys,485.45,2023-06-02,8,152,"Los Angeles"
9520,Tablet,Electronics,506.70,2023-06-16,1,346,"New York"
9521,Puzzle,Toys,708.59,2023-04-20,10,378,"New York"
9522,Doll,Toys,884.70,2023-04-03,10,499,"Los Angeles"
9523,Wardrobe,Furniture,141.68,2023-02-14,8,129,Miami
9524,"History Book",Books,761.09,2023-04-02,3,401,"Los Angeles"
9525,"Science Book",Books,708.15,2023-06-27,9,46,"New York"
9526,Doll,Toys,549.51,2023-01-12,7,110,"New York"
9527,Jacket,Clothing,595.61,2023-01-04,4,253,Chicago
9528,Jeans,Clothing,336.90,2023-05-13,7,66,Houston
9529,"Board Game",Toys,549.67,2023-03-19,6,143,Miami
9530,Shoes,Clothing,6.06,2023-02-27,6,481,"New York"
9531,"Coffee Table",Furniture,470.75,2023-02-05,6,134,Houston
9532,Dresser,Furniture,482.64,2023-03-07,4,403,Miami
9533,Keyboard,Electronics,12.23,2023-05-30,2,28,Miami
9534,T-shirt,Clothing,506.25,2023-03-11,5,444,"Los Angeles"
9535,Bookshelf,Furniture,402.50,2023-01-13,2,264,"New York"
9536,Sofa,Furniture,149.73,2023-01-02,6,447,Houston
9537,Doll,Toys,43.55,2023-02-01,8,88,Houston
9538,"Art Book",Books,755.38,2023-03-07,6,364,Miami
9539,Shoes,Clothing,498.18,2023-01-08,8,206,Miami
9540,Dress,Clothing,842.50,2023-06-11,10,57,Houston
9541,Tablet,Electronics,929.76,2023-01-01,3,50,Miami
9542,"Remote Control Car",Toys,495.02,2023-01-05,7,71,Houston
9543,Shoes,Clothing,39.70,2023-04-16,9,171,"Los Angeles"
9544,Laptop,Electronics,357.26,2023-02-14,2,45,Miami
9545,Dress,Clothing,172.52,2023-02-25,1,100,Miami
9546,Tablet,Electronics,307.64,2023-05-14,8,380,"Los Angeles"
9547,"Science Book",Books,882.15,2023-02-02,3,390,"New York"
9548,Mouse,Electronics,234.41,2023-04-05,10,500,"Los Angeles"
9549,Dresser,Furniture,369.62,2023-06-15,5,325,Miami
9550,Speaker,Electronics,711.45,2023-04-15,8,75,Chicago
9551,Jacket,Clothing,884.79,2023-02-11,5,387,"Los Angeles"
9552,"Fiction Book",Books,146.65,2023-05-06,1,78,Houston
9553,"Science Book",Books,296.86,2023-01-19,7,414,"Los Angeles"
9554,"Fiction Book",Books,142.59,2023-03-22,9,339,Miami
9555,Doll,Toys,173.44,2023-05-28,6,238,Houston
9556,"Non-fiction Book",Books,912.52,2023-03-24,6,216,Chicago
9557,Camera,Electronics,111.45,2023-06-29,7,125,"Los Angeles"
9558,"Art Book",Books,350.04,2023-06-22,8,409,Miami
9559,"Remote Control Car",Toys,162.35,2023-06-03,8,179,Chicago
9560,Laptop,Electronics,429.18,2023-05-12,4,347,"Los Angeles"
9561,Shoes,Clothing,835.62,2023-03-18,7,431,Chicago
9562,Jeans,Clothing,921.99,2023-05-14,10,235,Chicago
9563,Dresser,Furniture,329.83,2023-05-28,2,50,"New York"
9564,T-shirt,Clothing,631.70,2023-01-14,5,112,Houston
9565,Jacket,Clothing,316.24,2023-02-08,2,476,Chicago
9566,Mouse,Electronics,402.49,2023-02-22,3,172,Miami
9567,Puzzle,Toys,343.19,2023-06-04,3,367,Miami
9568,Bed,Furniture,582.48,2023-04-12,1,360,"Los Angeles"
9569,Jacket,Clothing,966.87,2023-04-30,5,77,Chicago
9570,"Action Figure",Toys,622.99,2023-06-17,8,73,"Los Angeles"
9571,Wardrobe,Furniture,55.24,2023-05-15,6,282,"New York"
9572,Mouse,Electronics,949.17,2023-06-25,1,100,Miami
9573,Doll,Toys,191.68,2023-02-14,7,265,Houston
9574,"Action Figure",Toys,32.96,2023-06-02,2,94,Chicago
9575,"Action Figure",Toys,826.22,2023-05-20,5,341,"New York"
9576,"Action Figure",Toys,919.69,2023-01-25,10,109,"Los Angeles"
9577,"Board Game",Toys,230.26,2023-03-11,3,4,"Los Angeles"
9578,"Non-fiction Book",Books,823.71,2023-01-01,6,357,Miami
9579,Shoes,Clothing,717.81,2023-06-29,9,90,"Los Angeles"
9580,Shoes,Clothing,297.10,2023-05-17,10,114,Chicago
9581,T-shirt,Clothing,392.21,2023-03-19,10,305,"New York"
9582,"Fiction Book",Books,474.81,2023-01-12,9,122,Chicago
9583,Smartwatch,Electronics,998.55,2023-01-15,5,404,Miami
9584,Dress,Clothing,111.80,2023-05-27,8,122,Miami
9585,Bookshelf,Furniture,972.74,2023-05-23,1,416,"New York"
9586,"Non-fiction Book",Books,68.24,2023-05-09,4,317,"New York"
9587,"History Book",Books,860.92,2023-01-17,9,75,"New York"
9588,Puzzle,Toys,298.87,2023-04-09,9,303,Chicago
9589,Jeans,Clothing,873.38,2023-03-25,8,73,Chicago
9590,Shoes,Clothing,89.05,2023-04-20,8,19,Miami
9591,Dresser,Furniture,313.25,2023-05-13,8,264,"Los Angeles"
9592,"Coffee Table",Furniture,605.68,2023-05-19,1,409,"New York"
9593,"Art Book",Books,94.18,2023-04-06,4,127,"New York"
9594,Smartwatch,Electronics,91.01,2023-04-12,6,47,Houston
9595,"Art Book",Books,943.85,2023-05-14,9,84,"New York"
9596,Shoes,Clothing,777.85,2023-03-03,4,446,"Los Angeles"
9597,Doll,Toys,910.14,2023-05-06,8,324,Miami
9598,Tablet,Electronics,136.25,2023-06-13,2,465,"Los Angeles"
9599,Jacket,Clothing,969.03,2023-05-21,10,305,"New York"
9600,Jacket,Clothing,330.07,2023-05-29,2,128,Miami
9601,Bed,Furniture,234.67,2023-05-10,9,152,Miami
9602,Nightstand,Furniture,788.13,2023-01-27,4,184,Houston
9603,"Fiction Book",Books,607.39,2023-04-27,5,83,Chicago
9604,"Coffee Table",Furniture,72.96,2023-06-29,8,394,Houston
9605,"Remote Control Car",Toys,713.79,2023-05-17,7,13,"New York"
9606,"History Book",Books,508.74,2023-04-05,2,487,Chicago
9607,"Fiction Book",Books,171.54,2023-04-25,7,205,"New York"
9608,Smartphone,Electronics,263.35,2023-01-13,6,288,"Los Angeles"
9609,Nightstand,Furniture,745.81,2023-06-15,4,28,"New York"
9610,"Non-fiction Book",Books,283.45,2023-03-22,4,286,Houston
9611,"Action Figure",Toys,587.84,2023-06-11,8,455,"Los Angeles"
9612,Nightstand,Furniture,925.41,2023-06-08,7,263,Houston
9613,Speaker,Electronics,720.72,2023-05-12,5,120,Houston
9614,Puzzle,Toys,378.96,2023-06-14,5,190,Houston
9615,"Action Figure",Toys,283.97,2023-02-20,6,437,Houston
9616,Tablet,Electronics,885.26,2023-05-12,10,385,Miami
9617,Smartwatch,Electronics,960.01,2023-06-19,9,146,Miami
9618,Keyboard,Electronics,937.96,2023-03-10,1,131,"New York"
9619,Jacket,Clothing,383.76,2023-01-13,3,404,Chicago
9620,"Non-fiction Book",Books,247.03,2023-03-15,3,116,"Los Angeles"
9621,"Art Book",Books,980.69,2023-03-10,10,355,Houston
9622,Tablet,Electronics,353.58,2023-06-09,4,90,Houston
9623,Shoes,Clothing,818.37,2023-04-19,6,481,"New York"
9624,Puzzle,Toys,360.11,2023-03-26,3,447,Houston
9625,"History Book",Books,991.64,2023-01-07,3,448,Miami
9626,"Art Book",Books,84.90,2023-06-17,4,79,Houston
9627,"Non-fiction Book",Books,425.75,2023-03-05,5,177,"Los Angeles"
9628,Shoes,Clothing,365.37,2023-03-15,10,251,Houston
9629,"Action Figure",Toys,411.46,2023-04-01,3,442,Chicago
9630,"Table Lamp",Furniture,830.69,2023-04-19,6,398,Chicago
9631,"Non-fiction Book",Books,117.30,2023-06-04,10,59,Houston
9632,T-shirt,Clothing,250.02,2023-05-28,4,137,"Los Angeles"
9633,"Action Figure",Toys,172.78,2023-03-28,9,475,"New York"
9634,"Non-fiction Book",Books,901.67,2023-06-10,8,76,Chicago
9635,Puzzle,Toys,185.44,2023-05-14,2,287,"Los Angeles"
9636,Headphones,Electronics,428.59,2023-05-15,5,497,Houston
9637,Camera,Electronics,5.83,2023-03-04,8,269,Chicago
9638,Camera,Electronics,995.84,2023-03-15,1,18,"New York"
9639,Speaker,Electronics,780.56,2023-01-05,8,420,Miami
9640,"Fiction Book",Books,309.52,2023-02-14,4,409,"New York"
9641,Desk,Furniture,450.47,2023-01-06,9,469,"Los Angeles"
9642,Jacket,Clothing,163.86,2023-04-21,6,9,"Los Angeles"
9643,"Remote Control Car",Toys,124.48,2023-06-12,2,474,"Los Angeles"
9644,"Board Game",Toys,556.13,2023-03-19,5,42,Miami
9645,"History Book",Books,985.06,2023-01-06,3,479,"New York"
9646,"Remote Control Car",Toys,860.63,2023-04-23,6,441,Houston
9647,Monitor,Electronics,191.43,2023-01-08,7,13,"Los Angeles"
9648,Camera,Electronics,723.01,2023-02-05,9,244,Miami
9649,Dress,Clothing,49.03,2023-05-10,5,68,"Los Angeles"
9650,Mouse,Electronics,488.95,2023-05-23,5,14,Houston
9651,Shoes,Clothing,477.23,2023-04-13,5,176,Chicago
9652,Jeans,Clothing,430.68,2023-03-30,2,177,"Los Angeles"
9653,"Table Lamp",Furniture,889.87,2023-05-31,6,25,Houston
9654,Wardrobe,Furniture,55.48,2023-05-13,6,163,"New York"
9655,Dress,Clothing,630.63,2023-05-20,10,298,"New York"
9656,"Table Lamp",Furniture,991.21,2023-01-29,9,325,Houston
9657,"Action Figure",Toys,798.33,2023-05-13,3,121,"Los Angeles"
9658,Puzzle,Toys,744.69,2023-04-15,7,292,Miami
9659,"Board Game",Toys,931.73,2023-01-31,1,353,"Los Angeles"
9660,"Action Figure",Toys,339.60,2023-01-21,6,209,Chicago
9661,"Action Figure",Toys,200.66,2023-03-27,8,242,"New York"
9662,"Action Figure",Toys,256.06,2023-05-16,1,377,Houston
9663,Jeans,Clothing,790.21,2023-01-31,5,458,"New York"
9664,"Remote Control Car",Toys,805.67,2023-03-18,8,136,"Los Angeles"
9665,Nightstand,Furniture,722.61,2023-05-24,9,333,Miami
9666,Jacket,Clothing,836.21,2023-02-13,8,414,"New York"
9667,Jacket,Clothing,483.86,2023-04-16,5,342,Miami
9668,"History Book",Books,6.12,2023-02-02,9,439,Houston
9669,Smartphone,Electronics,969.26,2023-05-21,1,341,"Los Angeles"
9670,Doll,Toys,139.84,2023-04-15,5,316,Houston
9671,"History Book",Books,470.04,2023-01-06,8,330,"New York"
9672,Desk,Furniture,704.32,2023-02-16,2,70,"New York"
9673,Desk,Furniture,345.77,2023-04-17,10,417,"Los Angeles"
9674,Jeans,Clothing,861.60,2023-04-01,10,91,"New York"
9675,Doll,Toys,684.72,2023-04-13,9,155,"New York"
9676,"Non-fiction Book",Books,888.44,2023-05-27,5,295,Houston
9677,"Action Figure",Toys,358.53,2023-02-05,10,496,"Los Angeles"
9678,Mouse,Electronics,749.86,2023-01-07,10,276,Miami
9679,Camera,Electronics,784.68,2023-03-12,7,434,Chicago
9680,"Action Figure",Toys,856.72,2023-06-11,10,442,Houston
9681,"Science Book",Books,546.37,2023-01-23,10,282,Miami
9682,Jeans,Clothing,925.97,2023-04-24,4,12,Miami
9683,"History Book",Books,696.24,2023-01-27,7,395,"New York"
9684,"Non-fiction Book",Books,656.76,2023-02-20,5,165,"Los Angeles"
9685,"History Book",Books,37.22,2023-02-12,1,328,"New York"
9686,Bookshelf,Furniture,59.15,2023-01-18,4,114,"Los Angeles"
9687,Jacket,Clothing,695.56,2023-04-24,1,236,"New York"
9688,Nightstand,Furniture,33.14,2023-02-14,2,453,"New York"
9689,"Board Game",Toys,803.07,2023-03-02,3,194,"New York"
9690,Sofa,Furniture,294.54,2023-05-15,9,30,Houston
9691,Wardrobe,Furniture,994.78,2023-03-25,4,136,"Los Angeles"
9692,"Remote Control Car",Toys,363.65,2023-02-09,1,174,Houston
9693,"Art Book",Books,797.34,2023-02-02,6,490,"Los Angeles"
9694,Puzzle,Toys,963.33,2023-03-24,5,337,"New York"
9695,"History Book",Books,945.59,2023-03-18,3,75,Miami
9696,Doll,Toys,653.21,2023-02-19,5,130,"New York"
9697,T-shirt,Clothing,978.82,2023-05-10,7,77,Houston
9698,Shoes,Clothing,10.23,2023-03-22,3,372,"New York"
9699,Laptop,Electronics,701.87,2023-06-22,7,257,Chicago
9700,Laptop,Electronics,230.29,2023-05-14,1,447,"Los Angeles"
9701,Chair,Furniture,151.09,2023-02-01,5,277,Chicago
9702,"Action Figure",Toys,839.34,2023-05-26,6,67,"New York"
9703,Nightstand,Furniture,822.23,2023-03-03,3,106,"Los Angeles"
9704,Puzzle,Toys,310.59,2023-05-13,8,278,Chicago
9705,"Action Figure",Toys,525.57,2023-03-23,7,33,"Los Angeles"
9706,Smartphone,Electronics,533.65,2023-04-28,7,177,Houston
9707,"Remote Control Car",Toys,882.63,2023-05-18,2,258,"New York"
9708,Doll,Toys,138.60,2023-04-05,3,245,Miami
9709,Jeans,Clothing,102.31,2023-03-23,10,242,Chicago
9710,Speaker,Electronics,403.30,2023-02-07,9,265,"New York"
9711,Monitor,Electronics,286.44,2023-03-09,1,449,Chicago
9712,"Fiction Book",Books,180.16,2023-05-13,2,255,"New York"
9713,Headphones,Electronics,896.77,2023-01-19,9,388,Chicago
9714,Puzzle,Toys,420.91,2023-05-23,8,74,Houston
9715,"Non-fiction Book",Books,758.36,2023-05-23,7,35,"Los Angeles"
9716,Speaker,Electronics,453.56,2023-02-24,2,454,"New York"
9717,Jeans,Clothing,903.66,2023-05-10,9,117,Chicago
9718,Doll,Toys,493.19,2023-04-20,6,494,"Los Angeles"
9719,Dresser,Furniture,284.87,2023-04-12,10,69,Houston
9720,Jeans,Clothing,721.74,2023-05-30,10,247,Chicago
9721,"Remote Control Car",Toys,171.19,2023-06-26,4,494,Houston
9722,Doll,Toys,809.31,2023-01-16,10,366,Houston
9723,Smartwatch,Electronics,844.62,2023-02-21,9,318,Chicago
9724,Shoes,Clothing,254.53,2023-03-26,6,271,Miami
9725,Monitor,Electronics,856.77,2023-01-19,10,187,"New York"
9726,Headphones,Electronics,339.07,2023-03-03,7,208,"New York"
9727,"Remote Control Car",Toys,511.76,2023-04-20,6,350,Miami
9728,"Action Figure",Toys,21.06,2023-06-01,2,107,Houston
9729,Dress,Clothing,874.25,2023-01-03,5,98,Houston
9730,T-shirt,Clothing,281.87,2023-03-13,2,226,Miami
9731,Mouse,Electronics,429.13,2023-04-26,10,339,Houston
9732,Smartwatch,Electronics,861.68,2023-03-15,5,499,Houston
9733,"Table Lamp",Furniture,672.36,2023-05-29,1,15,Miami
9734,Laptop,Electronics,406.18,2023-04-07,5,334,Miami
9735,Doll,Toys,378.54,2023-05-09,5,12,Miami
9736,"Board Game",Toys,796.09,2023-02-24,2,364,"Los Angeles"
9737,Headphones,Electronics,300.76,2023-03-04,9,74,"Los Angeles"
9738,"History Book",Books,250.79,2023-02-26,9,54,"New York"
9739,"Coffee Table",Furniture,101.41,2023-02-17,1,117,"New York"
9740,Speaker,Electronics,552.35,2023-06-07,8,466,Chicago
9741,"Board Game",Toys,75.38,2023-06-06,2,486,Chicago
9742,"History Book",Books,179.86,2023-01-12,8,340,"New York"
9743,Bed,Furniture,275.42,2023-01-02,3,11,Chicago
9744,Chair,Furniture,980.15,2023-03-01,8,266,Chicago
9745,Smartphone,Electronics,779.82,2023-05-22,7,326,Chicago
9746,Desk,Furniture,291.14,2023-03-12,1,141,"New York"
9747,Puzzle,Toys,995.33,2023-06-13,6,23,Chicago
9748,"History Book",Books,721.63,2023-03-01,5,232,Miami
9749,"Board Game",Toys,266.61,2023-05-08,8,323,Miami
9750,"Board Game",Toys,533.38,2023-03-13,4,387,Houston
9751,Keyboard,Electronics,849.54,2023-06-24,3,266,Houston
9752,Bed,Furniture,233.09,2023-05-18,2,135,"New York"
9753,Sofa,Furniture,442.96,2023-03-29,2,47,"New York"
9754,Bed,Furniture,302.19,2023-01-10,4,320,"New York"
9755,"Art Book",Books,500.34,2023-06-01,8,6,Miami
9756,"Non-fiction Book",Books,813.35,2023-01-10,9,456,"New York"
9757,"Remote Control Car",Toys,340.02,2023-05-12,7,464,Houston
9758,Speaker,Electronics,449.47,2023-04-01,2,165,"New York"
9759,"Non-fiction Book",Books,39.32,2023-03-22,2,111,Houston
9760,Smartwatch,Electronics,759.82,2023-05-22,7,464,Houston
9761,Jacket,Clothing,888.47,2023-03-03,1,70,Houston
9762,T-shirt,Clothing,999.90,2023-04-07,7,369,Houston
9763,Nightstand,Furniture,271.95,2023-03-18,4,152,Chicago
9764,"Remote Control Car",Toys,880.53,2023-04-20,4,61,Chicago
9765,"Remote Control Car",Toys,102.26,2023-05-09,3,107,"Los Angeles"
9766,"Non-fiction Book",Books,555.06,2023-06-21,2,348,"New York"
9767,"History Book",Books,194.38,2023-01-31,3,421,"Los Angeles"
9768,Shoes,Clothing,671.60,2023-03-09,9,86,"Los Angeles"
9769,"Board Game",Toys,3.51,2023-03-22,3,408,"Los Angeles"
9770,T-shirt,Clothing,177.94,2023-04-14,4,7,"New York"
9771,Tablet,Electronics,70.33,2023-04-18,8,38,"New York"
9772,Smartphone,Electronics,171.03,2023-05-02,9,119,Houston
9773,Jeans,Clothing,108.86,2023-05-06,2,371,"Los Angeles"
9774,"Non-fiction Book",Books,442.44,2023-01-21,3,446,Houston
9775,Doll,Toys,725.19,2023-05-25,9,419,Houston
9776,"Non-fiction Book",Books,587.90,2023-01-08,5,24,Miami
9777,Shoes,Clothing,523.08,2023-01-29,3,338,Houston
9778,Wardrobe,Furniture,11.41,2023-04-15,9,288,"Los Angeles"
9779,"History Book",Books,550.08,2023-04-04,10,90,"New York"
9780,"Science Book",Books,36.25,2023-06-06,3,265,Miami
9781,Bookshelf,Furniture,797.34,2023-01-14,10,366,Houston
9782,Speaker,Electronics,174.45,2023-01-03,6,324,Houston
9783,Speaker,Electronics,443.90,2023-02-13,9,358,Miami
9784,Jeans,Clothing,251.37,2023-03-09,2,262,"Los Angeles"
9785,T-shirt,Clothing,782.50,2023-04-27,9,269,Miami
9786,Nightstand,Furniture,368.09,2023-01-25,6,243,Houston
9787,"Remote Control Car",Toys,412.17,2023-03-20,10,189,"New York"
9788,Desk,Furniture,390.85,2023-06-05,2,101,Chicago
9789,Mouse,Electronics,623.41,2023-04-01,7,346,Chicago
9790,"Science Book",Books,450.08,2023-06-07,1,247,"Los Angeles"
9791,Jeans,Clothing,155.72,2023-05-20,5,367,Chicago
9792,"Board Game",Toys,611.41,2023-04-12,10,125,"Los Angeles"
9793,"Non-fiction Book",Books,908.30,2023-03-22,6,95,Chicago
9794,Dress,Clothing,918.12,2023-01-07,5,494,Houston
9795,Jeans,Clothing,784.54,2023-02-11,8,149,"New York"
9796,Dress,Clothing,56.22,2023-04-24,10,22,"Los Angeles"
9797,Speaker,Electronics,240.95,2023-03-16,4,216,"New York"
9798,Shoes,Clothing,142.34,2023-06-25,5,128,Miami
9799,Smartwatch,Electronics,739.69,2023-06-05,1,427,"New York"
9800,Jeans,Clothing,829.23,2023-03-21,8,155,"Los Angeles"
9801,"Board Game",Toys,304.62,2023-02-27,7,246,"Los Angeles"
9802,T-shirt,Clothing,153.36,2023-03-25,9,434,Houston
9803,Sofa,Furniture,403.86,2023-02-03,8,43,"Los Angeles"
9804,"Remote Control Car",Toys,980.83,2023-01-07,3,16,Chicago
9805,Desk,Furniture,393.35,2023-05-23,8,270,"Los Angeles"
9806,Mouse,Electronics,255.38,2023-05-11,9,48,Miami
9807,"Coffee Table",Furniture,993.00,2023-04-21,1,311,Miami
9808,Wardrobe,Furniture,333.37,2023-02-06,1,211,"New York"
9809,"Coffee Table",Furniture,111.46,2023-02-27,3,187,"New York"
9810,Headphones,Electronics,291.56,2023-01-25,9,330,Miami
9811,Wardrobe,Furniture,333.83,2023-01-31,9,369,"New York"
9812,T-shirt,Clothing,559.03,2023-05-22,3,479,Miami
9813,Mouse,Electronics,366.83,2023-02-10,1,232,"Los Angeles"
9814,"Non-fiction Book",Books,716.73,2023-06-19,6,495,"Los Angeles"
9815,"Coffee Table",Furniture,12.00,2023-05-05,5,27,Miami
9816,"Art Book",Books,165.10,2023-01-26,3,297,"Los Angeles"
9817,Speaker,Electronics,715.74,2023-05-15,6,324,Chicago
9818,Dress,Clothing,294.72,2023-02-13,4,472,Houston
9819,"Science Book",Books,100.03,2023-01-28,5,437,Miami
9820,Smartphone,Electronics,753.61,2023-04-14,7,169,Miami
9821,Dresser,Furniture,608.34,2023-01-07,4,338,"Los Angeles"
9822,Dress,Clothing,485.53,2023-04-24,7,293,Miami
9823,Jacket,Clothing,21.45,2023-01-20,5,45,Miami
9824,"Science Book",Books,820.25,2023-02-27,2,348,"New York"
9825,Bed,Furniture,53.87,2023-01-08,1,34,"Los Angeles"
9826,"Remote Control Car",Toys,24.22,2023-02-12,2,415,Miami
9827,"History Book",Books,582.10,2023-05-28,4,155,Chicago
9828,Shoes,Clothing,200.34,2023-02-11,6,44,Houston
9829,Dress,Clothing,155.11,2023-01-09,8,343,"New York"
9830,Dress,Clothing,125.85,2023-06-09,1,285,Houston
9831,"Action Figure",Toys,136.85,2023-02-17,9,353,Miami
9832,Headphones,Electronics,460.15,2023-01-27,4,180,Houston
9833,Jeans,Clothing,114.11,2023-04-21,8,426,"New York"
9834,"Fiction Book",Books,405.32,2023-06-01,10,198,"New York"
9835,Puzzle,Toys,738.29,2023-04-03,4,125,"New York"
9836,Speaker,Electronics,659.73,2023-02-28,7,102,"New York"
9837,"Board Game",Toys,202.42,2023-05-21,4,93,"New York"
9838,Jeans,Clothing,366.04,2023-05-16,7,57,Chicago
9839,Sofa,Furniture,956.32,2023-01-27,9,441,Miami
9840,Dress,Clothing,695.91,2023-05-14,7,426,Chicago
9841,Jeans,Clothing,252.44,2023-01-31,1,488,Chicago
9842,"Action Figure",Toys,944.11,2023-02-02,1,408,Miami
9843,Puzzle,Toys,861.38,2023-02-16,7,356,Chicago
9844,Mouse,Electronics,312.76,2023-05-29,2,229,Houston
9845,Chair,Furniture,107.66,2023-06-26,6,455,Miami
9846,Jacket,Clothing,524.88,2023-02-21,9,200,Chicago
9847,Puzzle,Toys,378.13,2023-06-06,3,207,Chicago
9848,Headphones,Electronics,864.62,2023-06-20,2,462,"New York"
9849,"Board Game",Toys,502.86,2023-01-06,7,66,Houston
9850,Wardrobe,Furniture,801.37,2023-03-04,4,330,"Los Angeles"
9851,Chair,Furniture,566.15,2023-03-10,3,435,Houston
9852,Monitor,Electronics,189.13,2023-01-08,7,33,Chicago
9853,"Action Figure",Toys,74.91,2023-06-21,6,398,"Los Angeles"
9854,Dress,Clothing,919.63,2023-01-17,8,123,"New York"
9855,"Remote Control Car",Toys,617.28,2023-04-21,3,153,Miami
9856,Dresser,Furniture,645.45,2023-02-10,2,132,Houston
9857,Puzzle,Toys,148.17,2023-06-11,1,266,Chicago
9858,"Board Game",Toys,218.47,2023-05-18,2,243,Miami
9859,Wardrobe,Furniture,153.58,2023-02-16,9,197,Chicago
9860,Tablet,Electronics,752.70,2023-01-18,3,408,Chicago
9861,"Art Book",Books,565.28,2023-01-29,2,18,Miami
9862,Bed,Furniture,726.19,2023-02-08,9,398,"Los Angeles"
9863,Speaker,Electronics,380.07,2023-06-18,6,462,Miami
9864,Smartwatch,Electronics,717.27,2023-05-18,7,24,"Los Angeles"
9865,Monitor,Electronics,793.79,2023-06-07,10,144,Chicago
9866,Dress,Clothing,682.03,2023-06-18,7,160,Houston
9867,"Fiction Book",Books,762.09,2023-03-06,5,199,Chicago
9868,Sofa,Furniture,224.93,2023-03-04,1,107,Miami
9869,"Remote Control Car",Toys,966.46,2023-06-22,9,293,"Los Angeles"
9870,Jacket,Clothing,399.41,2023-04-26,1,56,Chicago
9871,Desk,Furniture,202.72,2023-06-12,10,436,Houston
9872,Chair,Furniture,630.33,2023-04-30,5,102,Houston
9873,Doll,Toys,838.67,2023-02-25,1,126,"New York"
9874,"Board Game",Toys,277.26,2023-01-12,5,123,Houston
9875,Laptop,Electronics,329.23,2023-02-24,6,367,"New York"
9876,"Coffee Table",Furniture,329.17,2023-02-19,4,67,Chicago
9877,Camera,Electronics,959.75,2023-02-26,7,240,"Los Angeles"
9878,Bookshelf,Furniture,61.83,2023-01-30,7,333,Chicago
9879,Mouse,Electronics,414.83,2023-02-24,3,217,"Los Angeles"
9880,Dress,Clothing,610.77,2023-05-22,2,75,Chicago
9881,"Science Book",Books,959.49,2023-03-26,5,439,"New York"
9882,Jeans,Clothing,116.59,2023-04-29,10,374,Miami
9883,"Table Lamp",Furniture,167.00,2023-01-13,9,38,Houston
9884,"Science Book",Books,52.63,2023-05-31,1,307,Miami
9885,Smartwatch,Electronics,960.76,2023-05-23,1,8,Miami
9886,Laptop,Electronics,547.55,2023-01-29,2,107,Houston
9887,"Non-fiction Book",Books,569.48,2023-06-15,10,374,"New York"
9888,Doll,Toys,43.41,2023-02-06,9,409,Chicago
9889,"Fiction Book",Books,845.15,2023-05-01,9,14,Houston
9890,Jeans,Clothing,876.87,2023-04-18,4,470,Houston
9891,Jeans,Clothing,522.82,2023-03-23,7,39,"Los Angeles"
9892,Desk,Furniture,907.74,2023-03-27,7,409,"New York"
9893,Wardrobe,Furniture,323.35,2023-02-02,10,57,Houston
9894,Jeans,Clothing,848.03,2023-03-13,5,8,Houston
9895,"Non-fiction Book",Books,214.52,2023-02-20,8,467,Chicago
9896,Nightstand,Furniture,894.32,2023-05-11,10,298,"New York"
9897,"Science Book",Books,214.18,2023-04-12,2,72,"Los Angeles"
9898,"History Book",Books,313.91,2023-04-16,10,107,"New York"
9899,"History Book",Books,787.20,2023-01-13,10,367,Houston
9900,Bookshelf,Furniture,931.14,2023-04-14,1,326,"New York"
9901,Nightstand,Furniture,201.26,2023-01-19,9,97,"Los Angeles"
9902,"Fiction Book",Books,990.43,2023-05-18,9,455,"New York"
9903,Shoes,Clothing,554.05,2023-06-12,9,303,Chicago
9904,Bed,Furniture,361.80,2023-03-04,7,99,"New York"
9905,"Fiction Book",Books,195.81,2023-06-16,1,234,"New York"
9906,Shoes,Clothing,453.07,2023-02-20,1,177,Houston
9907,Desk,Furniture,758.84,2023-04-12,6,28,Houston
9908,"Remote Control Car",Toys,399.97,2023-03-25,2,119,Miami
9909,Chair,Furniture,696.08,2023-01-20,5,500,Chicago
9910,"Action Figure",Toys,731.56,2023-02-14,1,209,Miami
9911,"History Book",Books,863.75,2023-04-02,10,138,Chicago
9912,"History Book",Books,761.89,2023-04-17,7,303,Miami
9913,Headphones,Electronics,424.57,2023-05-24,8,81,Houston
9914,"Board Game",Toys,566.38,2023-03-28,7,30,"New York"
9915,"Non-fiction Book",Books,598.98,2023-05-25,3,335,Houston
9916,Jeans,Clothing,358.92,2023-05-05,4,403,Miami
9917,Headphones,Electronics,279.55,2023-02-21,6,46,Houston
9918,Headphones,Electronics,168.01,2023-04-29,8,460,"Los Angeles"
9919,Shoes,Clothing,139.04,2023-05-29,8,42,"Los Angeles"
9920,Camera,Electronics,925.87,2023-01-04,4,285,Miami
9921,"Science Book",Books,918.44,2023-06-12,8,13,Miami
9922,Sofa,Furniture,61.86,2023-04-15,8,432,"New York"
9923,Monitor,Electronics,481.81,2023-02-08,7,217,"Los Angeles"
9924,Dresser,Furniture,420.29,2023-01-10,10,401,"New York"
9925,"History Book",Books,435.40,2023-06-17,4,445,Chicago
9926,Dress,Clothing,548.42,2023-03-16,5,428,"New York"
9927,Dress,Clothing,401.67,2023-02-07,9,306,Chicago
9928,"Fiction Book",Books,215.91,2023-06-03,7,234,Chicago
9929,"Table Lamp",Furniture,34.47,2023-04-10,7,293,Miami
9930,Camera,Electronics,945.14,2023-01-10,5,9,Houston
9931,"Remote Control Car",Toys,542.94,2023-02-24,9,254,Miami
9932,"Remote Control Car",Toys,938.52,2023-06-06,6,43,Miami
9933,"Science Book",Books,962.94,2023-03-21,4,137,Chicago
9934,Wardrobe,Furniture,550.65,2023-02-13,6,46,Houston
9935,Dress,Clothing,415.79,2023-06-04,1,341,"Los Angeles"
9936,Sofa,Furniture,792.96,2023-01-22,3,342,Houston
9937,Doll,Toys,362.65,2023-01-25,6,287,"New York"
9938,"Art Book",Books,967.77,2023-06-13,7,256,Houston
9939,Jacket,Clothing,940.20,2023-04-25,4,421,"New York"
9940,Nightstand,Furniture,702.18,2023-05-23,9,425,Houston
9941,Smartphone,Electronics,939.27,2023-05-02,6,407,"Los Angeles"
9942,Dresser,Furniture,123.02,2023-05-12,3,127,"Los Angeles"
9943,Wardrobe,Furniture,758.09,2023-01-28,5,6,Chicago
9944,"Board Game",Toys,596.66,2023-05-13,10,147,Houston
9945,Doll,Toys,939.30,2023-05-01,6,300,Chicago
9946,"Table Lamp",Furniture,570.41,2023-02-15,6,479,"New York"
9947,"Action Figure",Toys,939.85,2023-02-19,6,450,Miami
9948,"History Book",Books,102.91,2023-05-06,2,395,Chicago
9949,"Non-fiction Book",Books,597.97,2023-06-17,9,280,"New York"
9950,Dresser,Furniture,387.80,2023-01-16,3,52,Houston
9951,Headphones,Electronics,123.04,2023-03-23,9,60,Miami
9952,Tablet,Electronics,520.04,2023-06-20,2,26,Houston
9953,Shoes,Clothing,549.24,2023-06-04,7,328,"Los Angeles"
9954,"Science Book",Books,573.78,2023-02-14,6,436,Houston
9955,Chair,Furniture,861.85,2023-06-03,7,414,"New York"
9956,Camera,Electronics,59.00,2023-05-27,9,498,"Los Angeles"
9957,Shoes,Clothing,198.47,2023-01-04,5,196,Chicago
9958,Nightstand,Furniture,107.08,2023-04-07,4,108,Miami
9959,Bookshelf,Furniture,808.72,2023-01-20,2,134,Miami
9960,Keyboard,Electronics,10.27,2023-05-09,6,257,Miami
9961,"Coffee Table",Furniture,748.86,2023-03-30,3,297,"Los Angeles"
9962,"Action Figure",Toys,267.97,2023-06-12,8,407,Miami
9963,Wardrobe,Furniture,249.60,2023-05-02,7,60,Houston
9964,Headphones,Electronics,341.40,2023-03-10,9,108,Chicago
9965,"Fiction Book",Books,111.08,2023-03-23,10,142,Houston
9966,Dresser,Furniture,278.27,2023-03-27,6,111,Chicago
9967,Doll,Toys,337.10,2023-06-20,8,381,Houston
9968,Puzzle,Toys,995.75,2023-05-05,5,132,Miami
9969,"Non-fiction Book",Books,644.55,2023-04-21,2,413,Houston
9970,Smartwatch,Electronics,803.57,2023-01-06,8,294,Houston
9971,Doll,Toys,938.00,2023-05-06,7,111,"New York"
9972,Doll,Toys,679.51,2023-04-03,6,87,"Los Angeles"
9973,"Science Book",Books,618.01,2023-04-12,10,88,Miami
9974,Sofa,Furniture,599.68,2023-02-13,5,184,Chicago
9975,"Non-fiction Book",Books,809.07,2023-02-28,3,35,Houston
9976,Dresser,Furniture,267.15,2023-02-28,9,49,"New York"
9977,"Board Game",Toys,47.64,2023-04-03,5,271,Chicago
9978,"Art Book",Books,615.00,2023-02-28,8,453,"Los Angeles"
9979,Wardrobe,Furniture,286.98,2023-06-20,9,273,"New York"
9980,"Remote Control Car",Toys,933.57,2023-01-02,3,74,"New York"
9981,"Science Book",Books,409.85,2023-04-01,3,457,Houston
9982,"Remote Control Car",Toys,202.65,2023-02-11,6,26,Houston
9983,"Board Game",Toys,100.84,2023-06-07,1,375,Chicago
9984,Sofa,Furniture,267.09,2023-04-02,8,112,Miami
9985,"History Book",Books,444.80,2023-02-01,6,110,Chicago
9986,Dress,Clothing,117.42,2023-06-05,10,140,Chicago
9987,Jeans,Clothing,458.69,2023-05-02,10,465,Houston
9988,Shoes,Clothing,656.53,2023-04-27,3,178,Miami
9989,Puzzle,Toys,496.86,2023-04-02,1,387,Houston
9990,Keyboard,Electronics,890.80,2023-01-26,1,407,Miami
9991,Smartphone,Electronics,671.11,2023-02-18,4,430,"Los Angeles"
9992,Puzzle,Toys,423.64,2023-02-12,10,448,Houston
9993,"Action Figure",Toys,904.67,2023-02-18,7,179,Miami
9994,Chair,Furniture,583.22,2023-04-05,9,372,"New York"
9995,Jacket,Clothing,244.11,2023-01-23,9,19,Chicago
9996,Jeans,Clothing,922.69,2023-04-17,3,112,Chicago
9997,"Remote Control Car",Toys,120.98,2023-05-08,2,395,"Los Angeles"
9998,"Art Book",Books,339.01,2023-02-07,1,247,"Los Angeles"
9999,Jeans,Clothing,994.54,2023-01-15,5,447,"New York"
10000,Dresser,Furniture,574.75,2023-06-10,8,493,Houston
